Recon ID,Transaction ID,Recon Date,Status,Issue Type,Amount Difference (INR),FX Rate Variance (%),Days to Resolve,Resolution Date
RECON000001,HDFC2026242409,2024-01-01,Matched,None,0.0,0.0,0,2024-01-01 00:00:00
RECON000002,HDFC2026432619,2024-01-01,Unmatched,Amount Mismatch,384.0,0.08839392383850614,7,2024-01-08
RECON000003,HDFC2026215014,2024-01-01,Matched,None,0.0,0.0,0,2024-01-01 00:00:00
RECON000004,HDFC2026991297,2024-01-01,Matched,None,0.0,0.0,0,2024-01-01 00:00:00
RECON000005,HDFC2026915573,2024-01-01,Matched,None,0.0,0.0,0,2024-01-01 00:00:00
RECON000006,HDFC2026722252,2024-01-01,Matched,None,0.0,0.0,0,2024-01-01 00:00:00
RECON000007,HDFC2026266881,2024-01-01,Matched,None,0.0,0.0,0,2024-01-01 00:00:00
RECON000008,HDFC2026250915,2024-01-01,Matched,None,0.0,0.0,0,2024-01-01 00:00:00
RECON000009,HDFC2026411421,2024-01-01,Unmatched,Missing Settlement,156748.0,100.0,6,2024-01-07
RECON000010,HDFC2026565609,2024-01-01,Unmatched,Amount Mismatch,2936.0,2.9024190120308035,11,2024-01-12
RECON000011,HDFC2026809809,2024-01-01,Matched,None,0.0,0.0,0,2024-01-01 00:00:00
RECON000012,HDFC2026999812,2024-01-01,Matched,None,0.0,0.0,0,2024-01-01 00:00:00
RECON000013,HDFC2026166463,2024-01-01,Matched,None,0.0,0.0,0,2024-01-01 00:00:00
RECON000014,HDFC2026598560,2024-01-01,Matched,None,0.0,0.0,0,2024-01-01 00:00:00
RECON000015,HDFC2026620585,2024-01-01,Unmatched,Missing Settlement,335846.0,100.0,13,2024-01-14
RECON000016,HDFC2026625814,2024-01-01,Matched,None,0.0,0.0,0,2024-01-01 00:00:00
RECON000017,HDFC2026389250,2024-01-01,Matched,None,0.0,0.0,0,2024-01-01 00:00:00
RECON000018,HDFC2026757212,2024-01-01,Matched,None,0.0,0.0,0,2024-01-01 00:00:00
RECON000019,HDFC2026730565,2024-01-01,Matched,None,0.0,0.0,0,2024-01-01 00:00:00
RECON000020,HDFC2026916949,2024-01-01,Unmatched,Missing Settlement,178431.0,100.0,12,2024-01-13
RECON000021,HDFC2026600338,2024-01-01,Duplicate,Duplicate Transaction,0.0,0.0,14,2024-01-15
RECON000022,HDFC2026248724,2024-01-01,Matched,None,0.0,0.0,0,2024-01-01 00:00:00
RECON000023,HDFC2026610996,2024-01-01,Matched,None,0.0,0.0,0,2024-01-01 00:00:00
RECON000024,HDFC2026196292,2024-01-01,Matched,None,0.0,0.0,0,2024-01-01 00:00:00
RECON000025,HDFC2026866208,2024-01-01,Matched,None,0.0,0.0,0,2024-01-01 00:00:00
RECON000026,HDFC2026253262,2024-01-01,Matched,None,0.0,0.0,0,2024-01-01 00:00:00
RECON000027,HDFC2026444528,2024-01-01,Matched,None,0.0,0.0,0,2024-01-01 00:00:00
RECON000028,HDFC2026700480,2024-01-01,Matched,None,0.0,0.0,0,2024-01-01 00:00:00
RECON000029,HDFC2026407669,2024-01-01,Matched,None,0.0,0.0,0,2024-01-01 00:00:00
RECON000030,HDFC2026746878,2024-01-01,Matched,None,0.0,0.0,0,2024-01-01 00:00:00
RECON000031,HDFC2026343152,2024-01-02,Matched,None,0.0,0.0,0,2024-01-02 00:00:00
RECON000032,HDFC2026198012,2024-01-02,Matched,None,0.0,0.0,0,2024-01-02 00:00:00
RECON000033,HDFC2026408340,2024-01-02,Matched,None,0.0,0.0,0,2024-01-02 00:00:00
RECON000034,HDFC2026934551,2024-01-02,Duplicate,Duplicate Transaction,0.0,0.0,5,2024-01-07
RECON000035,HDFC2026617125,2024-01-02,Matched,None,0.0,0.0,0,2024-01-02 00:00:00
RECON000036,HDFC2026551494,2024-01-02,Matched,None,0.0,0.0,0,2024-01-02 00:00:00
RECON000037,HDFC2026869423,2024-01-02,Unmatched,Amount Mismatch,-767.0,-0.14675746367896278,2,2024-01-04
RECON000038,HDFC2026777844,2024-01-02,Matched,None,0.0,0.0,0,2024-01-02 00:00:00
RECON000039,HDFC2026135107,2024-01-02,Matched,None,0.0,0.0,0,2024-01-02 00:00:00
RECON000040,HDFC2026388140,2024-01-02,Duplicate,Duplicate Transaction,0.0,0.0,13,2024-01-15
RECON000041,HDFC2026330548,2024-01-02,Matched,None,0.0,0.0,0,2024-01-02 00:00:00
RECON000042,HDFC2026311253,2024-01-02,Matched,None,0.0,0.0,0,2024-01-02 00:00:00
RECON000043,HDFC2026260175,2024-01-02,Matched,None,0.0,0.0,0,2024-01-02 00:00:00
RECON000044,HDFC2026840536,2024-01-02,Matched,None,0.0,0.0,0,2024-01-02 00:00:00
RECON000045,HDFC2026153852,2024-01-02,Matched,None,0.0,0.0,0,2024-01-02 00:00:00
RECON000046,HDFC2026564768,2024-01-02,Matched,None,0.0,0.0,0,2024-01-02 00:00:00
RECON000047,HDFC2026563421,2024-01-02,Duplicate,Duplicate Transaction,0.0,0.0,2,2024-01-04
RECON000048,HDFC2026918425,2024-01-02,Duplicate,Duplicate Transaction,0.0,0.0,8,2024-01-10
RECON000049,HDFC2026702059,2024-01-02,Matched,None,0.0,0.0,0,2024-01-02 00:00:00
RECON000050,HDFC2026247706,2024-01-02,Matched,None,0.0,0.0,0,2024-01-02 00:00:00
RECON000051,HDFC2026108620,2024-01-02,Matched,None,0.0,0.0,0,2024-01-02 00:00:00
RECON000052,HDFC2026566973,2024-01-02,Matched,None,0.0,0.0,0,2024-01-02 00:00:00
RECON000053,HDFC2026693782,2024-01-02,Matched,None,0.0,0.0,0,2024-01-02 00:00:00
RECON000054,HDFC2026536153,2024-01-02,Matched,None,0.0,0.0,0,2024-01-02 00:00:00
RECON000055,HDFC2026666558,2024-01-02,Matched,None,0.0,0.0,0,2024-01-02 00:00:00
RECON000056,HDFC2026293924,2024-01-02,Unmatched,Missing Settlement,117123.0,100.0,14,2024-01-16
RECON000057,HDFC2026679024,2024-01-02,Matched,None,0.0,0.0,0,2024-01-02 00:00:00
RECON000058,HDFC2026205364,2024-01-02,Matched,None,0.0,0.0,0,2024-01-02 00:00:00
RECON000059,HDFC2026761153,2024-01-03,Matched,None,0.0,0.0,0,2024-01-03 00:00:00
RECON000060,HDFC2026664183,2024-01-03,Duplicate,Duplicate Transaction,0.0,0.0,12,2024-01-15
RECON000061,HDFC2026431603,2024-01-03,Matched,None,0.0,0.0,0,2024-01-03 00:00:00
RECON000062,HDFC2026391121,2024-01-03,Matched,None,0.0,0.0,0,2024-01-03 00:00:00
RECON000063,HDFC2026231772,2024-01-03,Unmatched,FX Rate Discrepancy,0.0,-0.16,15,2024-01-18
RECON000064,HDFC2026348068,2024-01-03,Matched,None,0.0,0.0,0,2024-01-03 00:00:00
RECON000065,HDFC2026507723,2024-01-03,Matched,None,0.0,0.0,0,2024-01-03 00:00:00
RECON000066,HDFC2026361140,2024-01-03,Matched,None,0.0,0.0,0,2024-01-03 00:00:00
RECON000067,HDFC2026556879,2024-01-03,Matched,None,0.0,0.0,0,2024-01-03 00:00:00
RECON000068,HDFC2026565779,2024-01-03,Matched,None,0.0,0.0,0,2024-01-03 00:00:00
RECON000069,HDFC2026119110,2024-01-03,Matched,None,0.0,0.0,0,2024-01-03 00:00:00
RECON000070,HDFC2026114689,2024-01-03,Matched,None,0.0,0.0,0,2024-01-03 00:00:00
RECON000071,HDFC2026410489,2024-01-03,Unmatched,FX Rate Discrepancy,0.0,-0.3,15,2024-01-18
RECON000072,HDFC2026711893,2024-01-03,Matched,None,0.0,0.0,0,2024-01-03 00:00:00
RECON000073,HDFC2026454495,2024-01-03,Unmatched,Amount Mismatch,3710.0,0.913745840732376,4,2024-01-07
RECON000074,HDFC2026318464,2024-01-03,Matched,None,0.0,0.0,0,2024-01-03 00:00:00
RECON000075,HDFC2026598688,2024-01-03,Matched,None,0.0,0.0,0,2024-01-03 00:00:00
RECON000076,HDFC2026645052,2024-01-03,Matched,None,0.0,0.0,0,2024-01-03 00:00:00
RECON000077,HDFC2026367457,2024-01-03,Duplicate,Duplicate Transaction,0.0,0.0,14,2024-01-17
RECON000078,HDFC2026127734,2024-01-03,Matched,None,0.0,0.0,0,2024-01-03 00:00:00
RECON000079,HDFC2026703418,2024-01-03,Matched,None,0.0,0.0,0,2024-01-03 00:00:00
RECON000080,HDFC2026120678,2024-01-04,Matched,None,0.0,0.0,0,2024-01-04 00:00:00
RECON000081,HDFC2026335097,2024-01-04,Matched,None,0.0,0.0,0,2024-01-04 00:00:00
RECON000082,HDFC2026372323,2024-01-04,Matched,None,0.0,0.0,0,2024-01-04 00:00:00
RECON000083,HDFC2026922918,2024-01-04,Matched,None,0.0,0.0,0,2024-01-04 00:00:00
RECON000084,HDFC2026259652,2024-01-04,Matched,None,0.0,0.0,0,2024-01-04 00:00:00
RECON000085,HDFC2026163740,2024-01-04,Matched,None,0.0,0.0,0,2024-01-04 00:00:00
RECON000086,HDFC2026510518,2024-01-04,Matched,None,0.0,0.0,0,2024-01-04 00:00:00
RECON000087,HDFC2026798596,2024-01-04,Matched,None,0.0,0.0,0,2024-01-04 00:00:00
RECON000088,HDFC2026604366,2024-01-04,Matched,None,0.0,0.0,0,2024-01-04 00:00:00
RECON000089,HDFC2026549528,2024-01-04,Matched,None,0.0,0.0,0,2024-01-04 00:00:00
RECON000090,HDFC2026238840,2024-01-04,Matched,None,0.0,0.0,0,2024-01-04 00:00:00
RECON000091,HDFC2026733941,2024-01-04,Matched,None,0.0,0.0,0,2024-01-04 00:00:00
RECON000092,HDFC2026740706,2024-01-04,Matched,None,0.0,0.0,0,2024-01-04 00:00:00
RECON000093,HDFC2026439904,2024-01-04,Matched,None,0.0,0.0,0,2024-01-04 00:00:00
RECON000094,HDFC2026169785,2024-01-04,Matched,None,0.0,0.0,0,2024-01-04 00:00:00
RECON000095,HDFC2026597626,2024-01-04,Matched,None,0.0,0.0,0,2024-01-04 00:00:00
RECON000096,HDFC2026645362,2024-01-04,Matched,None,0.0,0.0,0,2024-01-04 00:00:00
RECON000097,HDFC2026210523,2024-01-04,Matched,None,0.0,0.0,0,2024-01-04 00:00:00
RECON000098,HDFC2026270595,2024-01-04,Matched,None,0.0,0.0,0,2024-01-04 00:00:00
RECON000099,HDFC2026396309,2024-01-04,Matched,None,0.0,0.0,0,2024-01-04 00:00:00
RECON000100,HDFC2026943570,2024-01-04,Matched,None,0.0,0.0,0,2024-01-04 00:00:00
RECON000101,HDFC2026108845,2024-01-04,Unmatched,Missing Settlement,87397.0,100.0,7,2024-01-11
RECON000102,HDFC2026152516,2024-01-04,Matched,None,0.0,0.0,0,2024-01-04 00:00:00
RECON000103,HDFC2026266553,2024-01-04,Matched,None,0.0,0.0,0,2024-01-04 00:00:00
RECON000104,HDFC2026980029,2024-01-04,Matched,None,0.0,0.0,0,2024-01-04 00:00:00
RECON000105,HDFC2026868152,2024-01-04,Matched,None,0.0,0.0,0,2024-01-04 00:00:00
RECON000106,HDFC2026257880,2024-01-04,Matched,None,0.0,0.0,0,2024-01-04 00:00:00
RECON000107,HDFC2026257692,2024-01-04,Matched,None,0.0,0.0,0,2024-01-04 00:00:00
RECON000108,HDFC2026535354,2024-01-05,Duplicate,Duplicate Transaction,0.0,0.0,8,2024-01-13
RECON000109,HDFC2026460489,2024-01-05,Matched,None,0.0,0.0,0,2024-01-05 00:00:00
RECON000110,HDFC2026338025,2024-01-05,Matched,None,0.0,0.0,0,2024-01-05 00:00:00
RECON000111,HDFC2026587505,2024-01-05,Unmatched,FX Rate Discrepancy,0.0,-0.27,6,2024-01-11
RECON000112,HDFC2026385423,2024-01-05,Matched,None,0.0,0.0,0,2024-01-05 00:00:00
RECON000113,HDFC2026306645,2024-01-05,Matched,None,0.0,0.0,0,2024-01-05 00:00:00
RECON000114,HDFC2026853924,2024-01-05,Matched,None,0.0,0.0,0,2024-01-05 00:00:00
RECON000115,HDFC2026603675,2024-01-05,Matched,None,0.0,0.0,0,2024-01-05 00:00:00
RECON000116,HDFC2026482372,2024-01-05,Matched,None,0.0,0.0,0,2024-01-05 00:00:00
RECON000117,HDFC2026756175,2024-01-05,Matched,None,0.0,0.0,0,2024-01-05 00:00:00
RECON000118,HDFC2026208644,2024-01-05,Unmatched,Amount Mismatch,519.0,0.3868371035665039,14,2024-01-19
RECON000119,HDFC2026355577,2024-01-05,Matched,None,0.0,0.0,0,2024-01-05 00:00:00
RECON000120,HDFC2026434136,2024-01-05,Matched,None,0.0,0.0,0,2024-01-05 00:00:00
RECON000121,HDFC2026139286,2024-01-05,Matched,None,0.0,0.0,0,2024-01-05 00:00:00
RECON000122,HDFC2026648316,2024-01-05,Matched,None,0.0,0.0,0,2024-01-05 00:00:00
RECON000123,HDFC2026293643,2024-01-05,Matched,None,0.0,0.0,0,2024-01-05 00:00:00
RECON000124,HDFC2026857135,2024-01-05,Matched,None,0.0,0.0,0,2024-01-05 00:00:00
RECON000125,HDFC2026388093,2024-01-05,Matched,None,0.0,0.0,0,2024-01-05 00:00:00
RECON000126,HDFC2026661091,2024-01-05,Matched,None,0.0,0.0,0,2024-01-05 00:00:00
RECON000127,HDFC2026670612,2024-01-05,Matched,None,0.0,0.0,0,2024-01-05 00:00:00
RECON000128,HDFC2026357579,2024-01-05,Unmatched,Amount Mismatch,4721.0,0.8778943923356715,2,2024-01-07
RECON000129,HDFC2026864607,2024-01-05,Matched,None,0.0,0.0,0,2024-01-05 00:00:00
RECON000130,HDFC2026977327,2024-01-05,Matched,None,0.0,0.0,0,2024-01-05 00:00:00
RECON000131,HDFC2026499707,2024-01-05,Duplicate,Duplicate Transaction,0.0,0.0,9,2024-01-14
RECON000132,HDFC2026812195,2024-01-05,Unmatched,FX Rate Discrepancy,0.0,-0.33,15,2024-01-20
RECON000133,HDFC2026914231,2024-01-05,Duplicate,Duplicate Transaction,0.0,0.0,11,2024-01-16
RECON000134,HDFC2026109738,2024-01-05,Duplicate,Duplicate Transaction,0.0,0.0,12,2024-01-17
RECON000135,HDFC2026709545,2024-01-05,Matched,None,0.0,0.0,0,2024-01-05 00:00:00
RECON000136,HDFC2026156949,2024-01-05,Matched,None,0.0,0.0,0,2024-01-05 00:00:00
RECON000137,HDFC2026731791,2024-01-05,Matched,None,0.0,0.0,0,2024-01-05 00:00:00
RECON000138,HDFC2026427208,2024-01-05,Matched,None,0.0,0.0,0,2024-01-05 00:00:00
RECON000139,HDFC2026930892,2024-01-05,Matched,None,0.0,0.0,0,2024-01-05 00:00:00
RECON000140,HDFC2026617392,2024-01-05,Unmatched,Missing Settlement,659304.0,100.0,9,2024-01-14
RECON000141,HDFC2026662761,2024-01-05,Matched,None,0.0,0.0,0,2024-01-05 00:00:00
RECON000142,HDFC2026549009,2024-01-05,Matched,None,0.0,0.0,0,2024-01-05 00:00:00
RECON000143,HDFC2026805483,2024-01-05,Matched,None,0.0,0.0,0,2024-01-05 00:00:00
RECON000144,HDFC2026923280,2024-01-05,Matched,None,0.0,0.0,0,2024-01-05 00:00:00
RECON000145,HDFC2026596908,2024-01-05,Matched,None,0.0,0.0,0,2024-01-05 00:00:00
RECON000146,HDFC2026518807,2024-01-05,Matched,None,0.0,0.0,0,2024-01-05 00:00:00
RECON000147,HDFC2026626086,2024-01-05,Matched,None,0.0,0.0,0,2024-01-05 00:00:00
RECON000148,HDFC2026823012,2024-01-06,Matched,None,0.0,0.0,0,2024-01-06 00:00:00
RECON000149,HDFC2026452622,2024-01-06,Unmatched,FX Rate Discrepancy,0.0,1.21,15,2024-01-21
RECON000150,HDFC2026298251,2024-01-06,Matched,None,0.0,0.0,0,2024-01-06 00:00:00
RECON000151,HDFC2026326299,2024-01-06,Matched,None,0.0,0.0,0,2024-01-06 00:00:00
RECON000152,HDFC2026996716,2024-01-06,Matched,None,0.0,0.0,0,2024-01-06 00:00:00
RECON000153,HDFC2026756361,2024-01-06,Matched,None,0.0,0.0,0,2024-01-06 00:00:00
RECON000154,HDFC2026456228,2024-01-06,Matched,None,0.0,0.0,0,2024-01-06 00:00:00
RECON000155,HDFC2026761301,2024-01-06,Matched,None,0.0,0.0,0,2024-01-06 00:00:00
RECON000156,HDFC2026112758,2024-01-06,Matched,None,0.0,0.0,0,2024-01-06 00:00:00
RECON000157,HDFC2026480441,2024-01-06,Matched,None,0.0,0.0,0,2024-01-06 00:00:00
RECON000158,HDFC2026451248,2024-01-06,Matched,None,0.0,0.0,0,2024-01-06 00:00:00
RECON000159,HDFC2026384739,2024-01-06,Matched,None,0.0,0.0,0,2024-01-06 00:00:00
RECON000160,HDFC2026289845,2024-01-06,Matched,None,0.0,0.0,0,2024-01-06 00:00:00
RECON000161,HDFC2026441433,2024-01-06,Unmatched,Amount Mismatch,4561.0,6.733196533754558,7,2024-01-13
RECON000162,HDFC2026121701,2024-01-06,Matched,None,0.0,0.0,0,2024-01-06 00:00:00
RECON000163,HDFC2026861876,2024-01-06,Matched,None,0.0,0.0,0,2024-01-06 00:00:00
RECON000164,HDFC2026655514,2024-01-06,Matched,None,0.0,0.0,0,2024-01-06 00:00:00
RECON000165,HDFC2026834680,2024-01-06,Matched,None,0.0,0.0,0,2024-01-06 00:00:00
RECON000166,HDFC2026833368,2024-01-06,Matched,None,0.0,0.0,0,2024-01-06 00:00:00
RECON000167,HDFC2026995521,2024-01-06,Matched,None,0.0,0.0,0,2024-01-06 00:00:00
RECON000168,HDFC2026811293,2024-01-06,Matched,None,0.0,0.0,0,2024-01-06 00:00:00
RECON000169,HDFC2026682789,2024-01-06,Unmatched,Amount Mismatch,-22.0,-0.007394585146967379,15,2024-01-21
RECON000170,HDFC2026353254,2024-01-06,Unmatched,FX Rate Discrepancy,0.0,0.64,15,2024-01-21
RECON000171,HDFC2026888360,2024-01-06,Matched,None,0.0,0.0,0,2024-01-06 00:00:00
RECON000172,HDFC2026726255,2024-01-07,Matched,None,0.0,0.0,0,2024-01-07 00:00:00
RECON000173,HDFC2026242613,2024-01-07,Matched,None,0.0,0.0,0,2024-01-07 00:00:00
RECON000174,HDFC2026215560,2024-01-07,Matched,None,0.0,0.0,0,2024-01-07 00:00:00
RECON000175,HDFC2026642877,2024-01-07,Matched,None,0.0,0.0,0,2024-01-07 00:00:00
RECON000176,HDFC2026405125,2024-01-07,Matched,None,0.0,0.0,0,2024-01-07 00:00:00
RECON000177,HDFC2026311459,2024-01-07,Matched,None,0.0,0.0,0,2024-01-07 00:00:00
RECON000178,HDFC2026252438,2024-01-07,Matched,None,0.0,0.0,0,2024-01-07 00:00:00
RECON000179,HDFC2026920087,2024-01-07,Matched,None,0.0,0.0,0,2024-01-07 00:00:00
RECON000180,HDFC2026418832,2024-01-07,Matched,None,0.0,0.0,0,2024-01-07 00:00:00
RECON000181,HDFC2026365359,2024-01-07,Matched,None,0.0,0.0,0,2024-01-07 00:00:00
RECON000182,HDFC2026981614,2024-01-07,Matched,None,0.0,0.0,0,2024-01-07 00:00:00
RECON000183,HDFC2026814029,2024-01-07,Matched,None,0.0,0.0,0,2024-01-07 00:00:00
RECON000184,HDFC2026537933,2024-01-07,Matched,None,0.0,0.0,0,2024-01-07 00:00:00
RECON000185,HDFC2026858232,2024-01-07,Duplicate,Duplicate Transaction,0.0,0.0,13,2024-01-20
RECON000186,HDFC2026185887,2024-01-07,Matched,None,0.0,0.0,0,2024-01-07 00:00:00
RECON000187,HDFC2026966713,2024-01-07,Matched,None,0.0,0.0,0,2024-01-07 00:00:00
RECON000188,HDFC2026470977,2024-01-07,Duplicate,Duplicate Transaction,0.0,0.0,5,2024-01-12
RECON000189,HDFC2026576314,2024-01-07,Matched,None,0.0,0.0,0,2024-01-07 00:00:00
RECON000190,HDFC2026248723,2024-01-07,Matched,None,0.0,0.0,0,2024-01-07 00:00:00
RECON000191,HDFC2026923039,2024-01-08,Matched,None,0.0,0.0,0,2024-01-08 00:00:00
RECON000192,HDFC2026283061,2024-01-08,Matched,None,0.0,0.0,0,2024-01-08 00:00:00
RECON000193,HDFC2026718570,2024-01-08,Matched,None,0.0,0.0,0,2024-01-08 00:00:00
RECON000194,HDFC2026505695,2024-01-08,Matched,None,0.0,0.0,0,2024-01-08 00:00:00
RECON000195,HDFC2026479170,2024-01-08,Duplicate,Duplicate Transaction,0.0,0.0,6,2024-01-14
RECON000196,HDFC2026673602,2024-01-08,Matched,None,0.0,0.0,0,2024-01-08 00:00:00
RECON000197,HDFC2026135574,2024-01-08,Matched,None,0.0,0.0,0,2024-01-08 00:00:00
RECON000198,HDFC2026815714,2024-01-08,Matched,None,0.0,0.0,0,2024-01-08 00:00:00
RECON000199,HDFC2026884489,2024-01-08,Matched,None,0.0,0.0,0,2024-01-08 00:00:00
RECON000200,HDFC2026498606,2024-01-08,Matched,None,0.0,0.0,0,2024-01-08 00:00:00
RECON000201,HDFC2026773436,2024-01-08,Matched,None,0.0,0.0,0,2024-01-08 00:00:00
RECON000202,HDFC2026728874,2024-01-08,Matched,None,0.0,0.0,0,2024-01-08 00:00:00
RECON000203,HDFC2026739165,2024-01-08,Duplicate,Duplicate Transaction,0.0,0.0,7,2024-01-15
RECON000204,HDFC2026238278,2024-01-08,Matched,None,0.0,0.0,0,2024-01-08 00:00:00
RECON000205,HDFC2026139298,2024-01-08,Unmatched,Amount Mismatch,1332.0,0.4342496479056909,3,2024-01-11
RECON000206,HDFC2026946270,2024-01-08,Matched,None,0.0,0.0,0,2024-01-08 00:00:00
RECON000207,HDFC2026610497,2024-01-08,Matched,None,0.0,0.0,0,2024-01-08 00:00:00
RECON000208,HDFC2026525167,2024-01-08,Matched,None,0.0,0.0,0,2024-01-08 00:00:00
RECON000209,HDFC2026780227,2024-01-08,Matched,None,0.0,0.0,0,2024-01-08 00:00:00
RECON000210,HDFC2026455735,2024-01-08,Matched,None,0.0,0.0,0,2024-01-08 00:00:00
RECON000211,HDFC2026304222,2024-01-08,Matched,None,0.0,0.0,0,2024-01-08 00:00:00
RECON000212,HDFC2026630306,2024-01-08,Matched,None,0.0,0.0,0,2024-01-08 00:00:00
RECON000213,HDFC2026634185,2024-01-08,Matched,None,0.0,0.0,0,2024-01-08 00:00:00
RECON000214,HDFC2026403680,2024-01-08,Matched,None,0.0,0.0,0,2024-01-08 00:00:00
RECON000215,HDFC2026916610,2024-01-08,Matched,None,0.0,0.0,0,2024-01-08 00:00:00
RECON000216,HDFC2026560295,2024-01-08,Matched,None,0.0,0.0,0,2024-01-08 00:00:00
RECON000217,HDFC2026577367,2024-01-08,Matched,None,0.0,0.0,0,2024-01-08 00:00:00
RECON000218,HDFC2026425752,2024-01-09,Matched,None,0.0,0.0,0,2024-01-09 00:00:00
RECON000219,HDFC2026227779,2024-01-09,Matched,None,0.0,0.0,0,2024-01-09 00:00:00
RECON000220,HDFC2026313490,2024-01-09,Matched,None,0.0,0.0,0,2024-01-09 00:00:00
RECON000221,HDFC2026726167,2024-01-09,Matched,None,0.0,0.0,0,2024-01-09 00:00:00
RECON000222,HDFC2026840445,2024-01-09,Matched,None,0.0,0.0,0,2024-01-09 00:00:00
RECON000223,HDFC2026868957,2024-01-09,Matched,None,0.0,0.0,0,2024-01-09 00:00:00
RECON000224,HDFC2026469773,2024-01-09,Matched,None,0.0,0.0,0,2024-01-09 00:00:00
RECON000225,HDFC2026179836,2024-01-09,Matched,None,0.0,0.0,0,2024-01-09 00:00:00
RECON000226,HDFC2026338573,2024-01-09,Matched,None,0.0,0.0,0,2024-01-09 00:00:00
RECON000227,HDFC2026112426,2024-01-09,Unmatched,FX Rate Discrepancy,0.0,0.4,15,2024-01-24
RECON000228,HDFC2026966711,2024-01-09,Matched,None,0.0,0.0,0,2024-01-09 00:00:00
RECON000229,HDFC2026116858,2024-01-09,Matched,None,0.0,0.0,0,2024-01-09 00:00:00
RECON000230,HDFC2026864259,2024-01-09,Matched,None,0.0,0.0,0,2024-01-09 00:00:00
RECON000231,HDFC2026431773,2024-01-09,Duplicate,Duplicate Transaction,0.0,0.0,6,2024-01-15
RECON000232,HDFC2026345221,2024-01-09,Matched,None,0.0,0.0,0,2024-01-09 00:00:00
RECON000233,HDFC2026525688,2024-01-09,Matched,None,0.0,0.0,0,2024-01-09 00:00:00
RECON000234,HDFC2026208120,2024-01-09,Matched,None,0.0,0.0,0,2024-01-09 00:00:00
RECON000235,HDFC2026975125,2024-01-09,Matched,None,0.0,0.0,0,2024-01-09 00:00:00
RECON000236,HDFC2026561622,2024-01-09,Matched,None,0.0,0.0,0,2024-01-09 00:00:00
RECON000237,HDFC2026886758,2024-01-09,Matched,None,0.0,0.0,0,2024-01-09 00:00:00
RECON000238,HDFC2026791025,2024-01-09,Matched,None,0.0,0.0,0,2024-01-09 00:00:00
RECON000239,HDFC2026112134,2024-01-09,Matched,None,0.0,0.0,0,2024-01-09 00:00:00
RECON000240,HDFC2026809868,2024-01-09,Matched,None,0.0,0.0,0,2024-01-09 00:00:00
RECON000241,HDFC2026537319,2024-01-09,Matched,None,0.0,0.0,0,2024-01-09 00:00:00
RECON000242,HDFC2026489014,2024-01-09,Matched,None,0.0,0.0,0,2024-01-09 00:00:00
RECON000243,HDFC2026488712,2024-01-09,Matched,None,0.0,0.0,0,2024-01-09 00:00:00
RECON000244,HDFC2026958706,2024-01-09,Matched,None,0.0,0.0,0,2024-01-09 00:00:00
RECON000245,HDFC2026673623,2024-01-09,Matched,None,0.0,0.0,0,2024-01-09 00:00:00
RECON000246,HDFC2026823607,2024-01-09,Matched,None,0.0,0.0,0,2024-01-09 00:00:00
RECON000247,HDFC2026369950,2024-01-09,Matched,None,0.0,0.0,0,2024-01-09 00:00:00
RECON000248,HDFC2026473950,2024-01-09,Matched,None,0.0,0.0,0,2024-01-09 00:00:00
RECON000249,HDFC2026952661,2024-01-09,Duplicate,Duplicate Transaction,0.0,0.0,8,2024-01-17
RECON000250,HDFC2026511876,2024-01-09,Matched,None,0.0,0.0,0,2024-01-09 00:00:00
RECON000251,HDFC2026597960,2024-01-09,Matched,None,0.0,0.0,0,2024-01-09 00:00:00
RECON000252,HDFC2026778545,2024-01-09,Matched,None,0.0,0.0,0,2024-01-09 00:00:00
RECON000253,HDFC2026223950,2024-01-09,Duplicate,Duplicate Transaction,0.0,0.0,1,2024-01-10
RECON000254,HDFC2026124647,2024-01-09,Matched,None,0.0,0.0,0,2024-01-09 00:00:00
RECON000255,HDFC2026311807,2024-01-09,Duplicate,Duplicate Transaction,0.0,0.0,7,2024-01-16
RECON000256,HDFC2026500984,2024-01-09,Matched,None,0.0,0.0,0,2024-01-09 00:00:00
RECON000257,HDFC2026727857,2024-01-10,Unmatched,Amount Mismatch,2124.0,0.731188422161481,11,2024-01-21
RECON000258,HDFC2026253197,2024-01-10,Matched,None,0.0,0.0,0,2024-01-10 00:00:00
RECON000259,HDFC2026557409,2024-01-10,Matched,None,0.0,0.0,0,2024-01-10 00:00:00
RECON000260,HDFC2026778661,2024-01-10,Matched,None,0.0,0.0,0,2024-01-10 00:00:00
RECON000261,HDFC2026247561,2024-01-10,Matched,None,0.0,0.0,0,2024-01-10 00:00:00
RECON000262,HDFC2026968734,2024-01-10,Matched,None,0.0,0.0,0,2024-01-10 00:00:00
RECON000263,HDFC2026333704,2024-01-10,Matched,None,0.0,0.0,0,2024-01-10 00:00:00
RECON000264,HDFC2026947278,2024-01-10,Matched,None,0.0,0.0,0,2024-01-10 00:00:00
RECON000265,HDFC2026604793,2024-01-10,Matched,None,0.0,0.0,0,2024-01-10 00:00:00
RECON000266,HDFC2026240983,2024-01-10,Matched,None,0.0,0.0,0,2024-01-10 00:00:00
RECON000267,HDFC2026608354,2024-01-10,Matched,None,0.0,0.0,0,2024-01-10 00:00:00
RECON000268,HDFC2026448762,2024-01-10,Matched,None,0.0,0.0,0,2024-01-10 00:00:00
RECON000269,HDFC2026709153,2024-01-10,Matched,None,0.0,0.0,0,2024-01-10 00:00:00
RECON000270,HDFC2026905858,2024-01-10,Matched,None,0.0,0.0,0,2024-01-10 00:00:00
RECON000271,HDFC2026627054,2024-01-10,Matched,None,0.0,0.0,0,2024-01-10 00:00:00
RECON000272,HDFC2026253868,2024-01-10,Matched,None,0.0,0.0,0,2024-01-10 00:00:00
RECON000273,HDFC2026480480,2024-01-10,Matched,None,0.0,0.0,0,2024-01-10 00:00:00
RECON000274,HDFC2026646513,2024-01-10,Matched,None,0.0,0.0,0,2024-01-10 00:00:00
RECON000275,HDFC2026638886,2024-01-10,Matched,None,0.0,0.0,0,2024-01-10 00:00:00
RECON000276,HDFC2026181969,2024-01-10,Matched,None,0.0,0.0,0,2024-01-10 00:00:00
RECON000277,HDFC2026691880,2024-01-10,Matched,None,0.0,0.0,0,2024-01-10 00:00:00
RECON000278,HDFC2026332888,2024-01-10,Matched,None,0.0,0.0,0,2024-01-10 00:00:00
RECON000279,HDFC2026205668,2024-01-10,Matched,None,0.0,0.0,0,2024-01-10 00:00:00
RECON000280,HDFC2026233426,2024-01-10,Matched,None,0.0,0.0,0,2024-01-10 00:00:00
RECON000281,HDFC2026346459,2024-01-10,Matched,None,0.0,0.0,0,2024-01-10 00:00:00
RECON000282,HDFC2026300051,2024-01-10,Matched,None,0.0,0.0,0,2024-01-10 00:00:00
RECON000283,HDFC2026456455,2024-01-10,Matched,None,0.0,0.0,0,2024-01-10 00:00:00
RECON000284,HDFC2026207832,2024-01-10,Matched,None,0.0,0.0,0,2024-01-10 00:00:00
RECON000285,HDFC2026957857,2024-01-10,Unmatched,FX Rate Discrepancy,0.0,0.59,3,2024-01-13
RECON000286,HDFC2026335959,2024-01-11,Matched,None,0.0,0.0,0,2024-01-11 00:00:00
RECON000287,HDFC2026590071,2024-01-11,Unmatched,Amount Mismatch,-4929.0,-1.768549315938472,1,2024-01-12
RECON000288,HDFC2026662416,2024-01-11,Matched,None,0.0,0.0,0,2024-01-11 00:00:00
RECON000289,HDFC2026920231,2024-01-11,Matched,None,0.0,0.0,0,2024-01-11 00:00:00
RECON000290,HDFC2026943883,2024-01-11,Matched,None,0.0,0.0,0,2024-01-11 00:00:00
RECON000291,HDFC2026381157,2024-01-11,Unmatched,Missing Settlement,140282.0,100.0,2,2024-01-13
RECON000292,HDFC2026329580,2024-01-11,Matched,None,0.0,0.0,0,2024-01-11 00:00:00
RECON000293,HDFC2026815079,2024-01-11,Duplicate,Duplicate Transaction,0.0,0.0,6,2024-01-17
RECON000294,HDFC2026961860,2024-01-11,Matched,None,0.0,0.0,0,2024-01-11 00:00:00
RECON000295,HDFC2026742187,2024-01-11,Matched,None,0.0,0.0,0,2024-01-11 00:00:00
RECON000296,HDFC2026201118,2024-01-11,Matched,None,0.0,0.0,0,2024-01-11 00:00:00
RECON000297,HDFC2026959048,2024-01-11,Unmatched,Amount Mismatch,2158.0,0.3962694117841488,11,2024-01-22
RECON000298,HDFC2026471755,2024-01-11,Matched,None,0.0,0.0,0,2024-01-11 00:00:00
RECON000299,HDFC2026506377,2024-01-11,Matched,None,0.0,0.0,0,2024-01-11 00:00:00
RECON000300,HDFC2026460212,2024-01-11,Matched,None,0.0,0.0,0,2024-01-11 00:00:00
RECON000301,HDFC2026343904,2024-01-11,Matched,None,0.0,0.0,0,2024-01-11 00:00:00
RECON000302,HDFC2026460857,2024-01-11,Matched,None,0.0,0.0,0,2024-01-11 00:00:00
RECON000303,HDFC2026191682,2024-01-11,Matched,None,0.0,0.0,0,2024-01-11 00:00:00
RECON000304,HDFC2026986904,2024-01-11,Matched,None,0.0,0.0,0,2024-01-11 00:00:00
RECON000305,HDFC2026505816,2024-01-11,Matched,None,0.0,0.0,0,2024-01-11 00:00:00
RECON000306,HDFC2026639085,2024-01-11,Matched,None,0.0,0.0,0,2024-01-11 00:00:00
RECON000307,HDFC2026198083,2024-01-11,Unmatched,Missing Settlement,303958.0,100.0,3,2024-01-14
RECON000308,HDFC2026951588,2024-01-11,Matched,None,0.0,0.0,0,2024-01-11 00:00:00
RECON000309,HDFC2026189915,2024-01-11,Matched,None,0.0,0.0,0,2024-01-11 00:00:00
RECON000310,HDFC2026715467,2024-01-12,Matched,None,0.0,0.0,0,2024-01-12 00:00:00
RECON000311,HDFC2026491769,2024-01-12,Matched,None,0.0,0.0,0,2024-01-12 00:00:00
RECON000312,HDFC2026542062,2024-01-12,Matched,None,0.0,0.0,0,2024-01-12 00:00:00
RECON000313,HDFC2026987130,2024-01-12,Matched,None,0.0,0.0,0,2024-01-12 00:00:00
RECON000314,HDFC2026545555,2024-01-12,Matched,None,0.0,0.0,0,2024-01-12 00:00:00
RECON000315,HDFC2026869735,2024-01-12,Matched,None,0.0,0.0,0,2024-01-12 00:00:00
RECON000316,HDFC2026241825,2024-01-12,Matched,None,0.0,0.0,0,2024-01-12 00:00:00
RECON000317,HDFC2026926600,2024-01-12,Duplicate,Duplicate Transaction,0.0,0.0,11,2024-01-23
RECON000318,HDFC2026232649,2024-01-12,Unmatched,FX Rate Discrepancy,0.0,-0.65,8,2024-01-20
RECON000319,HDFC2026661988,2024-01-12,Matched,None,0.0,0.0,0,2024-01-12 00:00:00
RECON000320,HDFC2026586519,2024-01-12,Matched,None,0.0,0.0,0,2024-01-12 00:00:00
RECON000321,HDFC2026672280,2024-01-12,Matched,None,0.0,0.0,0,2024-01-12 00:00:00
RECON000322,HDFC2026310115,2024-01-12,Matched,None,0.0,0.0,0,2024-01-12 00:00:00
RECON000323,HDFC2026858414,2024-01-12,Matched,None,0.0,0.0,0,2024-01-12 00:00:00
RECON000324,HDFC2026145881,2024-01-12,Matched,None,0.0,0.0,0,2024-01-12 00:00:00
RECON000325,HDFC2026278953,2024-01-12,Unmatched,Missing Settlement,314648.0,100.0,9,2024-01-21
RECON000326,HDFC2026186422,2024-01-12,Matched,None,0.0,0.0,0,2024-01-12 00:00:00
RECON000327,HDFC2026902097,2024-01-12,Matched,None,0.0,0.0,0,2024-01-12 00:00:00
RECON000328,HDFC2026337186,2024-01-12,Matched,None,0.0,0.0,0,2024-01-12 00:00:00
RECON000329,HDFC2026480395,2024-01-12,Unmatched,Amount Mismatch,-4878.0,-3.570539753180401,15,2024-01-27
RECON000330,HDFC2026383185,2024-01-12,Matched,None,0.0,0.0,0,2024-01-12 00:00:00
RECON000331,HDFC2026645427,2024-01-12,Matched,None,0.0,0.0,0,2024-01-12 00:00:00
RECON000332,HDFC2026259072,2024-01-12,Duplicate,Duplicate Transaction,0.0,0.0,13,2024-01-25
RECON000333,HDFC2026535092,2024-01-13,Matched,None,0.0,0.0,0,2024-01-13 00:00:00
RECON000334,HDFC2026137156,2024-01-13,Matched,None,0.0,0.0,0,2024-01-13 00:00:00
RECON000335,HDFC2026527009,2024-01-13,Matched,None,0.0,0.0,0,2024-01-13 00:00:00
RECON000336,HDFC2026719152,2024-01-13,Matched,None,0.0,0.0,0,2024-01-13 00:00:00
RECON000337,HDFC2026153321,2024-01-13,Matched,None,0.0,0.0,0,2024-01-13 00:00:00
RECON000338,HDFC2026510428,2024-01-13,Matched,None,0.0,0.0,0,2024-01-13 00:00:00
RECON000339,HDFC2026365486,2024-01-13,Matched,None,0.0,0.0,0,2024-01-13 00:00:00
RECON000340,HDFC2026705950,2024-01-13,Unmatched,Missing Settlement,139893.0,100.0,10,2024-01-23
RECON000341,HDFC2026176117,2024-01-13,Unmatched,Amount Mismatch,3246.0,3.619818674517413,12,2024-01-25
RECON000342,HDFC2026110239,2024-01-13,Matched,None,0.0,0.0,0,2024-01-13 00:00:00
RECON000343,HDFC2026746014,2024-01-13,Matched,None,0.0,0.0,0,2024-01-13 00:00:00
RECON000344,HDFC2026355007,2024-01-13,Unmatched,Amount Mismatch,-14.0,-0.010797387032338174,10,2024-01-23
RECON000345,HDFC2026215779,2024-01-13,Duplicate,Duplicate Transaction,0.0,0.0,2,2024-01-15
RECON000346,HDFC2026560807,2024-01-13,Matched,None,0.0,0.0,0,2024-01-13 00:00:00
RECON000347,HDFC2026754152,2024-01-13,Matched,None,0.0,0.0,0,2024-01-13 00:00:00
RECON000348,HDFC2026335228,2024-01-13,Matched,None,0.0,0.0,0,2024-01-13 00:00:00
RECON000349,HDFC2026621048,2024-01-13,Unmatched,FX Rate Discrepancy,0.0,-0.81,2,2024-01-15
RECON000350,HDFC2026473325,2024-01-13,Unmatched,Amount Mismatch,-247.0,-0.44016751314265345,2,2024-01-15
RECON000351,HDFC2026138133,2024-01-13,Matched,None,0.0,0.0,0,2024-01-13 00:00:00
RECON000352,HDFC2026517795,2024-01-13,Matched,None,0.0,0.0,0,2024-01-13 00:00:00
RECON000353,HDFC2026519225,2024-01-13,Matched,None,0.0,0.0,0,2024-01-13 00:00:00
RECON000354,HDFC2026386059,2024-01-13,Matched,None,0.0,0.0,0,2024-01-13 00:00:00
RECON000355,HDFC2026804889,2024-01-14,Matched,None,0.0,0.0,0,2024-01-14 00:00:00
RECON000356,HDFC2026801569,2024-01-14,Matched,None,0.0,0.0,0,2024-01-14 00:00:00
RECON000357,HDFC2026742116,2024-01-14,Matched,None,0.0,0.0,0,2024-01-14 00:00:00
RECON000358,HDFC2026495796,2024-01-14,Matched,None,0.0,0.0,0,2024-01-14 00:00:00
RECON000359,HDFC2026572852,2024-01-14,Matched,None,0.0,0.0,0,2024-01-14 00:00:00
RECON000360,HDFC2026676850,2024-01-14,Matched,None,0.0,0.0,0,2024-01-14 00:00:00
RECON000361,HDFC2026247133,2024-01-14,Matched,None,0.0,0.0,0,2024-01-14 00:00:00
RECON000362,HDFC2026841764,2024-01-14,Matched,None,0.0,0.0,0,2024-01-14 00:00:00
RECON000363,HDFC2026296293,2024-01-14,Matched,None,0.0,0.0,0,2024-01-14 00:00:00
RECON000364,HDFC2026921316,2024-01-14,Matched,None,0.0,0.0,0,2024-01-14 00:00:00
RECON000365,HDFC2026601405,2024-01-14,Matched,None,0.0,0.0,0,2024-01-14 00:00:00
RECON000366,HDFC2026497349,2024-01-14,Matched,None,0.0,0.0,0,2024-01-14 00:00:00
RECON000367,HDFC2026479825,2024-01-14,Matched,None,0.0,0.0,0,2024-01-14 00:00:00
RECON000368,HDFC2026120717,2024-01-14,Matched,None,0.0,0.0,0,2024-01-14 00:00:00
RECON000369,HDFC2026290272,2024-01-14,Unmatched,FX Rate Discrepancy,0.0,1.26,1,2024-01-15
RECON000370,HDFC2026100111,2024-01-14,Matched,None,0.0,0.0,0,2024-01-14 00:00:00
RECON000371,HDFC2026584617,2024-01-14,Matched,None,0.0,0.0,0,2024-01-14 00:00:00
RECON000372,HDFC2026724854,2024-01-14,Matched,None,0.0,0.0,0,2024-01-14 00:00:00
RECON000373,HDFC2026444622,2024-01-14,Matched,None,0.0,0.0,0,2024-01-14 00:00:00
RECON000374,HDFC2026463222,2024-01-14,Matched,None,0.0,0.0,0,2024-01-14 00:00:00
RECON000375,HDFC2026764544,2024-01-14,Matched,None,0.0,0.0,0,2024-01-14 00:00:00
RECON000376,HDFC2026322436,2024-01-14,Matched,None,0.0,0.0,0,2024-01-14 00:00:00
RECON000377,HDFC2026786002,2024-01-15,Matched,None,0.0,0.0,0,2024-01-15 00:00:00
RECON000378,HDFC2026863112,2024-01-15,Matched,None,0.0,0.0,0,2024-01-15 00:00:00
RECON000379,HDFC2026711087,2024-01-15,Matched,None,0.0,0.0,0,2024-01-15 00:00:00
RECON000380,HDFC2026676546,2024-01-15,Matched,None,0.0,0.0,0,2024-01-15 00:00:00
RECON000381,HDFC2026940848,2024-01-15,Matched,None,0.0,0.0,0,2024-01-15 00:00:00
RECON000382,HDFC2026574817,2024-01-15,Duplicate,Duplicate Transaction,0.0,0.0,8,2024-01-23
RECON000383,HDFC2026547481,2024-01-15,Matched,None,0.0,0.0,0,2024-01-15 00:00:00
RECON000384,HDFC2026836529,2024-01-15,Unmatched,FX Rate Discrepancy,0.0,-0.15,14,2024-01-29
RECON000385,HDFC2026387710,2024-01-15,Matched,None,0.0,0.0,0,2024-01-15 00:00:00
RECON000386,HDFC2026243057,2024-01-15,Matched,None,0.0,0.0,0,2024-01-15 00:00:00
RECON000387,HDFC2026672511,2024-01-15,Matched,None,0.0,0.0,0,2024-01-15 00:00:00
RECON000388,HDFC2026796529,2024-01-15,Matched,None,0.0,0.0,0,2024-01-15 00:00:00
RECON000389,HDFC2026786833,2024-01-15,Matched,None,0.0,0.0,0,2024-01-15 00:00:00
RECON000390,HDFC2026721885,2024-01-15,Matched,None,0.0,0.0,0,2024-01-15 00:00:00
RECON000391,HDFC2026770302,2024-01-15,Matched,None,0.0,0.0,0,2024-01-15 00:00:00
RECON000392,HDFC2026583691,2024-01-15,Duplicate,Duplicate Transaction,0.0,0.0,11,2024-01-26
RECON000393,HDFC2026919344,2024-01-15,Matched,None,0.0,0.0,0,2024-01-15 00:00:00
RECON000394,HDFC2026273867,2024-01-15,Matched,None,0.0,0.0,0,2024-01-15 00:00:00
RECON000395,HDFC2026425368,2024-01-15,Matched,None,0.0,0.0,0,2024-01-15 00:00:00
RECON000396,HDFC2026359917,2024-01-15,Matched,None,0.0,0.0,0,2024-01-15 00:00:00
RECON000397,HDFC2026779098,2024-01-15,Matched,None,0.0,0.0,0,2024-01-15 00:00:00
RECON000398,HDFC2026679148,2024-01-15,Matched,None,0.0,0.0,0,2024-01-15 00:00:00
RECON000399,HDFC2026487891,2024-01-15,Matched,None,0.0,0.0,0,2024-01-15 00:00:00
RECON000400,HDFC2026775192,2024-01-15,Matched,None,0.0,0.0,0,2024-01-15 00:00:00
RECON000401,HDFC2026107737,2024-01-15,Matched,None,0.0,0.0,0,2024-01-15 00:00:00
RECON000402,HDFC2026139592,2024-01-15,Matched,None,0.0,0.0,0,2024-01-15 00:00:00
RECON000403,HDFC2026528264,2024-01-15,Matched,None,0.0,0.0,0,2024-01-15 00:00:00
RECON000404,HDFC2026857367,2024-01-15,Matched,None,0.0,0.0,0,2024-01-15 00:00:00
RECON000405,HDFC2026262866,2024-01-15,Matched,None,0.0,0.0,0,2024-01-15 00:00:00
RECON000406,HDFC2026547241,2024-01-15,Matched,None,0.0,0.0,0,2024-01-15 00:00:00
RECON000407,HDFC2026555799,2024-01-15,Matched,None,0.0,0.0,0,2024-01-15 00:00:00
RECON000408,HDFC2026267712,2024-01-15,Matched,None,0.0,0.0,0,2024-01-15 00:00:00
RECON000409,HDFC2026378837,2024-01-15,Unmatched,Missing Settlement,607848.0,100.0,3,2024-01-18
RECON000410,HDFC2026621345,2024-01-15,Matched,None,0.0,0.0,0,2024-01-15 00:00:00
RECON000411,HDFC2026720298,2024-01-15,Matched,None,0.0,0.0,0,2024-01-15 00:00:00
RECON000412,HDFC2026124559,2024-01-15,Matched,None,0.0,0.0,0,2024-01-15 00:00:00
RECON000413,HDFC2026236250,2024-01-15,Matched,None,0.0,0.0,0,2024-01-15 00:00:00
RECON000414,HDFC2026427340,2024-01-15,Matched,None,0.0,0.0,0,2024-01-15 00:00:00
RECON000415,HDFC2026151969,2024-01-15,Matched,None,0.0,0.0,0,2024-01-15 00:00:00
RECON000416,HDFC2026556018,2024-01-15,Matched,None,0.0,0.0,0,2024-01-15 00:00:00
RECON000417,HDFC2026367542,2024-01-15,Unmatched,Missing Settlement,343884.0,100.0,15,2024-01-30
RECON000418,HDFC2026106951,2024-01-15,Matched,None,0.0,0.0,0,2024-01-15 00:00:00
RECON000419,HDFC2026335970,2024-01-15,Matched,None,0.0,0.0,0,2024-01-15 00:00:00
RECON000420,HDFC2026470307,2024-01-16,Matched,None,0.0,0.0,0,2024-01-16 00:00:00
RECON000421,HDFC2026899567,2024-01-16,Matched,None,0.0,0.0,0,2024-01-16 00:00:00
RECON000422,HDFC2026381015,2024-01-16,Matched,None,0.0,0.0,0,2024-01-16 00:00:00
RECON000423,HDFC2026517654,2024-01-16,Matched,None,0.0,0.0,0,2024-01-16 00:00:00
RECON000424,HDFC2026721540,2024-01-16,Duplicate,Duplicate Transaction,0.0,0.0,15,2024-01-31
RECON000425,HDFC2026819037,2024-01-16,Matched,None,0.0,0.0,0,2024-01-16 00:00:00
RECON000426,HDFC2026981578,2024-01-16,Matched,None,0.0,0.0,0,2024-01-16 00:00:00
RECON000427,HDFC2026896881,2024-01-16,Matched,None,0.0,0.0,0,2024-01-16 00:00:00
RECON000428,HDFC2026588317,2024-01-16,Unmatched,Amount Mismatch,-4193.0,-0.8995170968316318,7,2024-01-23
RECON000429,HDFC2026756916,2024-01-16,Matched,None,0.0,0.0,0,2024-01-16 00:00:00
RECON000430,HDFC2026128832,2024-01-16,Matched,None,0.0,0.0,0,2024-01-16 00:00:00
RECON000431,HDFC2026334349,2024-01-16,Matched,None,0.0,0.0,0,2024-01-16 00:00:00
RECON000432,HDFC2026503560,2024-01-16,Matched,None,0.0,0.0,0,2024-01-16 00:00:00
RECON000433,HDFC2026948924,2024-01-16,Unmatched,FX Rate Discrepancy,0.0,1.91,1,2024-01-17
RECON000434,HDFC2026814263,2024-01-16,Matched,None,0.0,0.0,0,2024-01-16 00:00:00
RECON000435,HDFC2026838726,2024-01-16,Matched,None,0.0,0.0,0,2024-01-16 00:00:00
RECON000436,HDFC2026190875,2024-01-16,Unmatched,Amount Mismatch,2363.0,0.5478188094503961,4,2024-01-20
RECON000437,HDFC2026204853,2024-01-16,Matched,None,0.0,0.0,0,2024-01-16 00:00:00
RECON000438,HDFC2026672017,2024-01-16,Matched,None,0.0,0.0,0,2024-01-16 00:00:00
RECON000439,HDFC2026124370,2024-01-16,Matched,None,0.0,0.0,0,2024-01-16 00:00:00
RECON000440,HDFC2026591503,2024-01-16,Matched,None,0.0,0.0,0,2024-01-16 00:00:00
RECON000441,HDFC2026560929,2024-01-16,Matched,None,0.0,0.0,0,2024-01-16 00:00:00
RECON000442,HDFC2026600827,2024-01-16,Matched,None,0.0,0.0,0,2024-01-16 00:00:00
RECON000443,HDFC2026146037,2024-01-16,Matched,None,0.0,0.0,0,2024-01-16 00:00:00
RECON000444,HDFC2026846725,2024-01-16,Matched,None,0.0,0.0,0,2024-01-16 00:00:00
RECON000445,HDFC2026770421,2024-01-16,Matched,None,0.0,0.0,0,2024-01-16 00:00:00
RECON000446,HDFC2026356717,2024-01-16,Matched,None,0.0,0.0,0,2024-01-16 00:00:00
RECON000447,HDFC2026928697,2024-01-16,Matched,None,0.0,0.0,0,2024-01-16 00:00:00
RECON000448,HDFC2026994101,2024-01-16,Matched,None,0.0,0.0,0,2024-01-16 00:00:00
RECON000449,HDFC2026628397,2024-01-17,Matched,None,0.0,0.0,0,2024-01-17 00:00:00
RECON000450,HDFC2026857292,2024-01-17,Matched,None,0.0,0.0,0,2024-01-17 00:00:00
RECON000451,HDFC2026139172,2024-01-17,Matched,None,0.0,0.0,0,2024-01-17 00:00:00
RECON000452,HDFC2026667036,2024-01-17,Matched,None,0.0,0.0,0,2024-01-17 00:00:00
RECON000453,HDFC2026904040,2024-01-17,Matched,None,0.0,0.0,0,2024-01-17 00:00:00
RECON000454,HDFC2026845627,2024-01-17,Matched,None,0.0,0.0,0,2024-01-17 00:00:00
RECON000455,HDFC2026207535,2024-01-17,Matched,None,0.0,0.0,0,2024-01-17 00:00:00
RECON000456,HDFC2026819764,2024-01-17,Matched,None,0.0,0.0,0,2024-01-17 00:00:00
RECON000457,HDFC2026282343,2024-01-17,Matched,None,0.0,0.0,0,2024-01-17 00:00:00
RECON000458,HDFC2026830789,2024-01-17,Matched,None,0.0,0.0,0,2024-01-17 00:00:00
RECON000459,HDFC2026476346,2024-01-17,Matched,None,0.0,0.0,0,2024-01-17 00:00:00
RECON000460,HDFC2026670730,2024-01-17,Matched,None,0.0,0.0,0,2024-01-17 00:00:00
RECON000461,HDFC2026119902,2024-01-17,Matched,None,0.0,0.0,0,2024-01-17 00:00:00
RECON000462,HDFC2026347651,2024-01-17,Matched,None,0.0,0.0,0,2024-01-17 00:00:00
RECON000463,HDFC2026534694,2024-01-17,Matched,None,0.0,0.0,0,2024-01-17 00:00:00
RECON000464,HDFC2026437544,2024-01-17,Matched,None,0.0,0.0,0,2024-01-17 00:00:00
RECON000465,HDFC2026297778,2024-01-17,Matched,None,0.0,0.0,0,2024-01-17 00:00:00
RECON000466,HDFC2026690161,2024-01-17,Matched,None,0.0,0.0,0,2024-01-17 00:00:00
RECON000467,HDFC2026566762,2024-01-17,Matched,None,0.0,0.0,0,2024-01-17 00:00:00
RECON000468,HDFC2026327759,2024-01-17,Matched,None,0.0,0.0,0,2024-01-17 00:00:00
RECON000469,HDFC2026694799,2024-01-17,Matched,None,0.0,0.0,0,2024-01-17 00:00:00
RECON000470,HDFC2026326916,2024-01-17,Matched,None,0.0,0.0,0,2024-01-17 00:00:00
RECON000471,HDFC2026238724,2024-01-17,Matched,None,0.0,0.0,0,2024-01-17 00:00:00
RECON000472,HDFC2026238826,2024-01-17,Matched,None,0.0,0.0,0,2024-01-17 00:00:00
RECON000473,HDFC2026474970,2024-01-18,Matched,None,0.0,0.0,0,2024-01-18 00:00:00
RECON000474,HDFC2026900314,2024-01-18,Unmatched,Missing Settlement,454362.0,100.0,10,2024-01-28
RECON000475,HDFC2026382922,2024-01-18,Unmatched,Amount Mismatch,-231.0,-0.036838580040187544,7,2024-01-25
RECON000476,HDFC2026707947,2024-01-18,Matched,None,0.0,0.0,0,2024-01-18 00:00:00
RECON000477,HDFC2026613704,2024-01-18,Unmatched,FX Rate Discrepancy,0.0,-1.3,11,2024-01-29
RECON000478,HDFC2026996336,2024-01-18,Matched,None,0.0,0.0,0,2024-01-18 00:00:00
RECON000479,HDFC2026596666,2024-01-18,Matched,None,0.0,0.0,0,2024-01-18 00:00:00
RECON000480,HDFC2026951945,2024-01-18,Matched,None,0.0,0.0,0,2024-01-18 00:00:00
RECON000481,HDFC2026640613,2024-01-18,Matched,None,0.0,0.0,0,2024-01-18 00:00:00
RECON000482,HDFC2026722795,2024-01-18,Matched,None,0.0,0.0,0,2024-01-18 00:00:00
RECON000483,HDFC2026294128,2024-01-18,Unmatched,Missing Settlement,137207.0,100.0,7,2024-01-25
RECON000484,HDFC2026687709,2024-01-18,Unmatched,Amount Mismatch,589.0,0.15921802056047987,3,2024-01-21
RECON000485,HDFC2026792947,2024-01-18,Matched,None,0.0,0.0,0,2024-01-18 00:00:00
RECON000486,HDFC2026216821,2024-01-18,Matched,None,0.0,0.0,0,2024-01-18 00:00:00
RECON000487,HDFC2026874346,2024-01-18,Matched,None,0.0,0.0,0,2024-01-18 00:00:00
RECON000488,HDFC2026129959,2024-01-18,Matched,None,0.0,0.0,0,2024-01-18 00:00:00
RECON000489,HDFC2026275373,2024-01-18,Matched,None,0.0,0.0,0,2024-01-18 00:00:00
RECON000490,HDFC2026637770,2024-01-18,Matched,None,0.0,0.0,0,2024-01-18 00:00:00
RECON000491,HDFC2026675714,2024-01-19,Matched,None,0.0,0.0,0,2024-01-19 00:00:00
RECON000492,HDFC2026859767,2024-01-19,Matched,None,0.0,0.0,0,2024-01-19 00:00:00
RECON000493,HDFC2026985908,2024-01-19,Unmatched,FX Rate Discrepancy,0.0,1.57,12,2024-01-31
RECON000494,HDFC2026191353,2024-01-19,Matched,None,0.0,0.0,0,2024-01-19 00:00:00
RECON000495,HDFC2026128693,2024-01-19,Matched,None,0.0,0.0,0,2024-01-19 00:00:00
RECON000496,HDFC2026365618,2024-01-19,Matched,None,0.0,0.0,0,2024-01-19 00:00:00
RECON000497,HDFC2026233778,2024-01-19,Unmatched,Amount Mismatch,2022.0,0.3920329292149841,11,2024-01-30
RECON000498,HDFC2026112389,2024-01-19,Matched,None,0.0,0.0,0,2024-01-19 00:00:00
RECON000499,HDFC2026413678,2024-01-19,Unmatched,Amount Mismatch,255.0,0.13328036963089177,7,2024-01-26
RECON000500,HDFC2026667296,2024-01-19,Matched,None,0.0,0.0,0,2024-01-19 00:00:00
RECON000501,HDFC2026197730,2024-01-19,Matched,None,0.0,0.0,0,2024-01-19 00:00:00
RECON000502,HDFC2026246740,2024-01-19,Matched,None,0.0,0.0,0,2024-01-19 00:00:00
RECON000503,HDFC2026718312,2024-01-19,Matched,None,0.0,0.0,0,2024-01-19 00:00:00
RECON000504,HDFC2026177492,2024-01-19,Unmatched,Amount Mismatch,983.0,0.2739634399551848,10,2024-01-29
RECON000505,HDFC2026909639,2024-01-19,Matched,None,0.0,0.0,0,2024-01-19 00:00:00
RECON000506,HDFC2026756683,2024-01-19,Matched,None,0.0,0.0,0,2024-01-19 00:00:00
RECON000507,HDFC2026886122,2024-01-19,Unmatched,Missing Settlement,244809.0,100.0,8,2024-01-27
RECON000508,HDFC2026521546,2024-01-19,Matched,None,0.0,0.0,0,2024-01-19 00:00:00
RECON000509,HDFC2026175532,2024-01-19,Unmatched,Missing Settlement,288905.0,100.0,7,2024-01-26
RECON000510,HDFC2026449142,2024-01-19,Matched,None,0.0,0.0,0,2024-01-19 00:00:00
RECON000511,HDFC2026490119,2024-01-19,Matched,None,0.0,0.0,0,2024-01-19 00:00:00
RECON000512,HDFC2026603735,2024-01-19,Matched,None,0.0,0.0,0,2024-01-19 00:00:00
RECON000513,HDFC2026279355,2024-01-19,Matched,None,0.0,0.0,0,2024-01-19 00:00:00
RECON000514,HDFC2026570005,2024-01-19,Unmatched,Amount Mismatch,-4685.0,-3.4293703427174376,3,2024-01-22
RECON000515,HDFC2026781846,2024-01-19,Matched,None,0.0,0.0,0,2024-01-19 00:00:00
RECON000516,HDFC2026570818,2024-01-19,Matched,None,0.0,0.0,0,2024-01-19 00:00:00
RECON000517,HDFC2026849245,2024-01-19,Unmatched,Amount Mismatch,-1083.0,-0.2292645751301918,8,2024-01-27
RECON000518,HDFC2026745602,2024-01-20,Matched,None,0.0,0.0,0,2024-01-20 00:00:00
RECON000519,HDFC2026635835,2024-01-20,Matched,None,0.0,0.0,0,2024-01-20 00:00:00
RECON000520,HDFC2026131350,2024-01-20,Matched,None,0.0,0.0,0,2024-01-20 00:00:00
RECON000521,HDFC2026833775,2024-01-20,Matched,None,0.0,0.0,0,2024-01-20 00:00:00
RECON000522,HDFC2026454290,2024-01-20,Matched,None,0.0,0.0,0,2024-01-20 00:00:00
RECON000523,HDFC2026845191,2024-01-20,Matched,None,0.0,0.0,0,2024-01-20 00:00:00
RECON000524,HDFC2026167480,2024-01-20,Matched,None,0.0,0.0,0,2024-01-20 00:00:00
RECON000525,HDFC2026220034,2024-01-20,Matched,None,0.0,0.0,0,2024-01-20 00:00:00
RECON000526,HDFC2026180171,2024-01-20,Matched,None,0.0,0.0,0,2024-01-20 00:00:00
RECON000527,HDFC2026262470,2024-01-20,Unmatched,Amount Mismatch,-2863.0,-1.6348135924215,4,2024-01-24
RECON000528,HDFC2026198867,2024-01-20,Matched,None,0.0,0.0,0,2024-01-20 00:00:00
RECON000529,HDFC2026548672,2024-01-20,Matched,None,0.0,0.0,0,2024-01-20 00:00:00
RECON000530,HDFC2026516471,2024-01-20,Matched,None,0.0,0.0,0,2024-01-20 00:00:00
RECON000531,HDFC2026135087,2024-01-20,Matched,None,0.0,0.0,0,2024-01-20 00:00:00
RECON000532,HDFC2026528644,2024-01-20,Matched,None,0.0,0.0,0,2024-01-20 00:00:00
RECON000533,HDFC2026460351,2024-01-20,Matched,None,0.0,0.0,0,2024-01-20 00:00:00
RECON000534,HDFC2026410576,2024-01-20,Unmatched,FX Rate Discrepancy,0.0,-0.4,4,2024-01-24
RECON000535,HDFC2026977787,2024-01-20,Unmatched,Amount Mismatch,1998.0,3.9960000000000004,10,2024-01-30
RECON000536,HDFC2026331109,2024-01-20,Matched,None,0.0,0.0,0,2024-01-20 00:00:00
RECON000537,HDFC2026444722,2024-01-20,Matched,None,0.0,0.0,0,2024-01-20 00:00:00
RECON000538,HDFC2026104750,2024-01-20,Matched,None,0.0,0.0,0,2024-01-20 00:00:00
RECON000539,HDFC2026547871,2024-01-20,Matched,None,0.0,0.0,0,2024-01-20 00:00:00
RECON000540,HDFC2026478399,2024-01-20,Matched,None,0.0,0.0,0,2024-01-20 00:00:00
RECON000541,HDFC2026793218,2024-01-20,Matched,None,0.0,0.0,0,2024-01-20 00:00:00
RECON000542,HDFC2026494895,2024-01-20,Matched,None,0.0,0.0,0,2024-01-20 00:00:00
RECON000543,HDFC2026437891,2024-01-20,Matched,None,0.0,0.0,0,2024-01-20 00:00:00
RECON000544,HDFC2026477735,2024-01-20,Matched,None,0.0,0.0,0,2024-01-20 00:00:00
RECON000545,HDFC2026842161,2024-01-20,Matched,None,0.0,0.0,0,2024-01-20 00:00:00
RECON000546,HDFC2026479181,2024-01-20,Matched,None,0.0,0.0,0,2024-01-20 00:00:00
RECON000547,HDFC2026515943,2024-01-20,Matched,None,0.0,0.0,0,2024-01-20 00:00:00
RECON000548,HDFC2026382207,2024-01-20,Matched,None,0.0,0.0,0,2024-01-20 00:00:00
RECON000549,HDFC2026870881,2024-01-21,Matched,None,0.0,0.0,0,2024-01-21 00:00:00
RECON000550,HDFC2026717673,2024-01-21,Matched,None,0.0,0.0,0,2024-01-21 00:00:00
RECON000551,HDFC2026450771,2024-01-21,Matched,None,0.0,0.0,0,2024-01-21 00:00:00
RECON000552,HDFC2026178811,2024-01-21,Unmatched,Amount Mismatch,1183.0,0.1783563176280268,10,2024-01-31
RECON000553,HDFC2026567296,2024-01-21,Matched,None,0.0,0.0,0,2024-01-21 00:00:00
RECON000554,HDFC2026190420,2024-01-21,Matched,None,0.0,0.0,0,2024-01-21 00:00:00
RECON000555,HDFC2026108772,2024-01-21,Unmatched,Missing Settlement,244301.0,100.0,2,2024-01-23
RECON000556,HDFC2026907837,2024-01-21,Matched,None,0.0,0.0,0,2024-01-21 00:00:00
RECON000557,HDFC2026870222,2024-01-21,Matched,None,0.0,0.0,0,2024-01-21 00:00:00
RECON000558,HDFC2026478343,2024-01-21,Matched,None,0.0,0.0,0,2024-01-21 00:00:00
RECON000559,HDFC2026556065,2024-01-21,Matched,None,0.0,0.0,0,2024-01-21 00:00:00
RECON000560,HDFC2026590001,2024-01-21,Matched,None,0.0,0.0,0,2024-01-21 00:00:00
RECON000561,HDFC2026983708,2024-01-21,Unmatched,FX Rate Discrepancy,0.0,-1.67,1,2024-01-22
RECON000562,HDFC2026574795,2024-01-21,Matched,None,0.0,0.0,0,2024-01-21 00:00:00
RECON000563,HDFC2026756451,2024-01-21,Matched,None,0.0,0.0,0,2024-01-21 00:00:00
RECON000564,HDFC2026100126,2024-01-21,Matched,None,0.0,0.0,0,2024-01-21 00:00:00
RECON000565,HDFC2026414754,2024-01-21,Unmatched,Amount Mismatch,2340.0,0.9240647793104265,10,2024-01-31
RECON000566,HDFC2026582874,2024-01-21,Matched,None,0.0,0.0,0,2024-01-21 00:00:00
RECON000567,HDFC2026385320,2024-01-21,Matched,None,0.0,0.0,0,2024-01-21 00:00:00
RECON000568,HDFC2026955462,2024-01-21,Matched,None,0.0,0.0,0,2024-01-21 00:00:00
RECON000569,HDFC2026138532,2024-01-21,Matched,None,0.0,0.0,0,2024-01-21 00:00:00
RECON000570,HDFC2026410373,2024-01-21,Matched,None,0.0,0.0,0,2024-01-21 00:00:00
RECON000571,HDFC2026825972,2024-01-21,Matched,None,0.0,0.0,0,2024-01-21 00:00:00
RECON000572,HDFC2026627815,2024-01-21,Matched,None,0.0,0.0,0,2024-01-21 00:00:00
RECON000573,HDFC2026912289,2024-01-21,Matched,None,0.0,0.0,0,2024-01-21 00:00:00
RECON000574,HDFC2026601328,2024-01-21,Matched,None,0.0,0.0,0,2024-01-21 00:00:00
RECON000575,HDFC2026913233,2024-01-21,Matched,None,0.0,0.0,0,2024-01-21 00:00:00
RECON000576,HDFC2026456035,2024-01-21,Matched,None,0.0,0.0,0,2024-01-21 00:00:00
RECON000577,HDFC2026895221,2024-01-21,Matched,None,0.0,0.0,0,2024-01-21 00:00:00
RECON000578,HDFC2026521749,2024-01-21,Matched,None,0.0,0.0,0,2024-01-21 00:00:00
RECON000579,HDFC2026371569,2024-01-22,Matched,None,0.0,0.0,0,2024-01-22 00:00:00
RECON000580,HDFC2026110339,2024-01-22,Matched,None,0.0,0.0,0,2024-01-22 00:00:00
RECON000581,HDFC2026147226,2024-01-22,Duplicate,Duplicate Transaction,0.0,0.0,1,2024-01-23
RECON000582,HDFC2026300794,2024-01-22,Matched,None,0.0,0.0,0,2024-01-22 00:00:00
RECON000583,HDFC2026958430,2024-01-22,Matched,None,0.0,0.0,0,2024-01-22 00:00:00
RECON000584,HDFC2026229301,2024-01-22,Matched,None,0.0,0.0,0,2024-01-22 00:00:00
RECON000585,HDFC2026199357,2024-01-22,Matched,None,0.0,0.0,0,2024-01-22 00:00:00
RECON000586,HDFC2026167332,2024-01-22,Matched,None,0.0,0.0,0,2024-01-22 00:00:00
RECON000587,HDFC2026674338,2024-01-22,Matched,None,0.0,0.0,0,2024-01-22 00:00:00
RECON000588,HDFC2026693883,2024-01-22,Matched,None,0.0,0.0,0,2024-01-22 00:00:00
RECON000589,HDFC2026653176,2024-01-22,Matched,None,0.0,0.0,0,2024-01-22 00:00:00
RECON000590,HDFC2026383648,2024-01-22,Matched,None,0.0,0.0,0,2024-01-22 00:00:00
RECON000591,HDFC2026101561,2024-01-22,Unmatched,Missing Settlement,243670.0,100.0,12,2024-02-03
RECON000592,HDFC2026405417,2024-01-22,Matched,None,0.0,0.0,0,2024-01-22 00:00:00
RECON000593,HDFC2026715783,2024-01-22,Duplicate,Duplicate Transaction,0.0,0.0,2,2024-01-24
RECON000594,HDFC2026629864,2024-01-22,Matched,None,0.0,0.0,0,2024-01-22 00:00:00
RECON000595,HDFC2026747987,2024-01-22,Matched,None,0.0,0.0,0,2024-01-22 00:00:00
RECON000596,HDFC2026892771,2024-01-22,Unmatched,Missing Settlement,268541.0,100.0,1,2024-01-23
RECON000597,HDFC2026589878,2024-01-22,Matched,None,0.0,0.0,0,2024-01-22 00:00:00
RECON000598,HDFC2026484818,2024-01-22,Matched,None,0.0,0.0,0,2024-01-22 00:00:00
RECON000599,HDFC2026114772,2024-01-22,Unmatched,Amount Mismatch,-3008.0,-6.016,2,2024-01-24
RECON000600,HDFC2026641358,2024-01-22,Matched,None,0.0,0.0,0,2024-01-22 00:00:00
RECON000601,HDFC2026109363,2024-01-22,Matched,None,0.0,0.0,0,2024-01-22 00:00:00
RECON000602,HDFC2026966859,2024-01-22,Matched,None,0.0,0.0,0,2024-01-22 00:00:00
RECON000603,HDFC2026743909,2024-01-22,Matched,None,0.0,0.0,0,2024-01-22 00:00:00
RECON000604,HDFC2026141316,2024-01-22,Matched,None,0.0,0.0,0,2024-01-22 00:00:00
RECON000605,HDFC2026410591,2024-01-22,Matched,None,0.0,0.0,0,2024-01-22 00:00:00
RECON000606,HDFC2026821816,2024-01-23,Matched,None,0.0,0.0,0,2024-01-23 00:00:00
RECON000607,HDFC2026797558,2024-01-23,Matched,None,0.0,0.0,0,2024-01-23 00:00:00
RECON000608,HDFC2026649906,2024-01-23,Matched,None,0.0,0.0,0,2024-01-23 00:00:00
RECON000609,HDFC2026546892,2024-01-23,Matched,None,0.0,0.0,0,2024-01-23 00:00:00
RECON000610,HDFC2026445429,2024-01-23,Matched,None,0.0,0.0,0,2024-01-23 00:00:00
RECON000611,HDFC2026578090,2024-01-23,Matched,None,0.0,0.0,0,2024-01-23 00:00:00
RECON000612,HDFC2026946335,2024-01-23,Matched,None,0.0,0.0,0,2024-01-23 00:00:00
RECON000613,HDFC2026662848,2024-01-23,Matched,None,0.0,0.0,0,2024-01-23 00:00:00
RECON000614,HDFC2026867665,2024-01-23,Matched,None,0.0,0.0,0,2024-01-23 00:00:00
RECON000615,HDFC2026296231,2024-01-23,Matched,None,0.0,0.0,0,2024-01-23 00:00:00
RECON000616,HDFC2026145011,2024-01-23,Matched,None,0.0,0.0,0,2024-01-23 00:00:00
RECON000617,HDFC2026821867,2024-01-23,Matched,None,0.0,0.0,0,2024-01-23 00:00:00
RECON000618,HDFC2026488368,2024-01-23,Matched,None,0.0,0.0,0,2024-01-23 00:00:00
RECON000619,HDFC2026715138,2024-01-23,Duplicate,Duplicate Transaction,0.0,0.0,8,2024-01-31
RECON000620,HDFC2026538065,2024-01-23,Matched,None,0.0,0.0,0,2024-01-23 00:00:00
RECON000621,HDFC2026215930,2024-01-23,Unmatched,Amount Mismatch,-552.0,-0.385814333841229,2,2024-01-25
RECON000622,HDFC2026736700,2024-01-23,Matched,None,0.0,0.0,0,2024-01-23 00:00:00
RECON000623,HDFC2026425580,2024-01-23,Matched,None,0.0,0.0,0,2024-01-23 00:00:00
RECON000624,HDFC2026989243,2024-01-23,Matched,None,0.0,0.0,0,2024-01-23 00:00:00
RECON000625,HDFC2026327530,2024-01-23,Matched,None,0.0,0.0,0,2024-01-23 00:00:00
RECON000626,HDFC2026631099,2024-01-23,Matched,None,0.0,0.0,0,2024-01-23 00:00:00
RECON000627,HDFC2026491530,2024-01-23,Matched,None,0.0,0.0,0,2024-01-23 00:00:00
RECON000628,HDFC2026524596,2024-01-23,Matched,None,0.0,0.0,0,2024-01-23 00:00:00
RECON000629,HDFC2026468790,2024-01-23,Matched,None,0.0,0.0,0,2024-01-23 00:00:00
RECON000630,HDFC2026414849,2024-01-23,Matched,None,0.0,0.0,0,2024-01-23 00:00:00
RECON000631,HDFC2026154120,2024-01-23,Matched,None,0.0,0.0,0,2024-01-23 00:00:00
RECON000632,HDFC2026684795,2024-01-23,Matched,None,0.0,0.0,0,2024-01-23 00:00:00
RECON000633,HDFC2026649991,2024-01-24,Matched,None,0.0,0.0,0,2024-01-24 00:00:00
RECON000634,HDFC2026447203,2024-01-24,Matched,None,0.0,0.0,0,2024-01-24 00:00:00
RECON000635,HDFC2026122280,2024-01-24,Matched,None,0.0,0.0,0,2024-01-24 00:00:00
RECON000636,HDFC2026907734,2024-01-24,Matched,None,0.0,0.0,0,2024-01-24 00:00:00
RECON000637,HDFC2026608595,2024-01-24,Matched,None,0.0,0.0,0,2024-01-24 00:00:00
RECON000638,HDFC2026497492,2024-01-24,Unmatched,FX Rate Discrepancy,0.0,1.44,2,2024-01-26
RECON000639,HDFC2026477054,2024-01-24,Matched,None,0.0,0.0,0,2024-01-24 00:00:00
RECON000640,HDFC2026861420,2024-01-24,Matched,None,0.0,0.0,0,2024-01-24 00:00:00
RECON000641,HDFC2026948338,2024-01-24,Matched,None,0.0,0.0,0,2024-01-24 00:00:00
RECON000642,HDFC2026549218,2024-01-24,Matched,None,0.0,0.0,0,2024-01-24 00:00:00
RECON000643,HDFC2026305215,2024-01-24,Matched,None,0.0,0.0,0,2024-01-24 00:00:00
RECON000644,HDFC2026666330,2024-01-24,Unmatched,Amount Mismatch,-2428.0,-0.15589065054170073,1,2024-01-25
RECON000645,HDFC2026259002,2024-01-24,Matched,None,0.0,0.0,0,2024-01-24 00:00:00
RECON000646,HDFC2026246566,2024-01-24,Matched,None,0.0,0.0,0,2024-01-24 00:00:00
RECON000647,HDFC2026906747,2024-01-24,Matched,None,0.0,0.0,0,2024-01-24 00:00:00
RECON000648,HDFC2026711709,2024-01-24,Unmatched,Missing Settlement,290121.0,100.0,9,2024-02-02
RECON000649,HDFC2026185168,2024-01-24,Matched,None,0.0,0.0,0,2024-01-24 00:00:00
RECON000650,HDFC2026719145,2024-01-24,Matched,None,0.0,0.0,0,2024-01-24 00:00:00
RECON000651,HDFC2026234640,2024-01-24,Matched,None,0.0,0.0,0,2024-01-24 00:00:00
RECON000652,HDFC2026316646,2024-01-24,Matched,None,0.0,0.0,0,2024-01-24 00:00:00
RECON000653,HDFC2026402573,2024-01-25,Matched,None,0.0,0.0,0,2024-01-25 00:00:00
RECON000654,HDFC2026555200,2024-01-25,Matched,None,0.0,0.0,0,2024-01-25 00:00:00
RECON000655,HDFC2026503149,2024-01-25,Matched,None,0.0,0.0,0,2024-01-25 00:00:00
RECON000656,HDFC2026142820,2024-01-25,Matched,None,0.0,0.0,0,2024-01-25 00:00:00
RECON000657,HDFC2026661525,2024-01-25,Matched,None,0.0,0.0,0,2024-01-25 00:00:00
RECON000658,HDFC2026321634,2024-01-25,Duplicate,Duplicate Transaction,0.0,0.0,7,2024-02-01
RECON000659,HDFC2026628252,2024-01-25,Matched,None,0.0,0.0,0,2024-01-25 00:00:00
RECON000660,HDFC2026735103,2024-01-25,Matched,None,0.0,0.0,0,2024-01-25 00:00:00
RECON000661,HDFC2026550898,2024-01-25,Matched,None,0.0,0.0,0,2024-01-25 00:00:00
RECON000662,HDFC2026556013,2024-01-25,Matched,None,0.0,0.0,0,2024-01-25 00:00:00
RECON000663,HDFC2026811839,2024-01-25,Matched,None,0.0,0.0,0,2024-01-25 00:00:00
RECON000664,HDFC2026930875,2024-01-25,Matched,None,0.0,0.0,0,2024-01-25 00:00:00
RECON000665,HDFC2026517722,2024-01-25,Matched,None,0.0,0.0,0,2024-01-25 00:00:00
RECON000666,HDFC2026907141,2024-01-25,Matched,None,0.0,0.0,0,2024-01-25 00:00:00
RECON000667,HDFC2026856443,2024-01-25,Matched,None,0.0,0.0,0,2024-01-25 00:00:00
RECON000668,HDFC2026190127,2024-01-25,Duplicate,Duplicate Transaction,0.0,0.0,2,2024-01-27
RECON000669,HDFC2026805796,2024-01-25,Matched,None,0.0,0.0,0,2024-01-25 00:00:00
RECON000670,HDFC2026410051,2024-01-25,Matched,None,0.0,0.0,0,2024-01-25 00:00:00
RECON000671,HDFC2026683879,2024-01-25,Matched,None,0.0,0.0,0,2024-01-25 00:00:00
RECON000672,HDFC2026667167,2024-01-25,Matched,None,0.0,0.0,0,2024-01-25 00:00:00
RECON000673,HDFC2026231788,2024-01-25,Matched,None,0.0,0.0,0,2024-01-25 00:00:00
RECON000674,HDFC2026397752,2024-01-25,Matched,None,0.0,0.0,0,2024-01-25 00:00:00
RECON000675,HDFC2026892495,2024-01-25,Unmatched,Amount Mismatch,3779.0,0.6310154355826582,2,2024-01-27
RECON000676,HDFC2026762574,2024-01-25,Matched,None,0.0,0.0,0,2024-01-25 00:00:00
RECON000677,HDFC2026987197,2024-01-25,Unmatched,Missing Settlement,127560.0,100.0,5,2024-01-30
RECON000678,HDFC2026875167,2024-01-25,Matched,None,0.0,0.0,0,2024-01-25 00:00:00
RECON000679,HDFC2026137609,2024-01-25,Unmatched,FX Rate Discrepancy,0.0,0.56,12,2024-02-06
RECON000680,HDFC2026525212,2024-01-26,Unmatched,Missing Settlement,185352.0,100.0,10,2024-02-05
RECON000681,HDFC2026505380,2024-01-26,Matched,None,0.0,0.0,0,2024-01-26 00:00:00
RECON000682,HDFC2026762462,2024-01-26,Matched,None,0.0,0.0,0,2024-01-26 00:00:00
RECON000683,HDFC2026884853,2024-01-26,Matched,None,0.0,0.0,0,2024-01-26 00:00:00
RECON000684,HDFC2026189963,2024-01-26,Matched,None,0.0,0.0,0,2024-01-26 00:00:00
RECON000685,HDFC2026869884,2024-01-26,Matched,None,0.0,0.0,0,2024-01-26 00:00:00
RECON000686,HDFC2026152749,2024-01-26,Matched,None,0.0,0.0,0,2024-01-26 00:00:00
RECON000687,HDFC2026777922,2024-01-26,Unmatched,Amount Mismatch,-302.0,-0.11459100119144286,6,2024-02-01
RECON000688,HDFC2026539742,2024-01-26,Matched,None,0.0,0.0,0,2024-01-26 00:00:00
RECON000689,HDFC2026400579,2024-01-26,Matched,None,0.0,0.0,0,2024-01-26 00:00:00
RECON000690,HDFC2026202564,2024-01-26,Matched,None,0.0,0.0,0,2024-01-26 00:00:00
RECON000691,HDFC2026783616,2024-01-26,Matched,None,0.0,0.0,0,2024-01-26 00:00:00
RECON000692,HDFC2026342765,2024-01-26,Matched,None,0.0,0.0,0,2024-01-26 00:00:00
RECON000693,HDFC2026558700,2024-01-26,Matched,None,0.0,0.0,0,2024-01-26 00:00:00
RECON000694,HDFC2026208033,2024-01-26,Matched,None,0.0,0.0,0,2024-01-26 00:00:00
RECON000695,HDFC2026492344,2024-01-26,Matched,None,0.0,0.0,0,2024-01-26 00:00:00
RECON000696,HDFC2026128381,2024-01-26,Unmatched,Amount Mismatch,4809.0,0.7530724227353018,9,2024-02-04
RECON000697,HDFC2026200575,2024-01-26,Matched,None,0.0,0.0,0,2024-01-26 00:00:00
RECON000698,HDFC2026590476,2024-01-26,Matched,None,0.0,0.0,0,2024-01-26 00:00:00
RECON000699,HDFC2026796241,2024-01-26,Matched,None,0.0,0.0,0,2024-01-26 00:00:00
RECON000700,HDFC2026252067,2024-01-26,Matched,None,0.0,0.0,0,2024-01-26 00:00:00
RECON000701,HDFC2026470932,2024-01-26,Matched,None,0.0,0.0,0,2024-01-26 00:00:00
RECON000702,HDFC2026540372,2024-01-27,Matched,None,0.0,0.0,0,2024-01-27 00:00:00
RECON000703,HDFC2026929026,2024-01-27,Unmatched,Missing Settlement,98022.0,100.0,6,2024-02-02
RECON000704,HDFC2026370881,2024-01-27,Matched,None,0.0,0.0,0,2024-01-27 00:00:00
RECON000705,HDFC2026666067,2024-01-27,Matched,None,0.0,0.0,0,2024-01-27 00:00:00
RECON000706,HDFC2026672604,2024-01-27,Matched,None,0.0,0.0,0,2024-01-27 00:00:00
RECON000707,HDFC2026834430,2024-01-27,Matched,None,0.0,0.0,0,2024-01-27 00:00:00
RECON000708,HDFC2026285821,2024-01-27,Matched,None,0.0,0.0,0,2024-01-27 00:00:00
RECON000709,HDFC2026287300,2024-01-27,Matched,None,0.0,0.0,0,2024-01-27 00:00:00
RECON000710,HDFC2026450781,2024-01-27,Matched,None,0.0,0.0,0,2024-01-27 00:00:00
RECON000711,HDFC2026378258,2024-01-27,Duplicate,Duplicate Transaction,0.0,0.0,14,2024-02-10
RECON000712,HDFC2026725874,2024-01-27,Matched,None,0.0,0.0,0,2024-01-27 00:00:00
RECON000713,HDFC2026497429,2024-01-27,Matched,None,0.0,0.0,0,2024-01-27 00:00:00
RECON000714,HDFC2026849121,2024-01-27,Unmatched,Amount Mismatch,-3929.0,-2.2093762125139875,7,2024-02-03
RECON000715,HDFC2026888705,2024-01-27,Unmatched,Missing Settlement,1166841.0,100.0,2,2024-01-29
RECON000716,HDFC2026866490,2024-01-27,Matched,None,0.0,0.0,0,2024-01-27 00:00:00
RECON000717,HDFC2026611745,2024-01-27,Matched,None,0.0,0.0,0,2024-01-27 00:00:00
RECON000718,HDFC2026362147,2024-01-27,Matched,None,0.0,0.0,0,2024-01-27 00:00:00
RECON000719,HDFC2026382117,2024-01-27,Matched,None,0.0,0.0,0,2024-01-27 00:00:00
RECON000720,HDFC2026901852,2024-01-27,Matched,None,0.0,0.0,0,2024-01-27 00:00:00
RECON000721,HDFC2026880629,2024-01-27,Unmatched,Missing Settlement,119879.0,100.0,11,2024-02-07
RECON000722,HDFC2026850899,2024-01-28,Duplicate,Duplicate Transaction,0.0,0.0,8,2024-02-05
RECON000723,HDFC2026422038,2024-01-28,Matched,None,0.0,0.0,0,2024-01-28 00:00:00
RECON000724,HDFC2026799879,2024-01-28,Matched,None,0.0,0.0,0,2024-01-28 00:00:00
RECON000725,HDFC2026289844,2024-01-28,Matched,None,0.0,0.0,0,2024-01-28 00:00:00
RECON000726,HDFC2026282313,2024-01-28,Matched,None,0.0,0.0,0,2024-01-28 00:00:00
RECON000727,HDFC2026315774,2024-01-28,Matched,None,0.0,0.0,0,2024-01-28 00:00:00
RECON000728,HDFC2026304721,2024-01-28,Matched,None,0.0,0.0,0,2024-01-28 00:00:00
RECON000729,HDFC2026783675,2024-01-28,Matched,None,0.0,0.0,0,2024-01-28 00:00:00
RECON000730,HDFC2026548782,2024-01-28,Matched,None,0.0,0.0,0,2024-01-28 00:00:00
RECON000731,HDFC2026563847,2024-01-28,Matched,None,0.0,0.0,0,2024-01-28 00:00:00
RECON000732,HDFC2026220783,2024-01-28,Matched,None,0.0,0.0,0,2024-01-28 00:00:00
RECON000733,HDFC2026596355,2024-01-28,Duplicate,Duplicate Transaction,0.0,0.0,13,2024-02-10
RECON000734,HDFC2026482556,2024-01-28,Matched,None,0.0,0.0,0,2024-01-28 00:00:00
RECON000735,HDFC2026815838,2024-01-28,Matched,None,0.0,0.0,0,2024-01-28 00:00:00
RECON000736,HDFC2026710749,2024-01-28,Unmatched,Missing Settlement,334157.0,100.0,3,2024-01-31
RECON000737,HDFC2026623724,2024-01-28,Matched,None,0.0,0.0,0,2024-01-28 00:00:00
RECON000738,HDFC2026841729,2024-01-28,Matched,None,0.0,0.0,0,2024-01-28 00:00:00
RECON000739,HDFC2026711869,2024-01-28,Matched,None,0.0,0.0,0,2024-01-28 00:00:00
RECON000740,HDFC2026522429,2024-01-28,Matched,None,0.0,0.0,0,2024-01-28 00:00:00
RECON000741,HDFC2026657394,2024-01-29,Unmatched,FX Rate Discrepancy,0.0,-1.6,11,2024-02-09
RECON000742,HDFC2026596581,2024-01-29,Matched,None,0.0,0.0,0,2024-01-29 00:00:00
RECON000743,HDFC2026636161,2024-01-29,Unmatched,Missing Settlement,53336.0,100.0,11,2024-02-09
RECON000744,HDFC2026148426,2024-01-29,Matched,None,0.0,0.0,0,2024-01-29 00:00:00
RECON000745,HDFC2026222959,2024-01-29,Unmatched,Missing Settlement,271663.0,100.0,4,2024-02-02
RECON000746,HDFC2026182289,2024-01-29,Matched,None,0.0,0.0,0,2024-01-29 00:00:00
RECON000747,HDFC2026841880,2024-01-29,Matched,None,0.0,0.0,0,2024-01-29 00:00:00
RECON000748,HDFC2026674032,2024-01-29,Matched,None,0.0,0.0,0,2024-01-29 00:00:00
RECON000749,HDFC2026122484,2024-01-29,Matched,None,0.0,0.0,0,2024-01-29 00:00:00
RECON000750,HDFC2026300519,2024-01-29,Matched,None,0.0,0.0,0,2024-01-29 00:00:00
RECON000751,HDFC2026523482,2024-01-29,Unmatched,Missing Settlement,50000.0,100.0,1,2024-01-30
RECON000752,HDFC2026541528,2024-01-29,Matched,None,0.0,0.0,0,2024-01-29 00:00:00
RECON000753,HDFC2026414905,2024-01-29,Matched,None,0.0,0.0,0,2024-01-29 00:00:00
RECON000754,HDFC2026754739,2024-01-29,Matched,None,0.0,0.0,0,2024-01-29 00:00:00
RECON000755,HDFC2026702918,2024-01-29,Matched,None,0.0,0.0,0,2024-01-29 00:00:00
RECON000756,HDFC2026426199,2024-01-29,Matched,None,0.0,0.0,0,2024-01-29 00:00:00
RECON000757,HDFC2026810477,2024-01-29,Matched,None,0.0,0.0,0,2024-01-29 00:00:00
RECON000758,HDFC2026947975,2024-01-29,Matched,None,0.0,0.0,0,2024-01-29 00:00:00
RECON000759,HDFC2026999099,2024-01-29,Unmatched,FX Rate Discrepancy,0.0,1.86,13,2024-02-11
RECON000760,HDFC2026969750,2024-01-29,Matched,None,0.0,0.0,0,2024-01-29 00:00:00
RECON000761,HDFC2026686087,2024-01-29,Matched,None,0.0,0.0,0,2024-01-29 00:00:00
RECON000762,HDFC2026736899,2024-01-29,Matched,None,0.0,0.0,0,2024-01-29 00:00:00
RECON000763,HDFC2026697479,2024-01-29,Matched,None,0.0,0.0,0,2024-01-29 00:00:00
RECON000764,HDFC2026622811,2024-01-29,Matched,None,0.0,0.0,0,2024-01-29 00:00:00
RECON000765,HDFC2026640549,2024-01-30,Matched,None,0.0,0.0,0,2024-01-30 00:00:00
RECON000766,HDFC2026293922,2024-01-30,Matched,None,0.0,0.0,0,2024-01-30 00:00:00
RECON000767,HDFC2026124460,2024-01-30,Matched,None,0.0,0.0,0,2024-01-30 00:00:00
RECON000768,HDFC2026879935,2024-01-30,Matched,None,0.0,0.0,0,2024-01-30 00:00:00
RECON000769,HDFC2026414767,2024-01-30,Matched,None,0.0,0.0,0,2024-01-30 00:00:00
RECON000770,HDFC2026384190,2024-01-30,Matched,None,0.0,0.0,0,2024-01-30 00:00:00
RECON000771,HDFC2026876124,2024-01-30,Unmatched,Missing Settlement,640110.0,100.0,9,2024-02-08
RECON000772,HDFC2026933575,2024-01-30,Matched,None,0.0,0.0,0,2024-01-30 00:00:00
RECON000773,HDFC2026756781,2024-01-30,Matched,None,0.0,0.0,0,2024-01-30 00:00:00
RECON000774,HDFC2026804671,2024-01-30,Matched,None,0.0,0.0,0,2024-01-30 00:00:00
RECON000775,HDFC2026971227,2024-01-30,Matched,None,0.0,0.0,0,2024-01-30 00:00:00
RECON000776,HDFC2026578454,2024-01-30,Matched,None,0.0,0.0,0,2024-01-30 00:00:00
RECON000777,HDFC2026872941,2024-01-30,Matched,None,0.0,0.0,0,2024-01-30 00:00:00
RECON000778,HDFC2026174782,2024-01-30,Matched,None,0.0,0.0,0,2024-01-30 00:00:00
RECON000779,HDFC2026893899,2024-01-30,Matched,None,0.0,0.0,0,2024-01-30 00:00:00
RECON000780,HDFC2026161040,2024-01-30,Matched,None,0.0,0.0,0,2024-01-30 00:00:00
RECON000781,HDFC2026105302,2024-01-30,Matched,None,0.0,0.0,0,2024-01-30 00:00:00
RECON000782,HDFC2026815319,2024-01-30,Unmatched,Missing Settlement,135011.0,100.0,7,2024-02-06
RECON000783,HDFC2026755643,2024-01-30,Matched,None,0.0,0.0,0,2024-01-30 00:00:00
RECON000784,HDFC2026548317,2024-01-30,Matched,None,0.0,0.0,0,2024-01-30 00:00:00
RECON000785,HDFC2026804392,2024-01-30,Unmatched,Missing Settlement,437311.0,100.0,10,2024-02-09
RECON000786,HDFC2026105010,2024-01-31,Matched,None,0.0,0.0,0,2024-01-31 00:00:00
RECON000787,HDFC2026345657,2024-01-31,Matched,None,0.0,0.0,0,2024-01-31 00:00:00
RECON000788,HDFC2026118108,2024-01-31,Unmatched,Amount Mismatch,2255.0,2.0926520536758293,13,2024-02-13
RECON000789,HDFC2026649009,2024-01-31,Matched,None,0.0,0.0,0,2024-01-31 00:00:00
RECON000790,HDFC2026615929,2024-01-31,Matched,None,0.0,0.0,0,2024-01-31 00:00:00
RECON000791,HDFC2026623288,2024-01-31,Matched,None,0.0,0.0,0,2024-01-31 00:00:00
RECON000792,HDFC2026744424,2024-01-31,Matched,None,0.0,0.0,0,2024-01-31 00:00:00
RECON000793,HDFC2026867543,2024-01-31,Matched,None,0.0,0.0,0,2024-01-31 00:00:00
RECON000794,HDFC2026537493,2024-01-31,Matched,None,0.0,0.0,0,2024-01-31 00:00:00
RECON000795,HDFC2026284377,2024-01-31,Unmatched,Amount Mismatch,-3491.0,-1.2364744009775621,1,2024-02-01
RECON000796,HDFC2026865732,2024-01-31,Duplicate,Duplicate Transaction,0.0,0.0,9,2024-02-09
RECON000797,HDFC2026305171,2024-01-31,Matched,None,0.0,0.0,0,2024-01-31 00:00:00
RECON000798,HDFC2026711568,2024-01-31,Matched,None,0.0,0.0,0,2024-01-31 00:00:00
RECON000799,HDFC2026209862,2024-01-31,Matched,None,0.0,0.0,0,2024-01-31 00:00:00
RECON000800,HDFC2026847613,2024-01-31,Matched,None,0.0,0.0,0,2024-01-31 00:00:00
RECON000801,HDFC2026275207,2024-01-31,Matched,None,0.0,0.0,0,2024-01-31 00:00:00
RECON000802,HDFC2026967962,2024-01-31,Matched,None,0.0,0.0,0,2024-01-31 00:00:00
RECON000803,HDFC2026310701,2024-01-31,Matched,None,0.0,0.0,0,2024-01-31 00:00:00
RECON000804,HDFC2026878201,2024-01-31,Matched,None,0.0,0.0,0,2024-01-31 00:00:00
RECON000805,HDFC2026383621,2024-02-01,Matched,None,0.0,0.0,0,2024-02-01 00:00:00
RECON000806,HDFC2026783675,2024-02-01,Matched,None,0.0,0.0,0,2024-02-01 00:00:00
RECON000807,HDFC2026890825,2024-02-01,Matched,None,0.0,0.0,0,2024-02-01 00:00:00
RECON000808,HDFC2026409979,2024-02-01,Unmatched,FX Rate Discrepancy,0.0,1.85,11,2024-02-12
RECON000809,HDFC2026796862,2024-02-01,Matched,None,0.0,0.0,0,2024-02-01 00:00:00
RECON000810,HDFC2026776737,2024-02-01,Unmatched,Missing Settlement,116473.0,100.0,11,2024-02-12
RECON000811,HDFC2026585513,2024-02-01,Matched,None,0.0,0.0,0,2024-02-01 00:00:00
RECON000812,HDFC2026914854,2024-02-01,Unmatched,Missing Settlement,637221.0,100.0,3,2024-02-04
RECON000813,HDFC2026989587,2024-02-01,Matched,None,0.0,0.0,0,2024-02-01 00:00:00
RECON000814,HDFC2026691655,2024-02-01,Matched,None,0.0,0.0,0,2024-02-01 00:00:00
RECON000815,HDFC2026243254,2024-02-01,Matched,None,0.0,0.0,0,2024-02-01 00:00:00
RECON000816,HDFC2026731135,2024-02-01,Matched,None,0.0,0.0,0,2024-02-01 00:00:00
RECON000817,HDFC2026775845,2024-02-01,Matched,None,0.0,0.0,0,2024-02-01 00:00:00
RECON000818,HDFC2026796577,2024-02-01,Matched,None,0.0,0.0,0,2024-02-01 00:00:00
RECON000819,HDFC2026979688,2024-02-01,Matched,None,0.0,0.0,0,2024-02-01 00:00:00
RECON000820,HDFC2026402790,2024-02-01,Matched,None,0.0,0.0,0,2024-02-01 00:00:00
RECON000821,HDFC2026462086,2024-02-01,Unmatched,FX Rate Discrepancy,0.0,-0.32,2,2024-02-03
RECON000822,HDFC2026950141,2024-02-01,Matched,None,0.0,0.0,0,2024-02-01 00:00:00
RECON000823,HDFC2026744812,2024-02-01,Matched,None,0.0,0.0,0,2024-02-01 00:00:00
RECON000824,HDFC2026552817,2024-02-01,Matched,None,0.0,0.0,0,2024-02-01 00:00:00
RECON000825,HDFC2026466594,2024-02-01,Matched,None,0.0,0.0,0,2024-02-01 00:00:00
RECON000826,HDFC2026564018,2024-02-01,Matched,None,0.0,0.0,0,2024-02-01 00:00:00
RECON000827,HDFC2026771984,2024-02-01,Unmatched,Amount Mismatch,-1328.0,-1.2370519412772933,4,2024-02-05
RECON000828,HDFC2026655915,2024-02-01,Matched,None,0.0,0.0,0,2024-02-01 00:00:00
RECON000829,HDFC2026999372,2024-02-01,Matched,None,0.0,0.0,0,2024-02-01 00:00:00
RECON000830,HDFC2026118843,2024-02-01,Matched,None,0.0,0.0,0,2024-02-01 00:00:00
RECON000831,HDFC2026328929,2024-02-01,Matched,None,0.0,0.0,0,2024-02-01 00:00:00
RECON000832,HDFC2026271081,2024-02-01,Matched,None,0.0,0.0,0,2024-02-01 00:00:00
RECON000833,HDFC2026980155,2024-02-01,Matched,None,0.0,0.0,0,2024-02-01 00:00:00
RECON000834,HDFC2026579911,2024-02-01,Matched,None,0.0,0.0,0,2024-02-01 00:00:00
RECON000835,HDFC2026946088,2024-02-02,Matched,None,0.0,0.0,0,2024-02-02 00:00:00
RECON000836,HDFC2026868959,2024-02-02,Matched,None,0.0,0.0,0,2024-02-02 00:00:00
RECON000837,HDFC2026361544,2024-02-02,Matched,None,0.0,0.0,0,2024-02-02 00:00:00
RECON000838,HDFC2026510545,2024-02-02,Matched,None,0.0,0.0,0,2024-02-02 00:00:00
RECON000839,HDFC2026668740,2024-02-02,Matched,None,0.0,0.0,0,2024-02-02 00:00:00
RECON000840,HDFC2026890966,2024-02-02,Matched,None,0.0,0.0,0,2024-02-02 00:00:00
RECON000841,HDFC2026146936,2024-02-02,Matched,None,0.0,0.0,0,2024-02-02 00:00:00
RECON000842,HDFC2026620803,2024-02-02,Matched,None,0.0,0.0,0,2024-02-02 00:00:00
RECON000843,HDFC2026438029,2024-02-02,Matched,None,0.0,0.0,0,2024-02-02 00:00:00
RECON000844,HDFC2026791384,2024-02-02,Matched,None,0.0,0.0,0,2024-02-02 00:00:00
RECON000845,HDFC2026592317,2024-02-02,Matched,None,0.0,0.0,0,2024-02-02 00:00:00
RECON000846,HDFC2026839326,2024-02-02,Unmatched,Missing Settlement,878768.0,100.0,14,2024-02-16
RECON000847,HDFC2026834406,2024-02-02,Matched,None,0.0,0.0,0,2024-02-02 00:00:00
RECON000848,HDFC2026991401,2024-02-02,Matched,None,0.0,0.0,0,2024-02-02 00:00:00
RECON000849,HDFC2026823703,2024-02-02,Matched,None,0.0,0.0,0,2024-02-02 00:00:00
RECON000850,HDFC2026303417,2024-02-02,Matched,None,0.0,0.0,0,2024-02-02 00:00:00
RECON000851,HDFC2026441027,2024-02-02,Unmatched,Amount Mismatch,-2334.0,-1.4566106031765844,12,2024-02-14
RECON000852,HDFC2026177060,2024-02-02,Matched,None,0.0,0.0,0,2024-02-02 00:00:00
RECON000853,HDFC2026164220,2024-02-02,Matched,None,0.0,0.0,0,2024-02-02 00:00:00
RECON000854,HDFC2026788505,2024-02-02,Matched,None,0.0,0.0,0,2024-02-02 00:00:00
RECON000855,HDFC2026331795,2024-02-02,Matched,None,0.0,0.0,0,2024-02-02 00:00:00
RECON000856,HDFC2026821548,2024-02-02,Matched,None,0.0,0.0,0,2024-02-02 00:00:00
RECON000857,HDFC2026346151,2024-02-02,Duplicate,Duplicate Transaction,0.0,0.0,10,2024-02-12
RECON000858,HDFC2026715099,2024-02-02,Matched,None,0.0,0.0,0,2024-02-02 00:00:00
RECON000859,HDFC2026451801,2024-02-02,Matched,None,0.0,0.0,0,2024-02-02 00:00:00
RECON000860,HDFC2026669212,2024-02-02,Matched,None,0.0,0.0,0,2024-02-02 00:00:00
RECON000861,HDFC2026773859,2024-02-02,Unmatched,Amount Mismatch,634.0,1.268,7,2024-02-09
RECON000862,HDFC2026281811,2024-02-02,Matched,None,0.0,0.0,0,2024-02-02 00:00:00
RECON000863,HDFC2026562787,2024-02-02,Unmatched,Amount Mismatch,530.0,0.48661353703771715,3,2024-02-05
RECON000864,HDFC2026845476,2024-02-03,Matched,None,0.0,0.0,0,2024-02-03 00:00:00
RECON000865,HDFC2026351187,2024-02-03,Matched,None,0.0,0.0,0,2024-02-03 00:00:00
RECON000866,HDFC2026727456,2024-02-03,Matched,None,0.0,0.0,0,2024-02-03 00:00:00
RECON000867,HDFC2026887488,2024-02-03,Matched,None,0.0,0.0,0,2024-02-03 00:00:00
RECON000868,HDFC2026336110,2024-02-03,Matched,None,0.0,0.0,0,2024-02-03 00:00:00
RECON000869,HDFC2026883833,2024-02-03,Matched,None,0.0,0.0,0,2024-02-03 00:00:00
RECON000870,HDFC2026875357,2024-02-03,Unmatched,Amount Mismatch,-2669.0,-2.7356401951539504,11,2024-02-14
RECON000871,HDFC2026100594,2024-02-03,Matched,None,0.0,0.0,0,2024-02-03 00:00:00
RECON000872,HDFC2026168617,2024-02-03,Matched,None,0.0,0.0,0,2024-02-03 00:00:00
RECON000873,HDFC2026725106,2024-02-03,Matched,None,0.0,0.0,0,2024-02-03 00:00:00
RECON000874,HDFC2026854873,2024-02-03,Matched,None,0.0,0.0,0,2024-02-03 00:00:00
RECON000875,HDFC2026732282,2024-02-03,Matched,None,0.0,0.0,0,2024-02-03 00:00:00
RECON000876,HDFC2026690055,2024-02-03,Matched,None,0.0,0.0,0,2024-02-03 00:00:00
RECON000877,HDFC2026801537,2024-02-03,Matched,None,0.0,0.0,0,2024-02-03 00:00:00
RECON000878,HDFC2026264369,2024-02-03,Matched,None,0.0,0.0,0,2024-02-03 00:00:00
RECON000879,HDFC2026984041,2024-02-03,Unmatched,Amount Mismatch,-4228.0,-0.5937885337580298,10,2024-02-13
RECON000880,HDFC2026840754,2024-02-03,Matched,None,0.0,0.0,0,2024-02-03 00:00:00
RECON000881,HDFC2026511955,2024-02-03,Matched,None,0.0,0.0,0,2024-02-03 00:00:00
RECON000882,HDFC2026537588,2024-02-03,Matched,None,0.0,0.0,0,2024-02-03 00:00:00
RECON000883,HDFC2026707753,2024-02-03,Matched,None,0.0,0.0,0,2024-02-03 00:00:00
RECON000884,HDFC2026826908,2024-02-03,Matched,None,0.0,0.0,0,2024-02-03 00:00:00
RECON000885,HDFC2026728600,2024-02-03,Matched,None,0.0,0.0,0,2024-02-03 00:00:00
RECON000886,HDFC2026768960,2024-02-03,Matched,None,0.0,0.0,0,2024-02-03 00:00:00
RECON000887,HDFC2026148165,2024-02-03,Duplicate,Duplicate Transaction,0.0,0.0,13,2024-02-16
RECON000888,HDFC2026872934,2024-02-03,Unmatched,FX Rate Discrepancy,0.0,0.21,10,2024-02-13
RECON000889,HDFC2026502460,2024-02-03,Matched,None,0.0,0.0,0,2024-02-03 00:00:00
RECON000890,HDFC2026253722,2024-02-03,Matched,None,0.0,0.0,0,2024-02-03 00:00:00
RECON000891,HDFC2026855670,2024-02-03,Matched,None,0.0,0.0,0,2024-02-03 00:00:00
RECON000892,HDFC2026259582,2024-02-03,Matched,None,0.0,0.0,0,2024-02-03 00:00:00
RECON000893,HDFC2026795469,2024-02-03,Matched,None,0.0,0.0,0,2024-02-03 00:00:00
RECON000894,HDFC2026253996,2024-02-03,Matched,None,0.0,0.0,0,2024-02-03 00:00:00
RECON000895,HDFC2026769292,2024-02-03,Unmatched,Missing Settlement,396984.0,100.0,6,2024-02-09
RECON000896,HDFC2026270443,2024-02-04,Matched,None,0.0,0.0,0,2024-02-04 00:00:00
RECON000897,HDFC2026269414,2024-02-04,Matched,None,0.0,0.0,0,2024-02-04 00:00:00
RECON000898,HDFC2026583767,2024-02-04,Unmatched,Amount Mismatch,-4965.0,-1.8671169307831736,2,2024-02-06
RECON000899,HDFC2026799040,2024-02-04,Duplicate,Duplicate Transaction,0.0,0.0,13,2024-02-17
RECON000900,HDFC2026516357,2024-02-04,Matched,None,0.0,0.0,0,2024-02-04 00:00:00
RECON000901,HDFC2026742078,2024-02-04,Matched,None,0.0,0.0,0,2024-02-04 00:00:00
RECON000902,HDFC2026841911,2024-02-04,Matched,None,0.0,0.0,0,2024-02-04 00:00:00
RECON000903,HDFC2026124911,2024-02-04,Matched,None,0.0,0.0,0,2024-02-04 00:00:00
RECON000904,HDFC2026131608,2024-02-04,Unmatched,FX Rate Discrepancy,0.0,0.3,15,2024-02-19
RECON000905,HDFC2026817386,2024-02-04,Unmatched,FX Rate Discrepancy,0.0,0.84,8,2024-02-12
RECON000906,HDFC2026893035,2024-02-04,Matched,None,0.0,0.0,0,2024-02-04 00:00:00
RECON000907,HDFC2026632064,2024-02-04,Matched,None,0.0,0.0,0,2024-02-04 00:00:00
RECON000908,HDFC2026270460,2024-02-04,Matched,None,0.0,0.0,0,2024-02-04 00:00:00
RECON000909,HDFC2026526893,2024-02-04,Matched,None,0.0,0.0,0,2024-02-04 00:00:00
RECON000910,HDFC2026900107,2024-02-04,Unmatched,FX Rate Discrepancy,0.0,-0.28,2,2024-02-06
RECON000911,HDFC2026517311,2024-02-04,Matched,None,0.0,0.0,0,2024-02-04 00:00:00
RECON000912,HDFC2026580722,2024-02-04,Matched,None,0.0,0.0,0,2024-02-04 00:00:00
RECON000913,HDFC2026328238,2024-02-04,Matched,None,0.0,0.0,0,2024-02-04 00:00:00
RECON000914,HDFC2026887080,2024-02-04,Matched,None,0.0,0.0,0,2024-02-04 00:00:00
RECON000915,HDFC2026226660,2024-02-04,Matched,None,0.0,0.0,0,2024-02-04 00:00:00
RECON000916,HDFC2026731523,2024-02-04,Unmatched,Amount Mismatch,-3679.0,-0.9426251559725642,1,2024-02-05
RECON000917,HDFC2026970645,2024-02-04,Matched,None,0.0,0.0,0,2024-02-04 00:00:00
RECON000918,HDFC2026263122,2024-02-04,Matched,None,0.0,0.0,0,2024-02-04 00:00:00
RECON000919,HDFC2026241870,2024-02-04,Matched,None,0.0,0.0,0,2024-02-04 00:00:00
RECON000920,HDFC2026711822,2024-02-04,Matched,None,0.0,0.0,0,2024-02-04 00:00:00
RECON000921,HDFC2026649327,2024-02-04,Matched,None,0.0,0.0,0,2024-02-04 00:00:00
RECON000922,HDFC2026103425,2024-02-04,Matched,None,0.0,0.0,0,2024-02-04 00:00:00
RECON000923,HDFC2026891775,2024-02-04,Matched,None,0.0,0.0,0,2024-02-04 00:00:00
RECON000924,HDFC2026738127,2024-02-04,Matched,None,0.0,0.0,0,2024-02-04 00:00:00
RECON000925,HDFC2026886968,2024-02-04,Matched,None,0.0,0.0,0,2024-02-04 00:00:00
RECON000926,HDFC2026358581,2024-02-04,Unmatched,Missing Settlement,185515.0,100.0,15,2024-02-19
RECON000927,HDFC2026645792,2024-02-04,Matched,None,0.0,0.0,0,2024-02-04 00:00:00
RECON000928,HDFC2026453485,2024-02-04,Matched,None,0.0,0.0,0,2024-02-04 00:00:00
RECON000929,HDFC2026702463,2024-02-04,Unmatched,FX Rate Discrepancy,0.0,-1.98,2,2024-02-06
RECON000930,HDFC2026443859,2024-02-05,Matched,None,0.0,0.0,0,2024-02-05 00:00:00
RECON000931,HDFC2026643299,2024-02-05,Unmatched,FX Rate Discrepancy,0.0,1.13,4,2024-02-09
RECON000932,HDFC2026480441,2024-02-05,Matched,None,0.0,0.0,0,2024-02-05 00:00:00
RECON000933,HDFC2026871242,2024-02-05,Matched,None,0.0,0.0,0,2024-02-05 00:00:00
RECON000934,HDFC2026332904,2024-02-05,Matched,None,0.0,0.0,0,2024-02-05 00:00:00
RECON000935,HDFC2026432760,2024-02-05,Matched,None,0.0,0.0,0,2024-02-05 00:00:00
RECON000936,HDFC2026972130,2024-02-05,Matched,None,0.0,0.0,0,2024-02-05 00:00:00
RECON000937,HDFC2026712723,2024-02-05,Matched,None,0.0,0.0,0,2024-02-05 00:00:00
RECON000938,HDFC2026955662,2024-02-05,Matched,None,0.0,0.0,0,2024-02-05 00:00:00
RECON000939,HDFC2026490672,2024-02-05,Matched,None,0.0,0.0,0,2024-02-05 00:00:00
RECON000940,HDFC2026858789,2024-02-05,Matched,None,0.0,0.0,0,2024-02-05 00:00:00
RECON000941,HDFC2026432327,2024-02-05,Matched,None,0.0,0.0,0,2024-02-05 00:00:00
RECON000942,HDFC2026423711,2024-02-05,Matched,None,0.0,0.0,0,2024-02-05 00:00:00
RECON000943,HDFC2026525387,2024-02-05,Duplicate,Duplicate Transaction,0.0,0.0,2,2024-02-07
RECON000944,HDFC2026959965,2024-02-05,Matched,None,0.0,0.0,0,2024-02-05 00:00:00
RECON000945,HDFC2026930605,2024-02-05,Matched,None,0.0,0.0,0,2024-02-05 00:00:00
RECON000946,HDFC2026325914,2024-02-05,Matched,None,0.0,0.0,0,2024-02-05 00:00:00
RECON000947,HDFC2026465584,2024-02-05,Matched,None,0.0,0.0,0,2024-02-05 00:00:00
RECON000948,HDFC2026595668,2024-02-05,Matched,None,0.0,0.0,0,2024-02-05 00:00:00
RECON000949,HDFC2026179932,2024-02-05,Matched,None,0.0,0.0,0,2024-02-05 00:00:00
RECON000950,HDFC2026985049,2024-02-05,Matched,None,0.0,0.0,0,2024-02-05 00:00:00
RECON000951,HDFC2026304387,2024-02-05,Matched,None,0.0,0.0,0,2024-02-05 00:00:00
RECON000952,HDFC2026797948,2024-02-05,Matched,None,0.0,0.0,0,2024-02-05 00:00:00
RECON000953,HDFC2026501118,2024-02-05,Matched,None,0.0,0.0,0,2024-02-05 00:00:00
RECON000954,HDFC2026453175,2024-02-05,Matched,None,0.0,0.0,0,2024-02-05 00:00:00
RECON000955,HDFC2026601697,2024-02-06,Matched,None,0.0,0.0,0,2024-02-06 00:00:00
RECON000956,HDFC2026317601,2024-02-06,Matched,None,0.0,0.0,0,2024-02-06 00:00:00
RECON000957,HDFC2026746271,2024-02-06,Matched,None,0.0,0.0,0,2024-02-06 00:00:00
RECON000958,HDFC2026356262,2024-02-06,Matched,None,0.0,0.0,0,2024-02-06 00:00:00
RECON000959,HDFC2026303368,2024-02-06,Matched,None,0.0,0.0,0,2024-02-06 00:00:00
RECON000960,HDFC2026462645,2024-02-06,Matched,None,0.0,0.0,0,2024-02-06 00:00:00
RECON000961,HDFC2026354085,2024-02-06,Unmatched,Missing Settlement,133310.0,100.0,14,2024-02-20
RECON000962,HDFC2026537320,2024-02-06,Matched,None,0.0,0.0,0,2024-02-06 00:00:00
RECON000963,HDFC2026866773,2024-02-06,Matched,None,0.0,0.0,0,2024-02-06 00:00:00
RECON000964,HDFC2026990136,2024-02-06,Unmatched,Missing Settlement,53658.0,100.0,11,2024-02-17
RECON000965,HDFC2026107540,2024-02-06,Duplicate,Duplicate Transaction,0.0,0.0,1,2024-02-07
RECON000966,HDFC2026597295,2024-02-06,Matched,None,0.0,0.0,0,2024-02-06 00:00:00
RECON000967,HDFC2026685193,2024-02-06,Matched,None,0.0,0.0,0,2024-02-06 00:00:00
RECON000968,HDFC2026792069,2024-02-06,Matched,None,0.0,0.0,0,2024-02-06 00:00:00
RECON000969,HDFC2026120665,2024-02-06,Matched,None,0.0,0.0,0,2024-02-06 00:00:00
RECON000970,HDFC2026682215,2024-02-06,Matched,None,0.0,0.0,0,2024-02-06 00:00:00
RECON000971,HDFC2026660322,2024-02-06,Matched,None,0.0,0.0,0,2024-02-06 00:00:00
RECON000972,HDFC2026486191,2024-02-06,Matched,None,0.0,0.0,0,2024-02-06 00:00:00
RECON000973,HDFC2026757776,2024-02-06,Matched,None,0.0,0.0,0,2024-02-06 00:00:00
RECON000974,HDFC2026232394,2024-02-06,Matched,None,0.0,0.0,0,2024-02-06 00:00:00
RECON000975,HDFC2026141736,2024-02-06,Matched,None,0.0,0.0,0,2024-02-06 00:00:00
RECON000976,HDFC2026825420,2024-02-06,Matched,None,0.0,0.0,0,2024-02-06 00:00:00
RECON000977,HDFC2026400646,2024-02-06,Matched,None,0.0,0.0,0,2024-02-06 00:00:00
RECON000978,HDFC2026128493,2024-02-06,Matched,None,0.0,0.0,0,2024-02-06 00:00:00
RECON000979,HDFC2026423003,2024-02-07,Unmatched,Missing Settlement,445122.0,100.0,13,2024-02-20
RECON000980,HDFC2026884803,2024-02-07,Matched,None,0.0,0.0,0,2024-02-07 00:00:00
RECON000981,HDFC2026590006,2024-02-07,Matched,None,0.0,0.0,0,2024-02-07 00:00:00
RECON000982,HDFC2026696301,2024-02-07,Matched,None,0.0,0.0,0,2024-02-07 00:00:00
RECON000983,HDFC2026598628,2024-02-07,Matched,None,0.0,0.0,0,2024-02-07 00:00:00
RECON000984,HDFC2026670172,2024-02-07,Matched,None,0.0,0.0,0,2024-02-07 00:00:00
RECON000985,HDFC2026631981,2024-02-07,Matched,None,0.0,0.0,0,2024-02-07 00:00:00
RECON000986,HDFC2026888387,2024-02-07,Matched,None,0.0,0.0,0,2024-02-07 00:00:00
RECON000987,HDFC2026355674,2024-02-07,Matched,None,0.0,0.0,0,2024-02-07 00:00:00
RECON000988,HDFC2026775243,2024-02-07,Matched,None,0.0,0.0,0,2024-02-07 00:00:00
RECON000989,HDFC2026322072,2024-02-07,Matched,None,0.0,0.0,0,2024-02-07 00:00:00
RECON000990,HDFC2026232430,2024-02-07,Matched,None,0.0,0.0,0,2024-02-07 00:00:00
RECON000991,HDFC2026834928,2024-02-07,Matched,None,0.0,0.0,0,2024-02-07 00:00:00
RECON000992,HDFC2026922794,2024-02-07,Matched,None,0.0,0.0,0,2024-02-07 00:00:00
RECON000993,HDFC2026734407,2024-02-07,Unmatched,Missing Settlement,141628.0,100.0,2,2024-02-09
RECON000994,HDFC2026216022,2024-02-07,Matched,None,0.0,0.0,0,2024-02-07 00:00:00
RECON000995,HDFC2026573994,2024-02-07,Matched,None,0.0,0.0,0,2024-02-07 00:00:00
RECON000996,HDFC2026899607,2024-02-07,Unmatched,Missing Settlement,615187.0,100.0,2,2024-02-09
RECON000997,HDFC2026326093,2024-02-07,Matched,None,0.0,0.0,0,2024-02-07 00:00:00
RECON000998,HDFC2026992849,2024-02-07,Matched,None,0.0,0.0,0,2024-02-07 00:00:00
RECON000999,HDFC2026526017,2024-02-08,Matched,None,0.0,0.0,0,2024-02-08 00:00:00
RECON001000,HDFC2026354763,2024-02-08,Matched,None,0.0,0.0,0,2024-02-08 00:00:00
RECON001001,HDFC2026507560,2024-02-08,Matched,None,0.0,0.0,0,2024-02-08 00:00:00
RECON001002,HDFC2026707603,2024-02-08,Matched,None,0.0,0.0,0,2024-02-08 00:00:00
RECON001003,HDFC2026221867,2024-02-08,Matched,None,0.0,0.0,0,2024-02-08 00:00:00
RECON001004,HDFC2026251610,2024-02-08,Matched,None,0.0,0.0,0,2024-02-08 00:00:00
RECON001005,HDFC2026862760,2024-02-08,Matched,None,0.0,0.0,0,2024-02-08 00:00:00
RECON001006,HDFC2026917161,2024-02-08,Unmatched,Missing Settlement,50000.0,100.0,5,2024-02-13
RECON001007,HDFC2026371955,2024-02-08,Matched,None,0.0,0.0,0,2024-02-08 00:00:00
RECON001008,HDFC2026912480,2024-02-08,Matched,None,0.0,0.0,0,2024-02-08 00:00:00
RECON001009,HDFC2026105122,2024-02-08,Matched,None,0.0,0.0,0,2024-02-08 00:00:00
RECON001010,HDFC2026767881,2024-02-08,Matched,None,0.0,0.0,0,2024-02-08 00:00:00
RECON001011,HDFC2026933540,2024-02-08,Matched,None,0.0,0.0,0,2024-02-08 00:00:00
RECON001012,HDFC2026979414,2024-02-08,Matched,None,0.0,0.0,0,2024-02-08 00:00:00
RECON001013,HDFC2026955227,2024-02-08,Matched,None,0.0,0.0,0,2024-02-08 00:00:00
RECON001014,HDFC2026283305,2024-02-08,Matched,None,0.0,0.0,0,2024-02-08 00:00:00
RECON001015,HDFC2026600572,2024-02-08,Matched,None,0.0,0.0,0,2024-02-08 00:00:00
RECON001016,HDFC2026358750,2024-02-08,Matched,None,0.0,0.0,0,2024-02-08 00:00:00
RECON001017,HDFC2026162492,2024-02-08,Matched,None,0.0,0.0,0,2024-02-08 00:00:00
RECON001018,HDFC2026239944,2024-02-08,Unmatched,Missing Settlement,329779.0,100.0,3,2024-02-11
RECON001019,HDFC2026920132,2024-02-08,Matched,None,0.0,0.0,0,2024-02-08 00:00:00
RECON001020,HDFC2026495751,2024-02-08,Matched,None,0.0,0.0,0,2024-02-08 00:00:00
RECON001021,HDFC2026881280,2024-02-08,Matched,None,0.0,0.0,0,2024-02-08 00:00:00
RECON001022,HDFC2026449050,2024-02-08,Matched,None,0.0,0.0,0,2024-02-08 00:00:00
RECON001023,HDFC2026100860,2024-02-08,Matched,None,0.0,0.0,0,2024-02-08 00:00:00
RECON001024,HDFC2026898571,2024-02-08,Matched,None,0.0,0.0,0,2024-02-08 00:00:00
RECON001025,HDFC2026815819,2024-02-08,Matched,None,0.0,0.0,0,2024-02-08 00:00:00
RECON001026,HDFC2026146822,2024-02-08,Matched,None,0.0,0.0,0,2024-02-08 00:00:00
RECON001027,HDFC2026251884,2024-02-08,Matched,None,0.0,0.0,0,2024-02-08 00:00:00
RECON001028,HDFC2026164732,2024-02-09,Matched,None,0.0,0.0,0,2024-02-09 00:00:00
RECON001029,HDFC2026464187,2024-02-09,Unmatched,Amount Mismatch,-4988.0,-0.8600148278418593,7,2024-02-16
RECON001030,HDFC2026752999,2024-02-09,Matched,None,0.0,0.0,0,2024-02-09 00:00:00
RECON001031,HDFC2026677992,2024-02-09,Matched,None,0.0,0.0,0,2024-02-09 00:00:00
RECON001032,HDFC2026825623,2024-02-09,Unmatched,Missing Settlement,143981.0,100.0,11,2024-02-20
RECON001033,HDFC2026837939,2024-02-09,Matched,None,0.0,0.0,0,2024-02-09 00:00:00
RECON001034,HDFC2026381912,2024-02-09,Matched,None,0.0,0.0,0,2024-02-09 00:00:00
RECON001035,HDFC2026102319,2024-02-09,Matched,None,0.0,0.0,0,2024-02-09 00:00:00
RECON001036,HDFC2026647589,2024-02-09,Matched,None,0.0,0.0,0,2024-02-09 00:00:00
RECON001037,HDFC2026644548,2024-02-09,Matched,None,0.0,0.0,0,2024-02-09 00:00:00
RECON001038,HDFC2026142615,2024-02-09,Matched,None,0.0,0.0,0,2024-02-09 00:00:00
RECON001039,HDFC2026187203,2024-02-09,Matched,None,0.0,0.0,0,2024-02-09 00:00:00
RECON001040,HDFC2026818422,2024-02-09,Duplicate,Duplicate Transaction,0.0,0.0,10,2024-02-19
RECON001041,HDFC2026617045,2024-02-09,Matched,None,0.0,0.0,0,2024-02-09 00:00:00
RECON001042,HDFC2026893087,2024-02-09,Matched,None,0.0,0.0,0,2024-02-09 00:00:00
RECON001043,HDFC2026607753,2024-02-09,Matched,None,0.0,0.0,0,2024-02-09 00:00:00
RECON001044,HDFC2026276636,2024-02-09,Matched,None,0.0,0.0,0,2024-02-09 00:00:00
RECON001045,HDFC2026759010,2024-02-09,Matched,None,0.0,0.0,0,2024-02-09 00:00:00
RECON001046,HDFC2026400322,2024-02-09,Matched,None,0.0,0.0,0,2024-02-09 00:00:00
RECON001047,HDFC2026940928,2024-02-09,Matched,None,0.0,0.0,0,2024-02-09 00:00:00
RECON001048,HDFC2026453884,2024-02-09,Matched,None,0.0,0.0,0,2024-02-09 00:00:00
RECON001049,HDFC2026828723,2024-02-09,Matched,None,0.0,0.0,0,2024-02-09 00:00:00
RECON001050,HDFC2026415917,2024-02-09,Matched,None,0.0,0.0,0,2024-02-09 00:00:00
RECON001051,HDFC2026214466,2024-02-09,Matched,None,0.0,0.0,0,2024-02-09 00:00:00
RECON001052,HDFC2026953809,2024-02-09,Matched,None,0.0,0.0,0,2024-02-09 00:00:00
RECON001053,HDFC2026402840,2024-02-09,Matched,None,0.0,0.0,0,2024-02-09 00:00:00
RECON001054,HDFC2026249932,2024-02-09,Matched,None,0.0,0.0,0,2024-02-09 00:00:00
RECON001055,HDFC2026656594,2024-02-09,Matched,None,0.0,0.0,0,2024-02-09 00:00:00
RECON001056,HDFC2026580077,2024-02-09,Matched,None,0.0,0.0,0,2024-02-09 00:00:00
RECON001057,HDFC2026952691,2024-02-09,Matched,None,0.0,0.0,0,2024-02-09 00:00:00
RECON001058,HDFC2026729286,2024-02-09,Matched,None,0.0,0.0,0,2024-02-09 00:00:00
RECON001059,HDFC2026920102,2024-02-09,Matched,None,0.0,0.0,0,2024-02-09 00:00:00
RECON001060,HDFC2026486643,2024-02-09,Matched,None,0.0,0.0,0,2024-02-09 00:00:00
RECON001061,HDFC2026175519,2024-02-09,Duplicate,Duplicate Transaction,0.0,0.0,12,2024-02-21
RECON001062,HDFC2026321422,2024-02-10,Matched,None,0.0,0.0,0,2024-02-10 00:00:00
RECON001063,HDFC2026585668,2024-02-10,Matched,None,0.0,0.0,0,2024-02-10 00:00:00
RECON001064,HDFC2026374552,2024-02-10,Matched,None,0.0,0.0,0,2024-02-10 00:00:00
RECON001065,HDFC2026599464,2024-02-10,Matched,None,0.0,0.0,0,2024-02-10 00:00:00
RECON001066,HDFC2026333159,2024-02-10,Matched,None,0.0,0.0,0,2024-02-10 00:00:00
RECON001067,HDFC2026418588,2024-02-10,Matched,None,0.0,0.0,0,2024-02-10 00:00:00
RECON001068,HDFC2026157919,2024-02-10,Matched,None,0.0,0.0,0,2024-02-10 00:00:00
RECON001069,HDFC2026479459,2024-02-10,Matched,None,0.0,0.0,0,2024-02-10 00:00:00
RECON001070,HDFC2026283573,2024-02-10,Matched,None,0.0,0.0,0,2024-02-10 00:00:00
RECON001071,HDFC2026942678,2024-02-10,Matched,None,0.0,0.0,0,2024-02-10 00:00:00
RECON001072,HDFC2026419186,2024-02-10,Matched,None,0.0,0.0,0,2024-02-10 00:00:00
RECON001073,HDFC2026848831,2024-02-10,Matched,None,0.0,0.0,0,2024-02-10 00:00:00
RECON001074,HDFC2026110848,2024-02-10,Unmatched,Amount Mismatch,932.0,0.40233978717434005,3,2024-02-13
RECON001075,HDFC2026708712,2024-02-10,Matched,None,0.0,0.0,0,2024-02-10 00:00:00
RECON001076,HDFC2026322347,2024-02-10,Matched,None,0.0,0.0,0,2024-02-10 00:00:00
RECON001077,HDFC2026181315,2024-02-10,Matched,None,0.0,0.0,0,2024-02-10 00:00:00
RECON001078,HDFC2026797547,2024-02-10,Matched,None,0.0,0.0,0,2024-02-10 00:00:00
RECON001079,HDFC2026838625,2024-02-10,Matched,None,0.0,0.0,0,2024-02-10 00:00:00
RECON001080,HDFC2026192926,2024-02-10,Matched,None,0.0,0.0,0,2024-02-10 00:00:00
RECON001081,HDFC2026303086,2024-02-10,Unmatched,Missing Settlement,373238.0,100.0,3,2024-02-13
RECON001082,HDFC2026599982,2024-02-10,Matched,None,0.0,0.0,0,2024-02-10 00:00:00
RECON001083,HDFC2026988439,2024-02-11,Matched,None,0.0,0.0,0,2024-02-11 00:00:00
RECON001084,HDFC2026422465,2024-02-11,Matched,None,0.0,0.0,0,2024-02-11 00:00:00
RECON001085,HDFC2026916779,2024-02-11,Matched,None,0.0,0.0,0,2024-02-11 00:00:00
RECON001086,HDFC2026130277,2024-02-11,Matched,None,0.0,0.0,0,2024-02-11 00:00:00
RECON001087,HDFC2026610622,2024-02-11,Matched,None,0.0,0.0,0,2024-02-11 00:00:00
RECON001088,HDFC2026284219,2024-02-11,Matched,None,0.0,0.0,0,2024-02-11 00:00:00
RECON001089,HDFC2026599913,2024-02-11,Matched,None,0.0,0.0,0,2024-02-11 00:00:00
RECON001090,HDFC2026319401,2024-02-11,Unmatched,Missing Settlement,122377.0,100.0,15,2024-02-26
RECON001091,HDFC2026147653,2024-02-11,Matched,None,0.0,0.0,0,2024-02-11 00:00:00
RECON001092,HDFC2026616889,2024-02-11,Matched,None,0.0,0.0,0,2024-02-11 00:00:00
RECON001093,HDFC2026993429,2024-02-11,Matched,None,0.0,0.0,0,2024-02-11 00:00:00
RECON001094,HDFC2026708653,2024-02-11,Matched,None,0.0,0.0,0,2024-02-11 00:00:00
RECON001095,HDFC2026364525,2024-02-11,Unmatched,Amount Mismatch,-4728.0,-2.138166820426548,15,2024-02-26
RECON001096,HDFC2026493892,2024-02-11,Matched,None,0.0,0.0,0,2024-02-11 00:00:00
RECON001097,HDFC2026215203,2024-02-11,Matched,None,0.0,0.0,0,2024-02-11 00:00:00
RECON001098,HDFC2026468338,2024-02-11,Unmatched,Amount Mismatch,-4310.0,-3.751316442254968,8,2024-02-19
RECON001099,HDFC2026449555,2024-02-11,Matched,None,0.0,0.0,0,2024-02-11 00:00:00
RECON001100,HDFC2026387348,2024-02-11,Matched,None,0.0,0.0,0,2024-02-11 00:00:00
RECON001101,HDFC2026560259,2024-02-11,Matched,None,0.0,0.0,0,2024-02-11 00:00:00
RECON001102,HDFC2026191549,2024-02-11,Matched,None,0.0,0.0,0,2024-02-11 00:00:00
RECON001103,HDFC2026655132,2024-02-11,Matched,None,0.0,0.0,0,2024-02-11 00:00:00
RECON001104,HDFC2026986284,2024-02-11,Matched,None,0.0,0.0,0,2024-02-11 00:00:00
RECON001105,HDFC2026481086,2024-02-11,Matched,None,0.0,0.0,0,2024-02-11 00:00:00
RECON001106,HDFC2026807224,2024-02-11,Matched,None,0.0,0.0,0,2024-02-11 00:00:00
RECON001107,HDFC2026378927,2024-02-11,Matched,None,0.0,0.0,0,2024-02-11 00:00:00
RECON001108,HDFC2026668372,2024-02-11,Matched,None,0.0,0.0,0,2024-02-11 00:00:00
RECON001109,HDFC2026705998,2024-02-11,Matched,None,0.0,0.0,0,2024-02-11 00:00:00
RECON001110,HDFC2026177060,2024-02-11,Matched,None,0.0,0.0,0,2024-02-11 00:00:00
RECON001111,HDFC2026781403,2024-02-11,Matched,None,0.0,0.0,0,2024-02-11 00:00:00
RECON001112,HDFC2026434853,2024-02-11,Matched,None,0.0,0.0,0,2024-02-11 00:00:00
RECON001113,HDFC2026468426,2024-02-12,Matched,None,0.0,0.0,0,2024-02-12 00:00:00
RECON001114,HDFC2026440327,2024-02-12,Duplicate,Duplicate Transaction,0.0,0.0,13,2024-02-25
RECON001115,HDFC2026132565,2024-02-12,Matched,None,0.0,0.0,0,2024-02-12 00:00:00
RECON001116,HDFC2026563363,2024-02-12,Matched,None,0.0,0.0,0,2024-02-12 00:00:00
RECON001117,HDFC2026986683,2024-02-12,Matched,None,0.0,0.0,0,2024-02-12 00:00:00
RECON001118,HDFC2026500929,2024-02-12,Matched,None,0.0,0.0,0,2024-02-12 00:00:00
RECON001119,HDFC2026205549,2024-02-12,Matched,None,0.0,0.0,0,2024-02-12 00:00:00
RECON001120,HDFC2026566020,2024-02-12,Matched,None,0.0,0.0,0,2024-02-12 00:00:00
RECON001121,HDFC2026694088,2024-02-12,Matched,None,0.0,0.0,0,2024-02-12 00:00:00
RECON001122,HDFC2026791471,2024-02-12,Matched,None,0.0,0.0,0,2024-02-12 00:00:00
RECON001123,HDFC2026318136,2024-02-12,Duplicate,Duplicate Transaction,0.0,0.0,9,2024-02-21
RECON001124,HDFC2026284737,2024-02-12,Matched,None,0.0,0.0,0,2024-02-12 00:00:00
RECON001125,HDFC2026362552,2024-02-12,Matched,None,0.0,0.0,0,2024-02-12 00:00:00
RECON001126,HDFC2026592850,2024-02-12,Unmatched,Missing Settlement,160620.0,100.0,9,2024-02-21
RECON001127,HDFC2026107917,2024-02-12,Matched,None,0.0,0.0,0,2024-02-12 00:00:00
RECON001128,HDFC2026801774,2024-02-12,Matched,None,0.0,0.0,0,2024-02-12 00:00:00
RECON001129,HDFC2026393223,2024-02-12,Duplicate,Duplicate Transaction,0.0,0.0,5,2024-02-17
RECON001130,HDFC2026587506,2024-02-12,Matched,None,0.0,0.0,0,2024-02-12 00:00:00
RECON001131,HDFC2026116936,2024-02-12,Matched,None,0.0,0.0,0,2024-02-12 00:00:00
RECON001132,HDFC2026717685,2024-02-12,Matched,None,0.0,0.0,0,2024-02-12 00:00:00
RECON001133,HDFC2026813516,2024-02-12,Matched,None,0.0,0.0,0,2024-02-12 00:00:00
RECON001134,HDFC2026647402,2024-02-12,Matched,None,0.0,0.0,0,2024-02-12 00:00:00
RECON001135,HDFC2026977168,2024-02-12,Matched,None,0.0,0.0,0,2024-02-12 00:00:00
RECON001136,HDFC2026333036,2024-02-12,Matched,None,0.0,0.0,0,2024-02-12 00:00:00
RECON001137,HDFC2026200512,2024-02-12,Unmatched,Amount Mismatch,3592.0,2.166896909517576,3,2024-02-15
RECON001138,HDFC2026240101,2024-02-12,Matched,None,0.0,0.0,0,2024-02-12 00:00:00
RECON001139,HDFC2026686331,2024-02-12,Matched,None,0.0,0.0,0,2024-02-12 00:00:00
RECON001140,HDFC2026605714,2024-02-12,Matched,None,0.0,0.0,0,2024-02-12 00:00:00
RECON001141,HDFC2026807958,2024-02-13,Unmatched,Amount Mismatch,2079.0,1.7388758782201406,12,2024-02-25
RECON001142,HDFC2026403642,2024-02-13,Matched,None,0.0,0.0,0,2024-02-13 00:00:00
RECON001143,HDFC2026218303,2024-02-13,Matched,None,0.0,0.0,0,2024-02-13 00:00:00
RECON001144,HDFC2026506936,2024-02-13,Unmatched,Missing Settlement,208100.0,100.0,4,2024-02-17
RECON001145,HDFC2026992127,2024-02-13,Matched,None,0.0,0.0,0,2024-02-13 00:00:00
RECON001146,HDFC2026329993,2024-02-13,Matched,None,0.0,0.0,0,2024-02-13 00:00:00
RECON001147,HDFC2026901183,2024-02-13,Matched,None,0.0,0.0,0,2024-02-13 00:00:00
RECON001148,HDFC2026704745,2024-02-13,Matched,None,0.0,0.0,0,2024-02-13 00:00:00
RECON001149,HDFC2026553114,2024-02-13,Matched,None,0.0,0.0,0,2024-02-13 00:00:00
RECON001150,HDFC2026985778,2024-02-13,Matched,None,0.0,0.0,0,2024-02-13 00:00:00
RECON001151,HDFC2026604326,2024-02-13,Matched,None,0.0,0.0,0,2024-02-13 00:00:00
RECON001152,HDFC2026690798,2024-02-13,Matched,None,0.0,0.0,0,2024-02-13 00:00:00
RECON001153,HDFC2026853759,2024-02-13,Matched,None,0.0,0.0,0,2024-02-13 00:00:00
RECON001154,HDFC2026861142,2024-02-13,Matched,None,0.0,0.0,0,2024-02-13 00:00:00
RECON001155,HDFC2026721314,2024-02-13,Matched,None,0.0,0.0,0,2024-02-13 00:00:00
RECON001156,HDFC2026930844,2024-02-13,Matched,None,0.0,0.0,0,2024-02-13 00:00:00
RECON001157,HDFC2026580728,2024-02-13,Matched,None,0.0,0.0,0,2024-02-13 00:00:00
RECON001158,HDFC2026894541,2024-02-13,Matched,None,0.0,0.0,0,2024-02-13 00:00:00
RECON001159,HDFC2026906289,2024-02-13,Matched,None,0.0,0.0,0,2024-02-13 00:00:00
RECON001160,HDFC2026556628,2024-02-13,Matched,None,0.0,0.0,0,2024-02-13 00:00:00
RECON001161,HDFC2026970173,2024-02-13,Matched,None,0.0,0.0,0,2024-02-13 00:00:00
RECON001162,HDFC2026278450,2024-02-13,Matched,None,0.0,0.0,0,2024-02-13 00:00:00
RECON001163,HDFC2026859966,2024-02-13,Matched,None,0.0,0.0,0,2024-02-13 00:00:00
RECON001164,HDFC2026446995,2024-02-13,Matched,None,0.0,0.0,0,2024-02-13 00:00:00
RECON001165,HDFC2026778712,2024-02-13,Matched,None,0.0,0.0,0,2024-02-13 00:00:00
RECON001166,HDFC2026849014,2024-02-13,Matched,None,0.0,0.0,0,2024-02-13 00:00:00
RECON001167,HDFC2026283800,2024-02-13,Matched,None,0.0,0.0,0,2024-02-13 00:00:00
RECON001168,HDFC2026204568,2024-02-13,Matched,None,0.0,0.0,0,2024-02-13 00:00:00
RECON001169,HDFC2026682247,2024-02-13,Unmatched,Amount Mismatch,-1563.0,-0.17397886206915741,9,2024-02-22
RECON001170,HDFC2026492951,2024-02-13,Matched,None,0.0,0.0,0,2024-02-13 00:00:00
RECON001171,HDFC2026917018,2024-02-13,Matched,None,0.0,0.0,0,2024-02-13 00:00:00
RECON001172,HDFC2026376427,2024-02-14,Matched,None,0.0,0.0,0,2024-02-14 00:00:00
RECON001173,HDFC2026547891,2024-02-14,Matched,None,0.0,0.0,0,2024-02-14 00:00:00
RECON001174,HDFC2026895921,2024-02-14,Matched,None,0.0,0.0,0,2024-02-14 00:00:00
RECON001175,HDFC2026781431,2024-02-14,Unmatched,Amount Mismatch,-4258.0,-1.9116287004696018,11,2024-02-25
RECON001176,HDFC2026730396,2024-02-14,Duplicate,Duplicate Transaction,0.0,0.0,8,2024-02-22
RECON001177,HDFC2026727527,2024-02-14,Matched,None,0.0,0.0,0,2024-02-14 00:00:00
RECON001178,HDFC2026723544,2024-02-14,Matched,None,0.0,0.0,0,2024-02-14 00:00:00
RECON001179,HDFC2026264442,2024-02-14,Matched,None,0.0,0.0,0,2024-02-14 00:00:00
RECON001180,HDFC2026509219,2024-02-14,Unmatched,Missing Settlement,65349.0,100.0,5,2024-02-19
RECON001181,HDFC2026986944,2024-02-14,Matched,None,0.0,0.0,0,2024-02-14 00:00:00
RECON001182,HDFC2026198195,2024-02-14,Duplicate,Duplicate Transaction,0.0,0.0,7,2024-02-21
RECON001183,HDFC2026749326,2024-02-14,Matched,None,0.0,0.0,0,2024-02-14 00:00:00
RECON001184,HDFC2026579901,2024-02-14,Matched,None,0.0,0.0,0,2024-02-14 00:00:00
RECON001185,HDFC2026504107,2024-02-14,Matched,None,0.0,0.0,0,2024-02-14 00:00:00
RECON001186,HDFC2026940668,2024-02-14,Matched,None,0.0,0.0,0,2024-02-14 00:00:00
RECON001187,HDFC2026905232,2024-02-14,Unmatched,Amount Mismatch,4021.0,8.042,1,2024-02-15
RECON001188,HDFC2026291366,2024-02-14,Matched,None,0.0,0.0,0,2024-02-14 00:00:00
RECON001189,HDFC2026294853,2024-02-14,Matched,None,0.0,0.0,0,2024-02-14 00:00:00
RECON001190,HDFC2026266846,2024-02-14,Matched,None,0.0,0.0,0,2024-02-14 00:00:00
RECON001191,HDFC2026745555,2024-02-14,Duplicate,Duplicate Transaction,0.0,0.0,2,2024-02-16
RECON001192,HDFC2026265092,2024-02-14,Matched,None,0.0,0.0,0,2024-02-14 00:00:00
RECON001193,HDFC2026443199,2024-02-14,Matched,None,0.0,0.0,0,2024-02-14 00:00:00
RECON001194,HDFC2026353163,2024-02-14,Matched,None,0.0,0.0,0,2024-02-14 00:00:00
RECON001195,HDFC2026673713,2024-02-14,Matched,None,0.0,0.0,0,2024-02-14 00:00:00
RECON001196,HDFC2026551652,2024-02-14,Matched,None,0.0,0.0,0,2024-02-14 00:00:00
RECON001197,HDFC2026169933,2024-02-14,Matched,None,0.0,0.0,0,2024-02-14 00:00:00
RECON001198,HDFC2026338391,2024-02-15,Matched,None,0.0,0.0,0,2024-02-15 00:00:00
RECON001199,HDFC2026576919,2024-02-15,Matched,None,0.0,0.0,0,2024-02-15 00:00:00
RECON001200,HDFC2026748478,2024-02-15,Matched,None,0.0,0.0,0,2024-02-15 00:00:00
RECON001201,HDFC2026308743,2024-02-15,Unmatched,Missing Settlement,304978.0,100.0,11,2024-02-26
RECON001202,HDFC2026782823,2024-02-15,Matched,None,0.0,0.0,0,2024-02-15 00:00:00
RECON001203,HDFC2026155964,2024-02-15,Matched,None,0.0,0.0,0,2024-02-15 00:00:00
RECON001204,HDFC2026727273,2024-02-15,Matched,None,0.0,0.0,0,2024-02-15 00:00:00
RECON001205,HDFC2026683966,2024-02-15,Unmatched,Amount Mismatch,-3238.0,-2.6110376415185628,10,2024-02-25
RECON001206,HDFC2026727090,2024-02-15,Unmatched,Missing Settlement,391537.0,100.0,5,2024-02-20
RECON001207,HDFC2026940212,2024-02-15,Matched,None,0.0,0.0,0,2024-02-15 00:00:00
RECON001208,HDFC2026840385,2024-02-15,Matched,None,0.0,0.0,0,2024-02-15 00:00:00
RECON001209,HDFC2026149372,2024-02-15,Matched,None,0.0,0.0,0,2024-02-15 00:00:00
RECON001210,HDFC2026816624,2024-02-15,Matched,None,0.0,0.0,0,2024-02-15 00:00:00
RECON001211,HDFC2026371215,2024-02-15,Matched,None,0.0,0.0,0,2024-02-15 00:00:00
RECON001212,HDFC2026146372,2024-02-15,Matched,None,0.0,0.0,0,2024-02-15 00:00:00
RECON001213,HDFC2026470533,2024-02-15,Matched,None,0.0,0.0,0,2024-02-15 00:00:00
RECON001214,HDFC2026906066,2024-02-15,Matched,None,0.0,0.0,0,2024-02-15 00:00:00
RECON001215,HDFC2026954956,2024-02-15,Unmatched,Amount Mismatch,3165.0,2.1167595187298103,5,2024-02-20
RECON001216,HDFC2026586525,2024-02-15,Matched,None,0.0,0.0,0,2024-02-15 00:00:00
RECON001217,HDFC2026184076,2024-02-15,Matched,None,0.0,0.0,0,2024-02-15 00:00:00
RECON001218,HDFC2026774043,2024-02-15,Matched,None,0.0,0.0,0,2024-02-15 00:00:00
RECON001219,HDFC2026407975,2024-02-15,Matched,None,0.0,0.0,0,2024-02-15 00:00:00
RECON001220,HDFC2026665993,2024-02-15,Matched,None,0.0,0.0,0,2024-02-15 00:00:00
RECON001221,HDFC2026205639,2024-02-15,Matched,None,0.0,0.0,0,2024-02-15 00:00:00
RECON001222,HDFC2026298656,2024-02-15,Matched,None,0.0,0.0,0,2024-02-15 00:00:00
RECON001223,HDFC2026415242,2024-02-15,Matched,None,0.0,0.0,0,2024-02-15 00:00:00
RECON001224,HDFC2026953167,2024-02-15,Matched,None,0.0,0.0,0,2024-02-15 00:00:00
RECON001225,HDFC2026999804,2024-02-16,Matched,None,0.0,0.0,0,2024-02-16 00:00:00
RECON001226,HDFC2026840364,2024-02-16,Matched,None,0.0,0.0,0,2024-02-16 00:00:00
RECON001227,HDFC2026294589,2024-02-16,Matched,None,0.0,0.0,0,2024-02-16 00:00:00
RECON001228,HDFC2026138763,2024-02-16,Matched,None,0.0,0.0,0,2024-02-16 00:00:00
RECON001229,HDFC2026300814,2024-02-16,Matched,None,0.0,0.0,0,2024-02-16 00:00:00
RECON001230,HDFC2026256389,2024-02-16,Matched,None,0.0,0.0,0,2024-02-16 00:00:00
RECON001231,HDFC2026170646,2024-02-16,Matched,None,0.0,0.0,0,2024-02-16 00:00:00
RECON001232,HDFC2026586172,2024-02-16,Matched,None,0.0,0.0,0,2024-02-16 00:00:00
RECON001233,HDFC2026762373,2024-02-16,Matched,None,0.0,0.0,0,2024-02-16 00:00:00
RECON001234,HDFC2026943442,2024-02-16,Matched,None,0.0,0.0,0,2024-02-16 00:00:00
RECON001235,HDFC2026268187,2024-02-16,Unmatched,Missing Settlement,410235.0,100.0,1,2024-02-17
RECON001236,HDFC2026958819,2024-02-16,Unmatched,FX Rate Discrepancy,0.0,-1.58,9,2024-02-25
RECON001237,HDFC2026287143,2024-02-16,Matched,None,0.0,0.0,0,2024-02-16 00:00:00
RECON001238,HDFC2026282851,2024-02-16,Matched,None,0.0,0.0,0,2024-02-16 00:00:00
RECON001239,HDFC2026305829,2024-02-16,Matched,None,0.0,0.0,0,2024-02-16 00:00:00
RECON001240,HDFC2026130211,2024-02-16,Matched,None,0.0,0.0,0,2024-02-16 00:00:00
RECON001241,HDFC2026610159,2024-02-17,Unmatched,Amount Mismatch,-400.0,-0.2528333133173627,1,2024-02-18
RECON001242,HDFC2026850007,2024-02-17,Matched,None,0.0,0.0,0,2024-02-17 00:00:00
RECON001243,HDFC2026222400,2024-02-17,Matched,None,0.0,0.0,0,2024-02-17 00:00:00
RECON001244,HDFC2026325445,2024-02-17,Unmatched,Amount Mismatch,3602.0,2.2061615728547803,9,2024-02-26
RECON001245,HDFC2026823042,2024-02-17,Matched,None,0.0,0.0,0,2024-02-17 00:00:00
RECON001246,HDFC2026774261,2024-02-17,Matched,None,0.0,0.0,0,2024-02-17 00:00:00
RECON001247,HDFC2026294121,2024-02-17,Matched,None,0.0,0.0,0,2024-02-17 00:00:00
RECON001248,HDFC2026654415,2024-02-17,Matched,None,0.0,0.0,0,2024-02-17 00:00:00
RECON001249,HDFC2026511632,2024-02-17,Matched,None,0.0,0.0,0,2024-02-17 00:00:00
RECON001250,HDFC2026840488,2024-02-17,Matched,None,0.0,0.0,0,2024-02-17 00:00:00
RECON001251,HDFC2026476288,2024-02-17,Unmatched,Amount Mismatch,3720.0,1.5560035804813572,13,2024-03-01
RECON001252,HDFC2026643459,2024-02-17,Matched,None,0.0,0.0,0,2024-02-17 00:00:00
RECON001253,HDFC2026893349,2024-02-17,Matched,None,0.0,0.0,0,2024-02-17 00:00:00
RECON001254,HDFC2026716813,2024-02-17,Matched,None,0.0,0.0,0,2024-02-17 00:00:00
RECON001255,HDFC2026145637,2024-02-17,Matched,None,0.0,0.0,0,2024-02-17 00:00:00
RECON001256,HDFC2026986682,2024-02-17,Duplicate,Duplicate Transaction,0.0,0.0,2,2024-02-19
RECON001257,HDFC2026386176,2024-02-17,Matched,None,0.0,0.0,0,2024-02-17 00:00:00
RECON001258,HDFC2026162062,2024-02-17,Matched,None,0.0,0.0,0,2024-02-17 00:00:00
RECON001259,HDFC2026692767,2024-02-17,Matched,None,0.0,0.0,0,2024-02-17 00:00:00
RECON001260,HDFC2026120891,2024-02-17,Matched,None,0.0,0.0,0,2024-02-17 00:00:00
RECON001261,HDFC2026801655,2024-02-17,Matched,None,0.0,0.0,0,2024-02-17 00:00:00
RECON001262,HDFC2026764406,2024-02-17,Matched,None,0.0,0.0,0,2024-02-17 00:00:00
RECON001263,HDFC2026754382,2024-02-17,Matched,None,0.0,0.0,0,2024-02-17 00:00:00
RECON001264,HDFC2026155717,2024-02-17,Matched,None,0.0,0.0,0,2024-02-17 00:00:00
RECON001265,HDFC2026336800,2024-02-17,Matched,None,0.0,0.0,0,2024-02-17 00:00:00
RECON001266,HDFC2026288189,2024-02-18,Matched,None,0.0,0.0,0,2024-02-18 00:00:00
RECON001267,HDFC2026901215,2024-02-18,Unmatched,Amount Mismatch,-3980.0,-0.6522312700647152,12,2024-03-01
RECON001268,HDFC2026362202,2024-02-18,Unmatched,Amount Mismatch,765.0,0.4979950005207791,13,2024-03-02
RECON001269,HDFC2026278342,2024-02-18,Matched,None,0.0,0.0,0,2024-02-18 00:00:00
RECON001270,HDFC2026872841,2024-02-18,Unmatched,Amount Mismatch,-2345.0,-0.41511404572450233,8,2024-02-26
RECON001271,HDFC2026343765,2024-02-18,Matched,None,0.0,0.0,0,2024-02-18 00:00:00
RECON001272,HDFC2026835414,2024-02-18,Matched,None,0.0,0.0,0,2024-02-18 00:00:00
RECON001273,HDFC2026591574,2024-02-18,Matched,None,0.0,0.0,0,2024-02-18 00:00:00
RECON001274,HDFC2026424031,2024-02-18,Matched,None,0.0,0.0,0,2024-02-18 00:00:00
RECON001275,HDFC2026969364,2024-02-18,Matched,None,0.0,0.0,0,2024-02-18 00:00:00
RECON001276,HDFC2026641887,2024-02-18,Unmatched,Missing Settlement,240586.0,100.0,15,2024-03-04
RECON001277,HDFC2026631636,2024-02-18,Matched,None,0.0,0.0,0,2024-02-18 00:00:00
RECON001278,HDFC2026339849,2024-02-18,Matched,None,0.0,0.0,0,2024-02-18 00:00:00
RECON001279,HDFC2026866392,2024-02-18,Unmatched,Missing Settlement,686904.0,100.0,2,2024-02-20
RECON001280,HDFC2026143247,2024-02-18,Matched,None,0.0,0.0,0,2024-02-18 00:00:00
RECON001281,HDFC2026389970,2024-02-18,Matched,None,0.0,0.0,0,2024-02-18 00:00:00
RECON001282,HDFC2026592464,2024-02-18,Matched,None,0.0,0.0,0,2024-02-18 00:00:00
RECON001283,HDFC2026785832,2024-02-18,Matched,None,0.0,0.0,0,2024-02-18 00:00:00
RECON001284,HDFC2026574993,2024-02-18,Unmatched,Amount Mismatch,2747.0,1.9447236892406585,7,2024-02-25
RECON001285,HDFC2026699530,2024-02-18,Matched,None,0.0,0.0,0,2024-02-18 00:00:00
RECON001286,HDFC2026327534,2024-02-18,Matched,None,0.0,0.0,0,2024-02-18 00:00:00
RECON001287,HDFC2026787134,2024-02-18,Matched,None,0.0,0.0,0,2024-02-18 00:00:00
RECON001288,HDFC2026951216,2024-02-18,Matched,None,0.0,0.0,0,2024-02-18 00:00:00
RECON001289,HDFC2026635780,2024-02-18,Unmatched,Missing Settlement,360920.0,100.0,4,2024-02-22
RECON001290,HDFC2026928530,2024-02-18,Matched,None,0.0,0.0,0,2024-02-18 00:00:00
RECON001291,HDFC2026545567,2024-02-18,Matched,None,0.0,0.0,0,2024-02-18 00:00:00
RECON001292,HDFC2026471038,2024-02-18,Matched,None,0.0,0.0,0,2024-02-18 00:00:00
RECON001293,HDFC2026698895,2024-02-18,Unmatched,Missing Settlement,503991.0,100.0,5,2024-02-23
RECON001294,HDFC2026508253,2024-02-18,Matched,None,0.0,0.0,0,2024-02-18 00:00:00
RECON001295,HDFC2026468054,2024-02-18,Matched,None,0.0,0.0,0,2024-02-18 00:00:00
RECON001296,HDFC2026492082,2024-02-18,Matched,None,0.0,0.0,0,2024-02-18 00:00:00
RECON001297,HDFC2026396968,2024-02-18,Matched,None,0.0,0.0,0,2024-02-18 00:00:00
RECON001298,HDFC2026520732,2024-02-18,Matched,None,0.0,0.0,0,2024-02-18 00:00:00
RECON001299,HDFC2026910555,2024-02-19,Matched,None,0.0,0.0,0,2024-02-19 00:00:00
RECON001300,HDFC2026429500,2024-02-19,Matched,None,0.0,0.0,0,2024-02-19 00:00:00
RECON001301,HDFC2026819559,2024-02-19,Matched,None,0.0,0.0,0,2024-02-19 00:00:00
RECON001302,HDFC2026802935,2024-02-19,Unmatched,Missing Settlement,93190.0,100.0,7,2024-02-26
RECON001303,HDFC2026666621,2024-02-19,Matched,None,0.0,0.0,0,2024-02-19 00:00:00
RECON001304,HDFC2026764376,2024-02-19,Matched,None,0.0,0.0,0,2024-02-19 00:00:00
RECON001305,HDFC2026584955,2024-02-19,Matched,None,0.0,0.0,0,2024-02-19 00:00:00
RECON001306,HDFC2026127421,2024-02-19,Matched,None,0.0,0.0,0,2024-02-19 00:00:00
RECON001307,HDFC2026336188,2024-02-19,Matched,None,0.0,0.0,0,2024-02-19 00:00:00
RECON001308,HDFC2026535453,2024-02-19,Unmatched,FX Rate Discrepancy,0.0,1.97,1,2024-02-20
RECON001309,HDFC2026297711,2024-02-19,Matched,None,0.0,0.0,0,2024-02-19 00:00:00
RECON001310,HDFC2026711988,2024-02-19,Matched,None,0.0,0.0,0,2024-02-19 00:00:00
RECON001311,HDFC2026287555,2024-02-19,Matched,None,0.0,0.0,0,2024-02-19 00:00:00
RECON001312,HDFC2026758765,2024-02-19,Matched,None,0.0,0.0,0,2024-02-19 00:00:00
RECON001313,HDFC2026215830,2024-02-19,Matched,None,0.0,0.0,0,2024-02-19 00:00:00
RECON001314,HDFC2026331282,2024-02-19,Matched,None,0.0,0.0,0,2024-02-19 00:00:00
RECON001315,HDFC2026369570,2024-02-19,Matched,None,0.0,0.0,0,2024-02-19 00:00:00
RECON001316,HDFC2026342959,2024-02-19,Matched,None,0.0,0.0,0,2024-02-19 00:00:00
RECON001317,HDFC2026216946,2024-02-19,Unmatched,Missing Settlement,141135.0,100.0,10,2024-02-29
RECON001318,HDFC2026744981,2024-02-19,Unmatched,FX Rate Discrepancy,0.0,1.08,8,2024-02-27
RECON001319,HDFC2026535097,2024-02-19,Unmatched,Missing Settlement,94080.0,100.0,1,2024-02-20
RECON001320,HDFC2026536009,2024-02-19,Matched,None,0.0,0.0,0,2024-02-19 00:00:00
RECON001321,HDFC2026333069,2024-02-19,Duplicate,Duplicate Transaction,0.0,0.0,10,2024-02-29
RECON001322,HDFC2026612862,2024-02-19,Matched,None,0.0,0.0,0,2024-02-19 00:00:00
RECON001323,HDFC2026481485,2024-02-19,Unmatched,Amount Mismatch,-276.0,-0.17038088770911786,7,2024-02-26
RECON001324,HDFC2026319710,2024-02-19,Matched,None,0.0,0.0,0,2024-02-19 00:00:00
RECON001325,HDFC2026442521,2024-02-19,Matched,None,0.0,0.0,0,2024-02-19 00:00:00
RECON001326,HDFC2026268802,2024-02-19,Matched,None,0.0,0.0,0,2024-02-19 00:00:00
RECON001327,HDFC2026961018,2024-02-19,Matched,None,0.0,0.0,0,2024-02-19 00:00:00
RECON001328,HDFC2026645731,2024-02-19,Matched,None,0.0,0.0,0,2024-02-19 00:00:00
RECON001329,HDFC2026499060,2024-02-19,Matched,None,0.0,0.0,0,2024-02-19 00:00:00
RECON001330,HDFC2026947380,2024-02-19,Unmatched,Missing Settlement,57711.0,100.0,5,2024-02-24
RECON001331,HDFC2026566515,2024-02-19,Matched,None,0.0,0.0,0,2024-02-19 00:00:00
RECON001332,HDFC2026552855,2024-02-19,Matched,None,0.0,0.0,0,2024-02-19 00:00:00
RECON001333,HDFC2026618987,2024-02-19,Unmatched,Amount Mismatch,-2372.0,-0.6321658342616826,4,2024-02-23
RECON001334,HDFC2026208422,2024-02-19,Matched,None,0.0,0.0,0,2024-02-19 00:00:00
RECON001335,HDFC2026893826,2024-02-20,Matched,None,0.0,0.0,0,2024-02-20 00:00:00
RECON001336,HDFC2026696000,2024-02-20,Matched,None,0.0,0.0,0,2024-02-20 00:00:00
RECON001337,HDFC2026250710,2024-02-20,Matched,None,0.0,0.0,0,2024-02-20 00:00:00
RECON001338,HDFC2026965672,2024-02-20,Matched,None,0.0,0.0,0,2024-02-20 00:00:00
RECON001339,HDFC2026533696,2024-02-20,Unmatched,Missing Settlement,127692.0,100.0,5,2024-02-25
RECON001340,HDFC2026281072,2024-02-20,Matched,None,0.0,0.0,0,2024-02-20 00:00:00
RECON001341,HDFC2026604223,2024-02-20,Matched,None,0.0,0.0,0,2024-02-20 00:00:00
RECON001342,HDFC2026324912,2024-02-20,Unmatched,Missing Settlement,154588.0,100.0,6,2024-02-26
RECON001343,HDFC2026487475,2024-02-20,Matched,None,0.0,0.0,0,2024-02-20 00:00:00
RECON001344,HDFC2026520762,2024-02-20,Matched,None,0.0,0.0,0,2024-02-20 00:00:00
RECON001345,HDFC2026970808,2024-02-20,Matched,None,0.0,0.0,0,2024-02-20 00:00:00
RECON001346,HDFC2026586823,2024-02-20,Matched,None,0.0,0.0,0,2024-02-20 00:00:00
RECON001347,HDFC2026468557,2024-02-20,Matched,None,0.0,0.0,0,2024-02-20 00:00:00
RECON001348,HDFC2026265603,2024-02-20,Matched,None,0.0,0.0,0,2024-02-20 00:00:00
RECON001349,HDFC2026189445,2024-02-20,Matched,None,0.0,0.0,0,2024-02-20 00:00:00
RECON001350,HDFC2026705161,2024-02-20,Matched,None,0.0,0.0,0,2024-02-20 00:00:00
RECON001351,HDFC2026434165,2024-02-20,Matched,None,0.0,0.0,0,2024-02-20 00:00:00
RECON001352,HDFC2026779879,2024-02-20,Matched,None,0.0,0.0,0,2024-02-20 00:00:00
RECON001353,HDFC2026559789,2024-02-20,Matched,None,0.0,0.0,0,2024-02-20 00:00:00
RECON001354,HDFC2026177009,2024-02-20,Matched,None,0.0,0.0,0,2024-02-20 00:00:00
RECON001355,HDFC2026652779,2024-02-20,Matched,None,0.0,0.0,0,2024-02-20 00:00:00
RECON001356,HDFC2026310174,2024-02-20,Unmatched,Amount Mismatch,-1754.0,-0.5933573743428753,8,2024-02-28
RECON001357,HDFC2026175872,2024-02-20,Matched,None,0.0,0.0,0,2024-02-20 00:00:00
RECON001358,HDFC2026604134,2024-02-20,Matched,None,0.0,0.0,0,2024-02-20 00:00:00
RECON001359,HDFC2026602201,2024-02-20,Matched,None,0.0,0.0,0,2024-02-20 00:00:00
RECON001360,HDFC2026821347,2024-02-20,Matched,None,0.0,0.0,0,2024-02-20 00:00:00
RECON001361,HDFC2026705588,2024-02-21,Matched,None,0.0,0.0,0,2024-02-21 00:00:00
RECON001362,HDFC2026624711,2024-02-21,Duplicate,Duplicate Transaction,0.0,0.0,11,2024-03-03
RECON001363,HDFC2026486706,2024-02-21,Matched,None,0.0,0.0,0,2024-02-21 00:00:00
RECON001364,HDFC2026519753,2024-02-21,Unmatched,FX Rate Discrepancy,0.0,1.66,5,2024-02-26
RECON001365,HDFC2026327002,2024-02-21,Matched,None,0.0,0.0,0,2024-02-21 00:00:00
RECON001366,HDFC2026893627,2024-02-21,Unmatched,Missing Settlement,180211.0,100.0,12,2024-03-04
RECON001367,HDFC2026285419,2024-02-21,Matched,None,0.0,0.0,0,2024-02-21 00:00:00
RECON001368,HDFC2026687038,2024-02-21,Matched,None,0.0,0.0,0,2024-02-21 00:00:00
RECON001369,HDFC2026785897,2024-02-21,Duplicate,Duplicate Transaction,0.0,0.0,9,2024-03-01
RECON001370,HDFC2026916501,2024-02-21,Matched,None,0.0,0.0,0,2024-02-21 00:00:00
RECON001371,HDFC2026607552,2024-02-21,Unmatched,FX Rate Discrepancy,0.0,0.03,1,2024-02-22
RECON001372,HDFC2026984476,2024-02-21,Unmatched,Amount Mismatch,-837.0,-0.45388486399722355,10,2024-03-02
RECON001373,HDFC2026270629,2024-02-21,Matched,None,0.0,0.0,0,2024-02-21 00:00:00
RECON001374,HDFC2026714483,2024-02-21,Matched,None,0.0,0.0,0,2024-02-21 00:00:00
RECON001375,HDFC2026815123,2024-02-21,Matched,None,0.0,0.0,0,2024-02-21 00:00:00
RECON001376,HDFC2026113554,2024-02-21,Matched,None,0.0,0.0,0,2024-02-21 00:00:00
RECON001377,HDFC2026958320,2024-02-21,Matched,None,0.0,0.0,0,2024-02-21 00:00:00
RECON001378,HDFC2026978840,2024-02-21,Matched,None,0.0,0.0,0,2024-02-21 00:00:00
RECON001379,HDFC2026654810,2024-02-21,Matched,None,0.0,0.0,0,2024-02-21 00:00:00
RECON001380,HDFC2026972380,2024-02-21,Matched,None,0.0,0.0,0,2024-02-21 00:00:00
RECON001381,HDFC2026659393,2024-02-21,Matched,None,0.0,0.0,0,2024-02-21 00:00:00
RECON001382,HDFC2026154693,2024-02-21,Matched,None,0.0,0.0,0,2024-02-21 00:00:00
RECON001383,HDFC2026930790,2024-02-21,Matched,None,0.0,0.0,0,2024-02-21 00:00:00
RECON001384,HDFC2026771112,2024-02-21,Matched,None,0.0,0.0,0,2024-02-21 00:00:00
RECON001385,HDFC2026837090,2024-02-22,Matched,None,0.0,0.0,0,2024-02-22 00:00:00
RECON001386,HDFC2026738196,2024-02-22,Matched,None,0.0,0.0,0,2024-02-22 00:00:00
RECON001387,HDFC2026578442,2024-02-22,Matched,None,0.0,0.0,0,2024-02-22 00:00:00
RECON001388,HDFC2026711333,2024-02-22,Matched,None,0.0,0.0,0,2024-02-22 00:00:00
RECON001389,HDFC2026810968,2024-02-22,Matched,None,0.0,0.0,0,2024-02-22 00:00:00
RECON001390,HDFC2026971177,2024-02-22,Unmatched,Amount Mismatch,-1280.0,-0.2784909272877595,4,2024-02-26
RECON001391,HDFC2026501704,2024-02-22,Matched,None,0.0,0.0,0,2024-02-22 00:00:00
RECON001392,HDFC2026921385,2024-02-22,Matched,None,0.0,0.0,0,2024-02-22 00:00:00
RECON001393,HDFC2026229489,2024-02-22,Matched,None,0.0,0.0,0,2024-02-22 00:00:00
RECON001394,HDFC2026609501,2024-02-22,Unmatched,Amount Mismatch,1655.0,0.6822041583538063,15,2024-03-08
RECON001395,HDFC2026364966,2024-02-22,Matched,None,0.0,0.0,0,2024-02-22 00:00:00
RECON001396,HDFC2026987397,2024-02-22,Matched,None,0.0,0.0,0,2024-02-22 00:00:00
RECON001397,HDFC2026127500,2024-02-22,Matched,None,0.0,0.0,0,2024-02-22 00:00:00
RECON001398,HDFC2026172771,2024-02-22,Duplicate,Duplicate Transaction,0.0,0.0,12,2024-03-05
RECON001399,HDFC2026574966,2024-02-22,Matched,None,0.0,0.0,0,2024-02-22 00:00:00
RECON001400,HDFC2026175696,2024-02-22,Matched,None,0.0,0.0,0,2024-02-22 00:00:00
RECON001401,HDFC2026892663,2024-02-22,Unmatched,Amount Mismatch,3390.0,3.765704320007109,9,2024-03-02
RECON001402,HDFC2026759743,2024-02-22,Unmatched,Amount Mismatch,-2475.0,-3.053896648734021,5,2024-02-27
RECON001403,HDFC2026922337,2024-02-22,Matched,None,0.0,0.0,0,2024-02-22 00:00:00
RECON001404,HDFC2026844668,2024-02-22,Matched,None,0.0,0.0,0,2024-02-22 00:00:00
RECON001405,HDFC2026130429,2024-02-22,Matched,None,0.0,0.0,0,2024-02-22 00:00:00
RECON001406,HDFC2026223820,2024-02-23,Matched,None,0.0,0.0,0,2024-02-23 00:00:00
RECON001407,HDFC2026631948,2024-02-23,Matched,None,0.0,0.0,0,2024-02-23 00:00:00
RECON001408,HDFC2026258505,2024-02-23,Matched,None,0.0,0.0,0,2024-02-23 00:00:00
RECON001409,HDFC2026354063,2024-02-23,Unmatched,FX Rate Discrepancy,0.0,1.44,10,2024-03-04
RECON001410,HDFC2026346790,2024-02-23,Matched,None,0.0,0.0,0,2024-02-23 00:00:00
RECON001411,HDFC2026611333,2024-02-23,Matched,None,0.0,0.0,0,2024-02-23 00:00:00
RECON001412,HDFC2026939186,2024-02-23,Matched,None,0.0,0.0,0,2024-02-23 00:00:00
RECON001413,HDFC2026129096,2024-02-23,Matched,None,0.0,0.0,0,2024-02-23 00:00:00
RECON001414,HDFC2026973877,2024-02-23,Matched,None,0.0,0.0,0,2024-02-23 00:00:00
RECON001415,HDFC2026812234,2024-02-23,Unmatched,FX Rate Discrepancy,0.0,0.42,12,2024-03-06
RECON001416,HDFC2026445017,2024-02-23,Matched,None,0.0,0.0,0,2024-02-23 00:00:00
RECON001417,HDFC2026938651,2024-02-23,Matched,None,0.0,0.0,0,2024-02-23 00:00:00
RECON001418,HDFC2026449851,2024-02-23,Matched,None,0.0,0.0,0,2024-02-23 00:00:00
RECON001419,HDFC2026648917,2024-02-23,Matched,None,0.0,0.0,0,2024-02-23 00:00:00
RECON001420,HDFC2026802685,2024-02-23,Matched,None,0.0,0.0,0,2024-02-23 00:00:00
RECON001421,HDFC2026976258,2024-02-23,Matched,None,0.0,0.0,0,2024-02-23 00:00:00
RECON001422,HDFC2026262070,2024-02-23,Matched,None,0.0,0.0,0,2024-02-23 00:00:00
RECON001423,HDFC2026831179,2024-02-23,Duplicate,Duplicate Transaction,0.0,0.0,3,2024-02-26
RECON001424,HDFC2026636545,2024-02-23,Matched,None,0.0,0.0,0,2024-02-23 00:00:00
RECON001425,HDFC2026655218,2024-02-23,Matched,None,0.0,0.0,0,2024-02-23 00:00:00
RECON001426,HDFC2026606222,2024-02-23,Duplicate,Duplicate Transaction,0.0,0.0,9,2024-03-03
RECON001427,HDFC2026792618,2024-02-23,Matched,None,0.0,0.0,0,2024-02-23 00:00:00
RECON001428,HDFC2026370868,2024-02-23,Matched,None,0.0,0.0,0,2024-02-23 00:00:00
RECON001429,HDFC2026918596,2024-02-23,Matched,None,0.0,0.0,0,2024-02-23 00:00:00
RECON001430,HDFC2026245473,2024-02-23,Matched,None,0.0,0.0,0,2024-02-23 00:00:00
RECON001431,HDFC2026792754,2024-02-24,Matched,None,0.0,0.0,0,2024-02-24 00:00:00
RECON001432,HDFC2026628986,2024-02-24,Matched,None,0.0,0.0,0,2024-02-24 00:00:00
RECON001433,HDFC2026630829,2024-02-24,Matched,None,0.0,0.0,0,2024-02-24 00:00:00
RECON001434,HDFC2026803386,2024-02-24,Matched,None,0.0,0.0,0,2024-02-24 00:00:00
RECON001435,HDFC2026667875,2024-02-24,Matched,None,0.0,0.0,0,2024-02-24 00:00:00
RECON001436,HDFC2026378944,2024-02-24,Unmatched,Amount Mismatch,-2951.0,-1.2246896774970015,12,2024-03-07
RECON001437,HDFC2026957525,2024-02-24,Matched,None,0.0,0.0,0,2024-02-24 00:00:00
RECON001438,HDFC2026603989,2024-02-24,Matched,None,0.0,0.0,0,2024-02-24 00:00:00
RECON001439,HDFC2026880920,2024-02-24,Matched,None,0.0,0.0,0,2024-02-24 00:00:00
RECON001440,HDFC2026826899,2024-02-24,Matched,None,0.0,0.0,0,2024-02-24 00:00:00
RECON001441,HDFC2026251830,2024-02-24,Matched,None,0.0,0.0,0,2024-02-24 00:00:00
RECON001442,HDFC2026547386,2024-02-24,Matched,None,0.0,0.0,0,2024-02-24 00:00:00
RECON001443,HDFC2026749302,2024-02-24,Unmatched,Missing Settlement,218181.0,100.0,1,2024-02-25
RECON001444,HDFC2026153188,2024-02-24,Matched,None,0.0,0.0,0,2024-02-24 00:00:00
RECON001445,HDFC2026490464,2024-02-24,Matched,None,0.0,0.0,0,2024-02-24 00:00:00
RECON001446,HDFC2026263573,2024-02-24,Matched,None,0.0,0.0,0,2024-02-24 00:00:00
RECON001447,HDFC2026973891,2024-02-24,Matched,None,0.0,0.0,0,2024-02-24 00:00:00
RECON001448,HDFC2026487180,2024-02-24,Matched,None,0.0,0.0,0,2024-02-24 00:00:00
RECON001449,HDFC2026357329,2024-02-24,Matched,None,0.0,0.0,0,2024-02-24 00:00:00
RECON001450,HDFC2026140830,2024-02-24,Matched,None,0.0,0.0,0,2024-02-24 00:00:00
RECON001451,HDFC2026109041,2024-02-24,Duplicate,Duplicate Transaction,0.0,0.0,10,2024-03-05
RECON001452,HDFC2026891506,2024-02-24,Matched,None,0.0,0.0,0,2024-02-24 00:00:00
RECON001453,HDFC2026806120,2024-02-24,Matched,None,0.0,0.0,0,2024-02-24 00:00:00
RECON001454,HDFC2026937872,2024-02-24,Matched,None,0.0,0.0,0,2024-02-24 00:00:00
RECON001455,HDFC2026314709,2024-02-24,Matched,None,0.0,0.0,0,2024-02-24 00:00:00
RECON001456,HDFC2026241370,2024-02-24,Duplicate,Duplicate Transaction,0.0,0.0,6,2024-03-01
RECON001457,HDFC2026950504,2024-02-24,Matched,None,0.0,0.0,0,2024-02-24 00:00:00
RECON001458,HDFC2026463318,2024-02-24,Unmatched,Amount Mismatch,-600.0,-0.14929569754682287,7,2024-03-02
RECON001459,HDFC2026554803,2024-02-24,Matched,None,0.0,0.0,0,2024-02-24 00:00:00
RECON001460,HDFC2026418690,2024-02-24,Matched,None,0.0,0.0,0,2024-02-24 00:00:00
RECON001461,HDFC2026133850,2024-02-24,Unmatched,Missing Settlement,147429.0,100.0,3,2024-02-27
RECON001462,HDFC2026237796,2024-02-24,Matched,None,0.0,0.0,0,2024-02-24 00:00:00
RECON001463,HDFC2026927154,2024-02-24,Matched,None,0.0,0.0,0,2024-02-24 00:00:00
RECON001464,HDFC2026115255,2024-02-24,Matched,None,0.0,0.0,0,2024-02-24 00:00:00
RECON001465,HDFC2026138791,2024-02-24,Matched,None,0.0,0.0,0,2024-02-24 00:00:00
RECON001466,HDFC2026543182,2024-02-24,Matched,None,0.0,0.0,0,2024-02-24 00:00:00
RECON001467,HDFC2026102528,2024-02-24,Unmatched,Amount Mismatch,2006.0,1.5893263189586189,12,2024-03-07
RECON001468,HDFC2026390828,2024-02-25,Matched,None,0.0,0.0,0,2024-02-25 00:00:00
RECON001469,HDFC2026867324,2024-02-25,Matched,None,0.0,0.0,0,2024-02-25 00:00:00
RECON001470,HDFC2026113813,2024-02-25,Matched,None,0.0,0.0,0,2024-02-25 00:00:00
RECON001471,HDFC2026282535,2024-02-25,Matched,None,0.0,0.0,0,2024-02-25 00:00:00
RECON001472,HDFC2026151413,2024-02-25,Duplicate,Duplicate Transaction,0.0,0.0,7,2024-03-03
RECON001473,HDFC2026745540,2024-02-25,Matched,None,0.0,0.0,0,2024-02-25 00:00:00
RECON001474,HDFC2026324793,2024-02-25,Matched,None,0.0,0.0,0,2024-02-25 00:00:00
RECON001475,HDFC2026405587,2024-02-25,Matched,None,0.0,0.0,0,2024-02-25 00:00:00
RECON001476,HDFC2026435518,2024-02-25,Matched,None,0.0,0.0,0,2024-02-25 00:00:00
RECON001477,HDFC2026981031,2024-02-25,Matched,None,0.0,0.0,0,2024-02-25 00:00:00
RECON001478,HDFC2026251475,2024-02-25,Matched,None,0.0,0.0,0,2024-02-25 00:00:00
RECON001479,HDFC2026402459,2024-02-25,Matched,None,0.0,0.0,0,2024-02-25 00:00:00
RECON001480,HDFC2026860896,2024-02-25,Matched,None,0.0,0.0,0,2024-02-25 00:00:00
RECON001481,HDFC2026238365,2024-02-25,Matched,None,0.0,0.0,0,2024-02-25 00:00:00
RECON001482,HDFC2026269009,2024-02-25,Matched,None,0.0,0.0,0,2024-02-25 00:00:00
RECON001483,HDFC2026222763,2024-02-25,Matched,None,0.0,0.0,0,2024-02-25 00:00:00
RECON001484,HDFC2026508556,2024-02-25,Matched,None,0.0,0.0,0,2024-02-25 00:00:00
RECON001485,HDFC2026753169,2024-02-25,Matched,None,0.0,0.0,0,2024-02-25 00:00:00
RECON001486,HDFC2026645940,2024-02-25,Unmatched,Amount Mismatch,3913.0,1.8930084950751787,4,2024-02-29
RECON001487,HDFC2026181207,2024-02-25,Matched,None,0.0,0.0,0,2024-02-25 00:00:00
RECON001488,HDFC2026836748,2024-02-25,Matched,None,0.0,0.0,0,2024-02-25 00:00:00
RECON001489,HDFC2026207328,2024-02-25,Matched,None,0.0,0.0,0,2024-02-25 00:00:00
RECON001490,HDFC2026670232,2024-02-25,Matched,None,0.0,0.0,0,2024-02-25 00:00:00
RECON001491,HDFC2026140869,2024-02-25,Matched,None,0.0,0.0,0,2024-02-25 00:00:00
RECON001492,HDFC2026230126,2024-02-25,Matched,None,0.0,0.0,0,2024-02-25 00:00:00
RECON001493,HDFC2026197344,2024-02-25,Matched,None,0.0,0.0,0,2024-02-25 00:00:00
RECON001494,HDFC2026298686,2024-02-25,Matched,None,0.0,0.0,0,2024-02-25 00:00:00
RECON001495,HDFC2026556644,2024-02-25,Matched,None,0.0,0.0,0,2024-02-25 00:00:00
RECON001496,HDFC2026383031,2024-02-25,Matched,None,0.0,0.0,0,2024-02-25 00:00:00
RECON001497,HDFC2026982436,2024-02-25,Matched,None,0.0,0.0,0,2024-02-25 00:00:00
RECON001498,HDFC2026132052,2024-02-25,Matched,None,0.0,0.0,0,2024-02-25 00:00:00
RECON001499,HDFC2026754577,2024-02-25,Matched,None,0.0,0.0,0,2024-02-25 00:00:00
RECON001500,HDFC2026177860,2024-02-25,Matched,None,0.0,0.0,0,2024-02-25 00:00:00
RECON001501,HDFC2026517295,2024-02-25,Matched,None,0.0,0.0,0,2024-02-25 00:00:00
RECON001502,HDFC2026302999,2024-02-25,Matched,None,0.0,0.0,0,2024-02-25 00:00:00
RECON001503,HDFC2026984484,2024-02-26,Matched,None,0.0,0.0,0,2024-02-26 00:00:00
RECON001504,HDFC2026579653,2024-02-26,Matched,None,0.0,0.0,0,2024-02-26 00:00:00
RECON001505,HDFC2026711883,2024-02-26,Matched,None,0.0,0.0,0,2024-02-26 00:00:00
RECON001506,HDFC2026224207,2024-02-26,Matched,None,0.0,0.0,0,2024-02-26 00:00:00
RECON001507,HDFC2026806002,2024-02-26,Matched,None,0.0,0.0,0,2024-02-26 00:00:00
RECON001508,HDFC2026875123,2024-02-26,Matched,None,0.0,0.0,0,2024-02-26 00:00:00
RECON001509,HDFC2026411302,2024-02-26,Matched,None,0.0,0.0,0,2024-02-26 00:00:00
RECON001510,HDFC2026435027,2024-02-26,Matched,None,0.0,0.0,0,2024-02-26 00:00:00
RECON001511,HDFC2026153467,2024-02-26,Matched,None,0.0,0.0,0,2024-02-26 00:00:00
RECON001512,HDFC2026796415,2024-02-26,Unmatched,Missing Settlement,269677.0,100.0,2,2024-02-28
RECON001513,HDFC2026587343,2024-02-26,Unmatched,Missing Settlement,200893.0,100.0,4,2024-03-01
RECON001514,HDFC2026171242,2024-02-26,Matched,None,0.0,0.0,0,2024-02-26 00:00:00
RECON001515,HDFC2026341238,2024-02-26,Matched,None,0.0,0.0,0,2024-02-26 00:00:00
RECON001516,HDFC2026202179,2024-02-26,Matched,None,0.0,0.0,0,2024-02-26 00:00:00
RECON001517,HDFC2026436542,2024-02-26,Matched,None,0.0,0.0,0,2024-02-26 00:00:00
RECON001518,HDFC2026402418,2024-02-26,Matched,None,0.0,0.0,0,2024-02-26 00:00:00
RECON001519,HDFC2026400699,2024-02-26,Duplicate,Duplicate Transaction,0.0,0.0,1,2024-02-27
RECON001520,HDFC2026685027,2024-02-26,Duplicate,Duplicate Transaction,0.0,0.0,2,2024-02-28
RECON001521,HDFC2026308729,2024-02-26,Matched,None,0.0,0.0,0,2024-02-26 00:00:00
RECON001522,HDFC2026934647,2024-02-26,Matched,None,0.0,0.0,0,2024-02-26 00:00:00
RECON001523,HDFC2026393569,2024-02-26,Matched,None,0.0,0.0,0,2024-02-26 00:00:00
RECON001524,HDFC2026852076,2024-02-26,Matched,None,0.0,0.0,0,2024-02-26 00:00:00
RECON001525,HDFC2026132747,2024-02-27,Matched,None,0.0,0.0,0,2024-02-27 00:00:00
RECON001526,HDFC2026467642,2024-02-27,Matched,None,0.0,0.0,0,2024-02-27 00:00:00
RECON001527,HDFC2026425772,2024-02-27,Matched,None,0.0,0.0,0,2024-02-27 00:00:00
RECON001528,HDFC2026363345,2024-02-27,Matched,None,0.0,0.0,0,2024-02-27 00:00:00
RECON001529,HDFC2026498883,2024-02-27,Matched,None,0.0,0.0,0,2024-02-27 00:00:00
RECON001530,HDFC2026714904,2024-02-27,Matched,None,0.0,0.0,0,2024-02-27 00:00:00
RECON001531,HDFC2026656213,2024-02-27,Matched,None,0.0,0.0,0,2024-02-27 00:00:00
RECON001532,HDFC2026412956,2024-02-27,Matched,None,0.0,0.0,0,2024-02-27 00:00:00
RECON001533,HDFC2026972831,2024-02-27,Matched,None,0.0,0.0,0,2024-02-27 00:00:00
RECON001534,HDFC2026601955,2024-02-27,Matched,None,0.0,0.0,0,2024-02-27 00:00:00
RECON001535,HDFC2026679722,2024-02-27,Unmatched,Amount Mismatch,879.0,0.08321633501627877,10,2024-03-08
RECON001536,HDFC2026251353,2024-02-27,Matched,None,0.0,0.0,0,2024-02-27 00:00:00
RECON001537,HDFC2026175889,2024-02-27,Matched,None,0.0,0.0,0,2024-02-27 00:00:00
RECON001538,HDFC2026253727,2024-02-27,Matched,None,0.0,0.0,0,2024-02-27 00:00:00
RECON001539,HDFC2026291432,2024-02-27,Matched,None,0.0,0.0,0,2024-02-27 00:00:00
RECON001540,HDFC2026249419,2024-02-27,Matched,None,0.0,0.0,0,2024-02-27 00:00:00
RECON001541,HDFC2026628248,2024-02-27,Matched,None,0.0,0.0,0,2024-02-27 00:00:00
RECON001542,HDFC2026770487,2024-02-27,Matched,None,0.0,0.0,0,2024-02-27 00:00:00
RECON001543,HDFC2026820126,2024-02-27,Matched,None,0.0,0.0,0,2024-02-27 00:00:00
RECON001544,HDFC2026409960,2024-02-27,Matched,None,0.0,0.0,0,2024-02-27 00:00:00
RECON001545,HDFC2026221181,2024-02-27,Matched,None,0.0,0.0,0,2024-02-27 00:00:00
RECON001546,HDFC2026580652,2024-02-27,Matched,None,0.0,0.0,0,2024-02-27 00:00:00
RECON001547,HDFC2026491416,2024-02-27,Matched,None,0.0,0.0,0,2024-02-27 00:00:00
RECON001548,HDFC2026295491,2024-02-27,Matched,None,0.0,0.0,0,2024-02-27 00:00:00
RECON001549,HDFC2026290666,2024-02-27,Matched,None,0.0,0.0,0,2024-02-27 00:00:00
RECON001550,HDFC2026386088,2024-02-27,Matched,None,0.0,0.0,0,2024-02-27 00:00:00
RECON001551,HDFC2026824375,2024-02-27,Matched,None,0.0,0.0,0,2024-02-27 00:00:00
RECON001552,HDFC2026114892,2024-02-27,Matched,None,0.0,0.0,0,2024-02-27 00:00:00
RECON001553,HDFC2026708803,2024-02-28,Matched,None,0.0,0.0,0,2024-02-28 00:00:00
RECON001554,HDFC2026646351,2024-02-28,Matched,None,0.0,0.0,0,2024-02-28 00:00:00
RECON001555,HDFC2026146751,2024-02-28,Matched,None,0.0,0.0,0,2024-02-28 00:00:00
RECON001556,HDFC2026128578,2024-02-28,Matched,None,0.0,0.0,0,2024-02-28 00:00:00
RECON001557,HDFC2026713630,2024-02-28,Matched,None,0.0,0.0,0,2024-02-28 00:00:00
RECON001558,HDFC2026899582,2024-02-28,Matched,None,0.0,0.0,0,2024-02-28 00:00:00
RECON001559,HDFC2026193476,2024-02-28,Unmatched,Amount Mismatch,-4284.0,-2.918156738530704,14,2024-03-13
RECON001560,HDFC2026403578,2024-02-28,Matched,None,0.0,0.0,0,2024-02-28 00:00:00
RECON001561,HDFC2026375868,2024-02-28,Duplicate,Duplicate Transaction,0.0,0.0,5,2024-03-04
RECON001562,HDFC2026558858,2024-02-28,Matched,None,0.0,0.0,0,2024-02-28 00:00:00
RECON001563,HDFC2026700534,2024-02-28,Duplicate,Duplicate Transaction,0.0,0.0,8,2024-03-07
RECON001564,HDFC2026467819,2024-02-28,Matched,None,0.0,0.0,0,2024-02-28 00:00:00
RECON001565,HDFC2026931864,2024-02-28,Unmatched,Missing Settlement,544682.0,100.0,7,2024-03-06
RECON001566,HDFC2026811796,2024-02-28,Duplicate,Duplicate Transaction,0.0,0.0,6,2024-03-05
RECON001567,HDFC2026864831,2024-02-28,Matched,None,0.0,0.0,0,2024-02-28 00:00:00
RECON001568,HDFC2026558831,2024-02-28,Matched,None,0.0,0.0,0,2024-02-28 00:00:00
RECON001569,HDFC2026493041,2024-02-28,Matched,None,0.0,0.0,0,2024-02-28 00:00:00
RECON001570,HDFC2026545790,2024-02-28,Matched,None,0.0,0.0,0,2024-02-28 00:00:00
RECON001571,HDFC2026480142,2024-02-28,Matched,None,0.0,0.0,0,2024-02-28 00:00:00
RECON001572,HDFC2026748419,2024-02-28,Unmatched,Missing Settlement,365920.0,100.0,9,2024-03-08
RECON001573,HDFC2026806817,2024-02-28,Matched,None,0.0,0.0,0,2024-02-28 00:00:00
RECON001574,HDFC2026992018,2024-02-28,Matched,None,0.0,0.0,0,2024-02-28 00:00:00
RECON001575,HDFC2026807969,2024-02-28,Matched,None,0.0,0.0,0,2024-02-28 00:00:00
RECON001576,HDFC2026535637,2024-02-29,Matched,None,0.0,0.0,0,2024-02-29 00:00:00
RECON001577,HDFC2026873943,2024-02-29,Matched,None,0.0,0.0,0,2024-02-29 00:00:00
RECON001578,HDFC2026150859,2024-02-29,Matched,None,0.0,0.0,0,2024-02-29 00:00:00
RECON001579,HDFC2026457766,2024-02-29,Matched,None,0.0,0.0,0,2024-02-29 00:00:00
RECON001580,HDFC2026838754,2024-02-29,Matched,None,0.0,0.0,0,2024-02-29 00:00:00
RECON001581,HDFC2026390755,2024-02-29,Matched,None,0.0,0.0,0,2024-02-29 00:00:00
RECON001582,HDFC2026445808,2024-02-29,Matched,None,0.0,0.0,0,2024-02-29 00:00:00
RECON001583,HDFC2026409917,2024-02-29,Unmatched,Amount Mismatch,-2543.0,-4.238545260596363,15,2024-03-15
RECON001584,HDFC2026612942,2024-02-29,Matched,None,0.0,0.0,0,2024-02-29 00:00:00
RECON001585,HDFC2026321134,2024-02-29,Matched,None,0.0,0.0,0,2024-02-29 00:00:00
RECON001586,HDFC2026823255,2024-02-29,Duplicate,Duplicate Transaction,0.0,0.0,13,2024-03-13
RECON001587,HDFC2026592209,2024-02-29,Matched,None,0.0,0.0,0,2024-02-29 00:00:00
RECON001588,HDFC2026286037,2024-02-29,Unmatched,Missing Settlement,1419163.0,100.0,9,2024-03-09
RECON001589,HDFC2026276474,2024-02-29,Matched,None,0.0,0.0,0,2024-02-29 00:00:00
RECON001590,HDFC2026605382,2024-02-29,Matched,None,0.0,0.0,0,2024-02-29 00:00:00
RECON001591,HDFC2026546688,2024-02-29,Matched,None,0.0,0.0,0,2024-02-29 00:00:00
RECON001592,HDFC2026596574,2024-02-29,Matched,None,0.0,0.0,0,2024-02-29 00:00:00
RECON001593,HDFC2026739030,2024-02-29,Matched,None,0.0,0.0,0,2024-02-29 00:00:00
RECON001594,HDFC2026996961,2024-02-29,Matched,None,0.0,0.0,0,2024-02-29 00:00:00
RECON001595,HDFC2026967653,2024-02-29,Matched,None,0.0,0.0,0,2024-02-29 00:00:00
RECON001596,HDFC2026951853,2024-02-29,Matched,None,0.0,0.0,0,2024-02-29 00:00:00
RECON001597,HDFC2026957403,2024-02-29,Matched,None,0.0,0.0,0,2024-02-29 00:00:00
RECON001598,HDFC2026312876,2024-02-29,Matched,None,0.0,0.0,0,2024-02-29 00:00:00
RECON001599,HDFC2026596330,2024-02-29,Matched,None,0.0,0.0,0,2024-02-29 00:00:00
RECON001600,HDFC2026333444,2024-02-29,Matched,None,0.0,0.0,0,2024-02-29 00:00:00
RECON001601,HDFC2026897454,2024-02-29,Duplicate,Duplicate Transaction,0.0,0.0,11,2024-03-11
RECON001602,HDFC2026128941,2024-02-29,Matched,None,0.0,0.0,0,2024-02-29 00:00:00
RECON001603,HDFC2026478793,2024-02-29,Matched,None,0.0,0.0,0,2024-02-29 00:00:00
RECON001604,HDFC2026903199,2024-02-29,Matched,None,0.0,0.0,0,2024-02-29 00:00:00
RECON001605,HDFC2026195909,2024-02-29,Matched,None,0.0,0.0,0,2024-02-29 00:00:00
RECON001606,HDFC2026499122,2024-02-29,Matched,None,0.0,0.0,0,2024-02-29 00:00:00
RECON001607,HDFC2026880788,2024-02-29,Matched,None,0.0,0.0,0,2024-02-29 00:00:00
RECON001608,HDFC2026917548,2024-02-29,Matched,None,0.0,0.0,0,2024-02-29 00:00:00
RECON001609,HDFC2026920951,2024-02-29,Matched,None,0.0,0.0,0,2024-02-29 00:00:00
RECON001610,HDFC2026639915,2024-02-29,Matched,None,0.0,0.0,0,2024-02-29 00:00:00
RECON001611,HDFC2026442816,2024-02-29,Matched,None,0.0,0.0,0,2024-02-29 00:00:00
RECON001612,HDFC2026167374,2024-03-01,Matched,None,0.0,0.0,0,2024-03-01 00:00:00
RECON001613,HDFC2026875425,2024-03-01,Matched,None,0.0,0.0,0,2024-03-01 00:00:00
RECON001614,HDFC2026434674,2024-03-01,Matched,None,0.0,0.0,0,2024-03-01 00:00:00
RECON001615,HDFC2026948153,2024-03-01,Matched,None,0.0,0.0,0,2024-03-01 00:00:00
RECON001616,HDFC2026254035,2024-03-01,Matched,None,0.0,0.0,0,2024-03-01 00:00:00
RECON001617,HDFC2026995753,2024-03-01,Matched,None,0.0,0.0,0,2024-03-01 00:00:00
RECON001618,HDFC2026850552,2024-03-01,Matched,None,0.0,0.0,0,2024-03-01 00:00:00
RECON001619,HDFC2026382270,2024-03-01,Matched,None,0.0,0.0,0,2024-03-01 00:00:00
RECON001620,HDFC2026385696,2024-03-01,Matched,None,0.0,0.0,0,2024-03-01 00:00:00
RECON001621,HDFC2026526899,2024-03-01,Matched,None,0.0,0.0,0,2024-03-01 00:00:00
RECON001622,HDFC2026618750,2024-03-01,Unmatched,Missing Settlement,821970.0,100.0,7,2024-03-08
RECON001623,HDFC2026823821,2024-03-01,Matched,None,0.0,0.0,0,2024-03-01 00:00:00
RECON001624,HDFC2026771339,2024-03-01,Matched,None,0.0,0.0,0,2024-03-01 00:00:00
RECON001625,HDFC2026574584,2024-03-01,Matched,None,0.0,0.0,0,2024-03-01 00:00:00
RECON001626,HDFC2026919705,2024-03-01,Matched,None,0.0,0.0,0,2024-03-01 00:00:00
RECON001627,HDFC2026531865,2024-03-01,Matched,None,0.0,0.0,0,2024-03-01 00:00:00
RECON001628,HDFC2026385156,2024-03-01,Matched,None,0.0,0.0,0,2024-03-01 00:00:00
RECON001629,HDFC2026360247,2024-03-01,Matched,None,0.0,0.0,0,2024-03-01 00:00:00
RECON001630,HDFC2026856481,2024-03-01,Matched,None,0.0,0.0,0,2024-03-01 00:00:00
RECON001631,HDFC2026551313,2024-03-01,Matched,None,0.0,0.0,0,2024-03-01 00:00:00
RECON001632,HDFC2026868538,2024-03-01,Matched,None,0.0,0.0,0,2024-03-01 00:00:00
RECON001633,HDFC2026591868,2024-03-01,Matched,None,0.0,0.0,0,2024-03-01 00:00:00
RECON001634,HDFC2026619502,2024-03-02,Matched,None,0.0,0.0,0,2024-03-02 00:00:00
RECON001635,HDFC2026541699,2024-03-02,Matched,None,0.0,0.0,0,2024-03-02 00:00:00
RECON001636,HDFC2026673053,2024-03-02,Unmatched,Amount Mismatch,-1035.0,-0.10233157804191738,13,2024-03-15
RECON001637,HDFC2026311951,2024-03-02,Matched,None,0.0,0.0,0,2024-03-02 00:00:00
RECON001638,HDFC2026542070,2024-03-02,Matched,None,0.0,0.0,0,2024-03-02 00:00:00
RECON001639,HDFC2026715983,2024-03-02,Matched,None,0.0,0.0,0,2024-03-02 00:00:00
RECON001640,HDFC2026350151,2024-03-02,Unmatched,Amount Mismatch,-4923.0,-1.3121176987966257,13,2024-03-15
RECON001641,HDFC2026129824,2024-03-02,Unmatched,Missing Settlement,134228.0,100.0,3,2024-03-05
RECON001642,HDFC2026695656,2024-03-02,Matched,None,0.0,0.0,0,2024-03-02 00:00:00
RECON001643,HDFC2026257142,2024-03-02,Matched,None,0.0,0.0,0,2024-03-02 00:00:00
RECON001644,HDFC2026883064,2024-03-02,Matched,None,0.0,0.0,0,2024-03-02 00:00:00
RECON001645,HDFC2026926185,2024-03-02,Matched,None,0.0,0.0,0,2024-03-02 00:00:00
RECON001646,HDFC2026624157,2024-03-02,Matched,None,0.0,0.0,0,2024-03-02 00:00:00
RECON001647,HDFC2026614366,2024-03-02,Duplicate,Duplicate Transaction,0.0,0.0,6,2024-03-08
RECON001648,HDFC2026943039,2024-03-02,Matched,None,0.0,0.0,0,2024-03-02 00:00:00
RECON001649,HDFC2026346997,2024-03-02,Unmatched,Missing Settlement,173467.0,100.0,14,2024-03-16
RECON001650,HDFC2026493754,2024-03-02,Unmatched,Amount Mismatch,789.0,0.6354447710707526,3,2024-03-05
RECON001651,HDFC2026427193,2024-03-02,Matched,None,0.0,0.0,0,2024-03-02 00:00:00
RECON001652,HDFC2026970801,2024-03-02,Matched,None,0.0,0.0,0,2024-03-02 00:00:00
RECON001653,HDFC2026262954,2024-03-02,Matched,None,0.0,0.0,0,2024-03-02 00:00:00
RECON001654,HDFC2026213762,2024-03-02,Matched,None,0.0,0.0,0,2024-03-02 00:00:00
RECON001655,HDFC2026443939,2024-03-02,Matched,None,0.0,0.0,0,2024-03-02 00:00:00
RECON001656,HDFC2026801630,2024-03-02,Unmatched,Amount Mismatch,1358.0,1.3915502771828792,8,2024-03-10
RECON001657,HDFC2026840471,2024-03-02,Unmatched,Missing Settlement,625562.0,100.0,11,2024-03-13
RECON001658,HDFC2026439984,2024-03-02,Matched,None,0.0,0.0,0,2024-03-02 00:00:00
RECON001659,HDFC2026716906,2024-03-02,Matched,None,0.0,0.0,0,2024-03-02 00:00:00
RECON001660,HDFC2026428816,2024-03-02,Matched,None,0.0,0.0,0,2024-03-02 00:00:00
RECON001661,HDFC2026818425,2024-03-02,Matched,None,0.0,0.0,0,2024-03-02 00:00:00
RECON001662,HDFC2026274872,2024-03-02,Unmatched,FX Rate Discrepancy,0.0,1.6,13,2024-03-15
RECON001663,HDFC2026672103,2024-03-02,Matched,None,0.0,0.0,0,2024-03-02 00:00:00
RECON001664,HDFC2026377880,2024-03-02,Matched,None,0.0,0.0,0,2024-03-02 00:00:00
RECON001665,HDFC2026163821,2024-03-03,Matched,None,0.0,0.0,0,2024-03-03 00:00:00
RECON001666,HDFC2026325914,2024-03-03,Matched,None,0.0,0.0,0,2024-03-03 00:00:00
RECON001667,HDFC2026356604,2024-03-03,Matched,None,0.0,0.0,0,2024-03-03 00:00:00
RECON001668,HDFC2026653406,2024-03-03,Matched,None,0.0,0.0,0,2024-03-03 00:00:00
RECON001669,HDFC2026401282,2024-03-03,Matched,None,0.0,0.0,0,2024-03-03 00:00:00
RECON001670,HDFC2026690349,2024-03-03,Matched,None,0.0,0.0,0,2024-03-03 00:00:00
RECON001671,HDFC2026635591,2024-03-03,Matched,None,0.0,0.0,0,2024-03-03 00:00:00
RECON001672,HDFC2026911834,2024-03-03,Matched,None,0.0,0.0,0,2024-03-03 00:00:00
RECON001673,HDFC2026313978,2024-03-03,Unmatched,FX Rate Discrepancy,0.0,0.26,13,2024-03-16
RECON001674,HDFC2026450478,2024-03-03,Duplicate,Duplicate Transaction,0.0,0.0,10,2024-03-13
RECON001675,HDFC2026906320,2024-03-03,Matched,None,0.0,0.0,0,2024-03-03 00:00:00
RECON001676,HDFC2026882372,2024-03-03,Matched,None,0.0,0.0,0,2024-03-03 00:00:00
RECON001677,HDFC2026299028,2024-03-03,Matched,None,0.0,0.0,0,2024-03-03 00:00:00
RECON001678,HDFC2026535841,2024-03-03,Matched,None,0.0,0.0,0,2024-03-03 00:00:00
RECON001679,HDFC2026768282,2024-03-03,Matched,None,0.0,0.0,0,2024-03-03 00:00:00
RECON001680,HDFC2026990552,2024-03-03,Matched,None,0.0,0.0,0,2024-03-03 00:00:00
RECON001681,HDFC2026976835,2024-03-03,Matched,None,0.0,0.0,0,2024-03-03 00:00:00
RECON001682,HDFC2026467923,2024-03-03,Matched,None,0.0,0.0,0,2024-03-03 00:00:00
RECON001683,HDFC2026209887,2024-03-03,Matched,None,0.0,0.0,0,2024-03-03 00:00:00
RECON001684,HDFC2026873652,2024-03-03,Matched,None,0.0,0.0,0,2024-03-03 00:00:00
RECON001685,HDFC2026788532,2024-03-03,Matched,None,0.0,0.0,0,2024-03-03 00:00:00
RECON001686,HDFC2026237504,2024-03-03,Matched,None,0.0,0.0,0,2024-03-03 00:00:00
RECON001687,HDFC2026802559,2024-03-03,Unmatched,Missing Settlement,494004.0,100.0,6,2024-03-09
RECON001688,HDFC2026432362,2024-03-04,Matched,None,0.0,0.0,0,2024-03-04 00:00:00
RECON001689,HDFC2026313072,2024-03-04,Unmatched,Amount Mismatch,2030.0,0.9813874788494078,15,2024-03-19
RECON001690,HDFC2026804900,2024-03-04,Duplicate,Duplicate Transaction,0.0,0.0,11,2024-03-15
RECON001691,HDFC2026723067,2024-03-04,Matched,None,0.0,0.0,0,2024-03-04 00:00:00
RECON001692,HDFC2026530670,2024-03-04,Matched,None,0.0,0.0,0,2024-03-04 00:00:00
RECON001693,HDFC2026799542,2024-03-04,Matched,None,0.0,0.0,0,2024-03-04 00:00:00
RECON001694,HDFC2026549407,2024-03-04,Matched,None,0.0,0.0,0,2024-03-04 00:00:00
RECON001695,HDFC2026740628,2024-03-04,Matched,None,0.0,0.0,0,2024-03-04 00:00:00
RECON001696,HDFC2026225744,2024-03-04,Matched,None,0.0,0.0,0,2024-03-04 00:00:00
RECON001697,HDFC2026929456,2024-03-04,Matched,None,0.0,0.0,0,2024-03-04 00:00:00
RECON001698,HDFC2026811976,2024-03-04,Matched,None,0.0,0.0,0,2024-03-04 00:00:00
RECON001699,HDFC2026181685,2024-03-04,Unmatched,Missing Settlement,223028.0,100.0,6,2024-03-10
RECON001700,HDFC2026503560,2024-03-04,Matched,None,0.0,0.0,0,2024-03-04 00:00:00
RECON001701,HDFC2026803176,2024-03-04,Matched,None,0.0,0.0,0,2024-03-04 00:00:00
RECON001702,HDFC2026294576,2024-03-04,Matched,None,0.0,0.0,0,2024-03-04 00:00:00
RECON001703,HDFC2026844304,2024-03-04,Duplicate,Duplicate Transaction,0.0,0.0,14,2024-03-18
RECON001704,HDFC2026474512,2024-03-04,Matched,None,0.0,0.0,0,2024-03-04 00:00:00
RECON001705,HDFC2026594209,2024-03-04,Matched,None,0.0,0.0,0,2024-03-04 00:00:00
RECON001706,HDFC2026451250,2024-03-04,Unmatched,FX Rate Discrepancy,0.0,-1.33,4,2024-03-08
RECON001707,HDFC2026419198,2024-03-04,Matched,None,0.0,0.0,0,2024-03-04 00:00:00
RECON001708,HDFC2026762953,2024-03-04,Matched,None,0.0,0.0,0,2024-03-04 00:00:00
RECON001709,HDFC2026934355,2024-03-04,Matched,None,0.0,0.0,0,2024-03-04 00:00:00
RECON001710,HDFC2026117779,2024-03-04,Matched,None,0.0,0.0,0,2024-03-04 00:00:00
RECON001711,HDFC2026554456,2024-03-05,Matched,None,0.0,0.0,0,2024-03-05 00:00:00
RECON001712,HDFC2026192757,2024-03-05,Matched,None,0.0,0.0,0,2024-03-05 00:00:00
RECON001713,HDFC2026251606,2024-03-05,Matched,None,0.0,0.0,0,2024-03-05 00:00:00
RECON001714,HDFC2026985232,2024-03-05,Matched,None,0.0,0.0,0,2024-03-05 00:00:00
RECON001715,HDFC2026529314,2024-03-05,Matched,None,0.0,0.0,0,2024-03-05 00:00:00
RECON001716,HDFC2026607204,2024-03-05,Matched,None,0.0,0.0,0,2024-03-05 00:00:00
RECON001717,HDFC2026186518,2024-03-05,Matched,None,0.0,0.0,0,2024-03-05 00:00:00
RECON001718,HDFC2026170146,2024-03-05,Matched,None,0.0,0.0,0,2024-03-05 00:00:00
RECON001719,HDFC2026903120,2024-03-05,Matched,None,0.0,0.0,0,2024-03-05 00:00:00
RECON001720,HDFC2026720223,2024-03-05,Matched,None,0.0,0.0,0,2024-03-05 00:00:00
RECON001721,HDFC2026969253,2024-03-05,Matched,None,0.0,0.0,0,2024-03-05 00:00:00
RECON001722,HDFC2026317657,2024-03-05,Matched,None,0.0,0.0,0,2024-03-05 00:00:00
RECON001723,HDFC2026355400,2024-03-05,Matched,None,0.0,0.0,0,2024-03-05 00:00:00
RECON001724,HDFC2026252645,2024-03-05,Matched,None,0.0,0.0,0,2024-03-05 00:00:00
RECON001725,HDFC2026702433,2024-03-05,Matched,None,0.0,0.0,0,2024-03-05 00:00:00
RECON001726,HDFC2026228396,2024-03-05,Matched,None,0.0,0.0,0,2024-03-05 00:00:00
RECON001727,HDFC2026925063,2024-03-05,Matched,None,0.0,0.0,0,2024-03-05 00:00:00
RECON001728,HDFC2026960764,2024-03-05,Matched,None,0.0,0.0,0,2024-03-05 00:00:00
RECON001729,HDFC2026407211,2024-03-05,Unmatched,Missing Settlement,172934.0,100.0,14,2024-03-19
RECON001730,HDFC2026258441,2024-03-05,Matched,None,0.0,0.0,0,2024-03-05 00:00:00
RECON001731,HDFC2026789466,2024-03-05,Matched,None,0.0,0.0,0,2024-03-05 00:00:00
RECON001732,HDFC2026948549,2024-03-05,Matched,None,0.0,0.0,0,2024-03-05 00:00:00
RECON001733,HDFC2026768517,2024-03-05,Matched,None,0.0,0.0,0,2024-03-05 00:00:00
RECON001734,HDFC2026146587,2024-03-05,Matched,None,0.0,0.0,0,2024-03-05 00:00:00
RECON001735,HDFC2026920664,2024-03-06,Matched,None,0.0,0.0,0,2024-03-06 00:00:00
RECON001736,HDFC2026467178,2024-03-06,Matched,None,0.0,0.0,0,2024-03-06 00:00:00
RECON001737,HDFC2026328591,2024-03-06,Matched,None,0.0,0.0,0,2024-03-06 00:00:00
RECON001738,HDFC2026471581,2024-03-06,Unmatched,FX Rate Discrepancy,0.0,0.49,1,2024-03-07
RECON001739,HDFC2026189279,2024-03-06,Matched,None,0.0,0.0,0,2024-03-06 00:00:00
RECON001740,HDFC2026917326,2024-03-06,Matched,None,0.0,0.0,0,2024-03-06 00:00:00
RECON001741,HDFC2026602243,2024-03-06,Matched,None,0.0,0.0,0,2024-03-06 00:00:00
RECON001742,HDFC2026879492,2024-03-06,Matched,None,0.0,0.0,0,2024-03-06 00:00:00
RECON001743,HDFC2026655238,2024-03-06,Matched,None,0.0,0.0,0,2024-03-06 00:00:00
RECON001744,HDFC2026333159,2024-03-06,Matched,None,0.0,0.0,0,2024-03-06 00:00:00
RECON001745,HDFC2026389629,2024-03-06,Matched,None,0.0,0.0,0,2024-03-06 00:00:00
RECON001746,HDFC2026804610,2024-03-06,Duplicate,Duplicate Transaction,0.0,0.0,2,2024-03-08
RECON001747,HDFC2026988811,2024-03-06,Matched,None,0.0,0.0,0,2024-03-06 00:00:00
RECON001748,HDFC2026971393,2024-03-06,Matched,None,0.0,0.0,0,2024-03-06 00:00:00
RECON001749,HDFC2026754679,2024-03-06,Matched,None,0.0,0.0,0,2024-03-06 00:00:00
RECON001750,HDFC2026654531,2024-03-06,Unmatched,Missing Settlement,549451.0,100.0,6,2024-03-12
RECON001751,HDFC2026878991,2024-03-06,Matched,None,0.0,0.0,0,2024-03-06 00:00:00
RECON001752,HDFC2026601294,2024-03-06,Matched,None,0.0,0.0,0,2024-03-06 00:00:00
RECON001753,HDFC2026501878,2024-03-06,Matched,None,0.0,0.0,0,2024-03-06 00:00:00
RECON001754,HDFC2026537709,2024-03-06,Matched,None,0.0,0.0,0,2024-03-06 00:00:00
RECON001755,HDFC2026882597,2024-03-06,Matched,None,0.0,0.0,0,2024-03-06 00:00:00
RECON001756,HDFC2026371702,2024-03-06,Matched,None,0.0,0.0,0,2024-03-06 00:00:00
RECON001757,HDFC2026339270,2024-03-06,Matched,None,0.0,0.0,0,2024-03-06 00:00:00
RECON001758,HDFC2026707245,2024-03-06,Matched,None,0.0,0.0,0,2024-03-06 00:00:00
RECON001759,HDFC2026346549,2024-03-06,Matched,None,0.0,0.0,0,2024-03-06 00:00:00
RECON001760,HDFC2026790039,2024-03-06,Matched,None,0.0,0.0,0,2024-03-06 00:00:00
RECON001761,HDFC2026335561,2024-03-07,Unmatched,FX Rate Discrepancy,0.0,-1.84,3,2024-03-10
RECON001762,HDFC2026804007,2024-03-07,Matched,None,0.0,0.0,0,2024-03-07 00:00:00
RECON001763,HDFC2026985506,2024-03-07,Matched,None,0.0,0.0,0,2024-03-07 00:00:00
RECON001764,HDFC2026997503,2024-03-07,Matched,None,0.0,0.0,0,2024-03-07 00:00:00
RECON001765,HDFC2026496452,2024-03-07,Unmatched,Missing Settlement,219365.0,100.0,13,2024-03-20
RECON001766,HDFC2026427252,2024-03-07,Matched,None,0.0,0.0,0,2024-03-07 00:00:00
RECON001767,HDFC2026881889,2024-03-07,Matched,None,0.0,0.0,0,2024-03-07 00:00:00
RECON001768,HDFC2026158835,2024-03-07,Unmatched,FX Rate Discrepancy,0.0,-1.68,1,2024-03-08
RECON001769,HDFC2026500633,2024-03-07,Duplicate,Duplicate Transaction,0.0,0.0,12,2024-03-19
RECON001770,HDFC2026406616,2024-03-07,Matched,None,0.0,0.0,0,2024-03-07 00:00:00
RECON001771,HDFC2026174728,2024-03-07,Matched,None,0.0,0.0,0,2024-03-07 00:00:00
RECON001772,HDFC2026446111,2024-03-07,Matched,None,0.0,0.0,0,2024-03-07 00:00:00
RECON001773,HDFC2026923189,2024-03-07,Unmatched,Amount Mismatch,2110.0,0.8151848460614209,5,2024-03-12
RECON001774,HDFC2026206356,2024-03-07,Matched,None,0.0,0.0,0,2024-03-07 00:00:00
RECON001775,HDFC2026751628,2024-03-07,Matched,None,0.0,0.0,0,2024-03-07 00:00:00
RECON001776,HDFC2026509716,2024-03-07,Matched,None,0.0,0.0,0,2024-03-07 00:00:00
RECON001777,HDFC2026642491,2024-03-07,Unmatched,Amount Mismatch,2292.0,1.7894087612326,14,2024-03-21
RECON001778,HDFC2026299261,2024-03-07,Matched,None,0.0,0.0,0,2024-03-07 00:00:00
RECON001779,HDFC2026189756,2024-03-07,Matched,None,0.0,0.0,0,2024-03-07 00:00:00
RECON001780,HDFC2026143441,2024-03-07,Matched,None,0.0,0.0,0,2024-03-07 00:00:00
RECON001781,HDFC2026449112,2024-03-07,Matched,None,0.0,0.0,0,2024-03-07 00:00:00
RECON001782,HDFC2026183013,2024-03-07,Matched,None,0.0,0.0,0,2024-03-07 00:00:00
RECON001783,HDFC2026750317,2024-03-07,Matched,None,0.0,0.0,0,2024-03-07 00:00:00
RECON001784,HDFC2026988195,2024-03-07,Unmatched,Amount Mismatch,686.0,0.25029462523305496,4,2024-03-11
RECON001785,HDFC2026661067,2024-03-07,Unmatched,FX Rate Discrepancy,0.0,-0.0,3,2024-03-10
RECON001786,HDFC2026631125,2024-03-07,Matched,None,0.0,0.0,0,2024-03-07 00:00:00
RECON001787,HDFC2026908577,2024-03-07,Matched,None,0.0,0.0,0,2024-03-07 00:00:00
RECON001788,HDFC2026857265,2024-03-07,Unmatched,Amount Mismatch,-3672.0,-2.548159662465997,6,2024-03-13
RECON001789,HDFC2026978017,2024-03-07,Matched,None,0.0,0.0,0,2024-03-07 00:00:00
RECON001790,HDFC2026487060,2024-03-07,Unmatched,Amount Mismatch,450.0,0.6198261731932067,7,2024-03-14
RECON001791,HDFC2026905077,2024-03-07,Matched,None,0.0,0.0,0,2024-03-07 00:00:00
RECON001792,HDFC2026409066,2024-03-07,Matched,None,0.0,0.0,0,2024-03-07 00:00:00
RECON001793,HDFC2026333307,2024-03-07,Matched,None,0.0,0.0,0,2024-03-07 00:00:00
RECON001794,HDFC2026684613,2024-03-08,Matched,None,0.0,0.0,0,2024-03-08 00:00:00
RECON001795,HDFC2026883714,2024-03-08,Matched,None,0.0,0.0,0,2024-03-08 00:00:00
RECON001796,HDFC2026158396,2024-03-08,Matched,None,0.0,0.0,0,2024-03-08 00:00:00
RECON001797,HDFC2026896984,2024-03-08,Matched,None,0.0,0.0,0,2024-03-08 00:00:00
RECON001798,HDFC2026343944,2024-03-08,Matched,None,0.0,0.0,0,2024-03-08 00:00:00
RECON001799,HDFC2026999067,2024-03-08,Matched,None,0.0,0.0,0,2024-03-08 00:00:00
RECON001800,HDFC2026801821,2024-03-08,Matched,None,0.0,0.0,0,2024-03-08 00:00:00
RECON001801,HDFC2026378748,2024-03-08,Unmatched,Missing Settlement,69740.0,100.0,6,2024-03-14
RECON001802,HDFC2026867465,2024-03-08,Matched,None,0.0,0.0,0,2024-03-08 00:00:00
RECON001803,HDFC2026147859,2024-03-08,Unmatched,Missing Settlement,377451.0,100.0,13,2024-03-21
RECON001804,HDFC2026181872,2024-03-08,Matched,None,0.0,0.0,0,2024-03-08 00:00:00
RECON001805,HDFC2026223264,2024-03-08,Unmatched,Amount Mismatch,1181.0,0.7946012864332428,2,2024-03-10
RECON001806,HDFC2026307245,2024-03-08,Matched,None,0.0,0.0,0,2024-03-08 00:00:00
RECON001807,HDFC2026889207,2024-03-08,Matched,None,0.0,0.0,0,2024-03-08 00:00:00
RECON001808,HDFC2026181129,2024-03-08,Matched,None,0.0,0.0,0,2024-03-08 00:00:00
RECON001809,HDFC2026387821,2024-03-08,Matched,None,0.0,0.0,0,2024-03-08 00:00:00
RECON001810,HDFC2026347905,2024-03-08,Matched,None,0.0,0.0,0,2024-03-08 00:00:00
RECON001811,HDFC2026734463,2024-03-08,Matched,None,0.0,0.0,0,2024-03-08 00:00:00
RECON001812,HDFC2026207197,2024-03-08,Matched,None,0.0,0.0,0,2024-03-08 00:00:00
RECON001813,HDFC2026597126,2024-03-08,Matched,None,0.0,0.0,0,2024-03-08 00:00:00
RECON001814,HDFC2026796811,2024-03-08,Matched,None,0.0,0.0,0,2024-03-08 00:00:00
RECON001815,HDFC2026966980,2024-03-08,Matched,None,0.0,0.0,0,2024-03-08 00:00:00
RECON001816,HDFC2026347243,2024-03-08,Matched,None,0.0,0.0,0,2024-03-08 00:00:00
RECON001817,HDFC2026386439,2024-03-08,Unmatched,Amount Mismatch,-2716.0,-1.4747965095758602,7,2024-03-15
RECON001818,HDFC2026809449,2024-03-08,Matched,None,0.0,0.0,0,2024-03-08 00:00:00
RECON001819,HDFC2026780500,2024-03-08,Matched,None,0.0,0.0,0,2024-03-08 00:00:00
RECON001820,HDFC2026223548,2024-03-08,Unmatched,FX Rate Discrepancy,0.0,0.31,14,2024-03-22
RECON001821,HDFC2026210907,2024-03-08,Duplicate,Duplicate Transaction,0.0,0.0,15,2024-03-23
RECON001822,HDFC2026218548,2024-03-08,Matched,None,0.0,0.0,0,2024-03-08 00:00:00
RECON001823,HDFC2026472863,2024-03-08,Duplicate,Duplicate Transaction,0.0,0.0,1,2024-03-09
RECON001824,HDFC2026534649,2024-03-08,Matched,None,0.0,0.0,0,2024-03-08 00:00:00
RECON001825,HDFC2026756262,2024-03-08,Matched,None,0.0,0.0,0,2024-03-08 00:00:00
RECON001826,HDFC2026896806,2024-03-08,Matched,None,0.0,0.0,0,2024-03-08 00:00:00
RECON001827,HDFC2026714420,2024-03-08,Matched,None,0.0,0.0,0,2024-03-08 00:00:00
RECON001828,HDFC2026534079,2024-03-08,Matched,None,0.0,0.0,0,2024-03-08 00:00:00
RECON001829,HDFC2026357306,2024-03-08,Unmatched,Amount Mismatch,963.0,0.23487690303949735,9,2024-03-17
RECON001830,HDFC2026630507,2024-03-08,Matched,None,0.0,0.0,0,2024-03-08 00:00:00
RECON001831,HDFC2026903753,2024-03-09,Matched,None,0.0,0.0,0,2024-03-09 00:00:00
RECON001832,HDFC2026459682,2024-03-09,Matched,None,0.0,0.0,0,2024-03-09 00:00:00
RECON001833,HDFC2026362045,2024-03-09,Matched,None,0.0,0.0,0,2024-03-09 00:00:00
RECON001834,HDFC2026792085,2024-03-09,Matched,None,0.0,0.0,0,2024-03-09 00:00:00
RECON001835,HDFC2026810019,2024-03-09,Matched,None,0.0,0.0,0,2024-03-09 00:00:00
RECON001836,HDFC2026234604,2024-03-09,Matched,None,0.0,0.0,0,2024-03-09 00:00:00
RECON001837,HDFC2026166613,2024-03-09,Matched,None,0.0,0.0,0,2024-03-09 00:00:00
RECON001838,HDFC2026610441,2024-03-09,Matched,None,0.0,0.0,0,2024-03-09 00:00:00
RECON001839,HDFC2026142211,2024-03-09,Matched,None,0.0,0.0,0,2024-03-09 00:00:00
RECON001840,HDFC2026769905,2024-03-09,Matched,None,0.0,0.0,0,2024-03-09 00:00:00
RECON001841,HDFC2026838246,2024-03-09,Matched,None,0.0,0.0,0,2024-03-09 00:00:00
RECON001842,HDFC2026664716,2024-03-09,Matched,None,0.0,0.0,0,2024-03-09 00:00:00
RECON001843,HDFC2026302927,2024-03-09,Matched,None,0.0,0.0,0,2024-03-09 00:00:00
RECON001844,HDFC2026872848,2024-03-09,Matched,None,0.0,0.0,0,2024-03-09 00:00:00
RECON001845,HDFC2026546157,2024-03-09,Matched,None,0.0,0.0,0,2024-03-09 00:00:00
RECON001846,HDFC2026447656,2024-03-09,Matched,None,0.0,0.0,0,2024-03-09 00:00:00
RECON001847,HDFC2026811482,2024-03-09,Matched,None,0.0,0.0,0,2024-03-09 00:00:00
RECON001848,HDFC2026424196,2024-03-09,Matched,None,0.0,0.0,0,2024-03-09 00:00:00
RECON001849,HDFC2026592746,2024-03-09,Matched,None,0.0,0.0,0,2024-03-09 00:00:00
RECON001850,HDFC2026571452,2024-03-09,Matched,None,0.0,0.0,0,2024-03-09 00:00:00
RECON001851,HDFC2026530152,2024-03-09,Matched,None,0.0,0.0,0,2024-03-09 00:00:00
RECON001852,HDFC2026584258,2024-03-09,Matched,None,0.0,0.0,0,2024-03-09 00:00:00
RECON001853,HDFC2026347009,2024-03-09,Matched,None,0.0,0.0,0,2024-03-09 00:00:00
RECON001854,HDFC2026874882,2024-03-09,Duplicate,Duplicate Transaction,0.0,0.0,12,2024-03-21
RECON001855,HDFC2026189365,2024-03-09,Matched,None,0.0,0.0,0,2024-03-09 00:00:00
RECON001856,HDFC2026578634,2024-03-09,Duplicate,Duplicate Transaction,0.0,0.0,15,2024-03-24
RECON001857,HDFC2026826871,2024-03-09,Matched,None,0.0,0.0,0,2024-03-09 00:00:00
RECON001858,HDFC2026433704,2024-03-09,Matched,None,0.0,0.0,0,2024-03-09 00:00:00
RECON001859,HDFC2026757644,2024-03-09,Matched,None,0.0,0.0,0,2024-03-09 00:00:00
RECON001860,HDFC2026310933,2024-03-09,Matched,None,0.0,0.0,0,2024-03-09 00:00:00
RECON001861,HDFC2026340249,2024-03-09,Matched,None,0.0,0.0,0,2024-03-09 00:00:00
RECON001862,HDFC2026552371,2024-03-09,Matched,None,0.0,0.0,0,2024-03-09 00:00:00
RECON001863,HDFC2026759382,2024-03-09,Matched,None,0.0,0.0,0,2024-03-09 00:00:00
RECON001864,HDFC2026770264,2024-03-09,Duplicate,Duplicate Transaction,0.0,0.0,5,2024-03-14
RECON001865,HDFC2026158096,2024-03-10,Matched,None,0.0,0.0,0,2024-03-10 00:00:00
RECON001866,HDFC2026160774,2024-03-10,Matched,None,0.0,0.0,0,2024-03-10 00:00:00
RECON001867,HDFC2026399167,2024-03-10,Matched,None,0.0,0.0,0,2024-03-10 00:00:00
RECON001868,HDFC2026619855,2024-03-10,Matched,None,0.0,0.0,0,2024-03-10 00:00:00
RECON001869,HDFC2026491627,2024-03-10,Matched,None,0.0,0.0,0,2024-03-10 00:00:00
RECON001870,HDFC2026507456,2024-03-10,Matched,None,0.0,0.0,0,2024-03-10 00:00:00
RECON001871,HDFC2026644973,2024-03-10,Matched,None,0.0,0.0,0,2024-03-10 00:00:00
RECON001872,HDFC2026446568,2024-03-10,Matched,None,0.0,0.0,0,2024-03-10 00:00:00
RECON001873,HDFC2026933175,2024-03-10,Matched,None,0.0,0.0,0,2024-03-10 00:00:00
RECON001874,HDFC2026281320,2024-03-10,Matched,None,0.0,0.0,0,2024-03-10 00:00:00
RECON001875,HDFC2026355218,2024-03-10,Matched,None,0.0,0.0,0,2024-03-10 00:00:00
RECON001876,HDFC2026946194,2024-03-10,Unmatched,Missing Settlement,164269.0,100.0,5,2024-03-15
RECON001877,HDFC2026699131,2024-03-10,Matched,None,0.0,0.0,0,2024-03-10 00:00:00
RECON001878,HDFC2026899049,2024-03-10,Unmatched,Amount Mismatch,4470.0,0.8773617124844449,10,2024-03-20
RECON001879,HDFC2026200761,2024-03-10,Matched,None,0.0,0.0,0,2024-03-10 00:00:00
RECON001880,HDFC2026449421,2024-03-10,Matched,None,0.0,0.0,0,2024-03-10 00:00:00
RECON001881,HDFC2026948819,2024-03-10,Matched,None,0.0,0.0,0,2024-03-10 00:00:00
RECON001882,HDFC2026512935,2024-03-10,Matched,None,0.0,0.0,0,2024-03-10 00:00:00
RECON001883,HDFC2026224603,2024-03-10,Matched,None,0.0,0.0,0,2024-03-10 00:00:00
RECON001884,HDFC2026853329,2024-03-10,Matched,None,0.0,0.0,0,2024-03-10 00:00:00
RECON001885,HDFC2026162833,2024-03-11,Matched,None,0.0,0.0,0,2024-03-11 00:00:00
RECON001886,HDFC2026191224,2024-03-11,Unmatched,FX Rate Discrepancy,0.0,0.73,15,2024-03-26
RECON001887,HDFC2026956342,2024-03-11,Matched,None,0.0,0.0,0,2024-03-11 00:00:00
RECON001888,HDFC2026247147,2024-03-11,Matched,None,0.0,0.0,0,2024-03-11 00:00:00
RECON001889,HDFC2026698738,2024-03-11,Unmatched,FX Rate Discrepancy,0.0,0.65,9,2024-03-20
RECON001890,HDFC2026904624,2024-03-11,Matched,None,0.0,0.0,0,2024-03-11 00:00:00
RECON001891,HDFC2026354148,2024-03-11,Matched,None,0.0,0.0,0,2024-03-11 00:00:00
RECON001892,HDFC2026686315,2024-03-11,Matched,None,0.0,0.0,0,2024-03-11 00:00:00
RECON001893,HDFC2026871523,2024-03-11,Unmatched,FX Rate Discrepancy,0.0,1.38,14,2024-03-25
RECON001894,HDFC2026356994,2024-03-11,Matched,None,0.0,0.0,0,2024-03-11 00:00:00
RECON001895,HDFC2026850479,2024-03-11,Unmatched,FX Rate Discrepancy,0.0,1.85,9,2024-03-20
RECON001896,HDFC2026898963,2024-03-11,Matched,None,0.0,0.0,0,2024-03-11 00:00:00
RECON001897,HDFC2026796834,2024-03-11,Matched,None,0.0,0.0,0,2024-03-11 00:00:00
RECON001898,HDFC2026594585,2024-03-11,Matched,None,0.0,0.0,0,2024-03-11 00:00:00
RECON001899,HDFC2026532424,2024-03-11,Matched,None,0.0,0.0,0,2024-03-11 00:00:00
RECON001900,HDFC2026705958,2024-03-11,Matched,None,0.0,0.0,0,2024-03-11 00:00:00
RECON001901,HDFC2026661097,2024-03-11,Matched,None,0.0,0.0,0,2024-03-11 00:00:00
RECON001902,HDFC2026104743,2024-03-11,Duplicate,Duplicate Transaction,0.0,0.0,6,2024-03-17
RECON001903,HDFC2026487910,2024-03-11,Unmatched,Amount Mismatch,-1430.0,-0.8586525759577279,3,2024-03-14
RECON001904,HDFC2026443450,2024-03-11,Unmatched,Amount Mismatch,-3197.0,-1.5363766117056807,15,2024-03-26
RECON001905,HDFC2026999646,2024-03-11,Matched,None,0.0,0.0,0,2024-03-11 00:00:00
RECON001906,HDFC2026525608,2024-03-11,Matched,None,0.0,0.0,0,2024-03-11 00:00:00
RECON001907,HDFC2026454991,2024-03-11,Matched,None,0.0,0.0,0,2024-03-11 00:00:00
RECON001908,HDFC2026781880,2024-03-12,Matched,None,0.0,0.0,0,2024-03-12 00:00:00
RECON001909,HDFC2026321385,2024-03-12,Matched,None,0.0,0.0,0,2024-03-12 00:00:00
RECON001910,HDFC2026786025,2024-03-12,Matched,None,0.0,0.0,0,2024-03-12 00:00:00
RECON001911,HDFC2026962941,2024-03-12,Matched,None,0.0,0.0,0,2024-03-12 00:00:00
RECON001912,HDFC2026829884,2024-03-12,Matched,None,0.0,0.0,0,2024-03-12 00:00:00
RECON001913,HDFC2026768391,2024-03-12,Duplicate,Duplicate Transaction,0.0,0.0,6,2024-03-18
RECON001914,HDFC2026860448,2024-03-12,Matched,None,0.0,0.0,0,2024-03-12 00:00:00
RECON001915,HDFC2026803492,2024-03-12,Matched,None,0.0,0.0,0,2024-03-12 00:00:00
RECON001916,HDFC2026406922,2024-03-12,Matched,None,0.0,0.0,0,2024-03-12 00:00:00
RECON001917,HDFC2026991170,2024-03-12,Unmatched,Missing Settlement,2102639.0,100.0,10,2024-03-22
RECON001918,HDFC2026594866,2024-03-12,Duplicate,Duplicate Transaction,0.0,0.0,10,2024-03-22
RECON001919,HDFC2026975256,2024-03-12,Matched,None,0.0,0.0,0,2024-03-12 00:00:00
RECON001920,HDFC2026935391,2024-03-12,Matched,None,0.0,0.0,0,2024-03-12 00:00:00
RECON001921,HDFC2026121239,2024-03-12,Matched,None,0.0,0.0,0,2024-03-12 00:00:00
RECON001922,HDFC2026976378,2024-03-12,Unmatched,Amount Mismatch,-3723.0,-1.9481844678991735,6,2024-03-18
RECON001923,HDFC2026731951,2024-03-12,Matched,None,0.0,0.0,0,2024-03-12 00:00:00
RECON001924,HDFC2026301935,2024-03-12,Matched,None,0.0,0.0,0,2024-03-12 00:00:00
RECON001925,HDFC2026897266,2024-03-12,Matched,None,0.0,0.0,0,2024-03-12 00:00:00
RECON001926,HDFC2026592584,2024-03-12,Matched,None,0.0,0.0,0,2024-03-12 00:00:00
RECON001927,HDFC2026277735,2024-03-12,Unmatched,FX Rate Discrepancy,0.0,-1.87,3,2024-03-15
RECON001928,HDFC2026101248,2024-03-12,Matched,None,0.0,0.0,0,2024-03-12 00:00:00
RECON001929,HDFC2026581801,2024-03-12,Matched,None,0.0,0.0,0,2024-03-12 00:00:00
RECON001930,HDFC2026695578,2024-03-12,Matched,None,0.0,0.0,0,2024-03-12 00:00:00
RECON001931,HDFC2026939307,2024-03-12,Matched,None,0.0,0.0,0,2024-03-12 00:00:00
RECON001932,HDFC2026579097,2024-03-12,Matched,None,0.0,0.0,0,2024-03-12 00:00:00
RECON001933,HDFC2026125630,2024-03-12,Matched,None,0.0,0.0,0,2024-03-12 00:00:00
RECON001934,HDFC2026942946,2024-03-12,Matched,None,0.0,0.0,0,2024-03-12 00:00:00
RECON001935,HDFC2026197906,2024-03-12,Matched,None,0.0,0.0,0,2024-03-12 00:00:00
RECON001936,HDFC2026378829,2024-03-12,Matched,None,0.0,0.0,0,2024-03-12 00:00:00
RECON001937,HDFC2026502491,2024-03-12,Matched,None,0.0,0.0,0,2024-03-12 00:00:00
RECON001938,HDFC2026696451,2024-03-12,Unmatched,Amount Mismatch,54.0,0.03560408260147163,11,2024-03-23
RECON001939,HDFC2026764940,2024-03-12,Matched,None,0.0,0.0,0,2024-03-12 00:00:00
RECON001940,HDFC2026150106,2024-03-13,Duplicate,Duplicate Transaction,0.0,0.0,3,2024-03-16
RECON001941,HDFC2026167370,2024-03-13,Unmatched,Missing Settlement,329092.0,100.0,3,2024-03-16
RECON001942,HDFC2026620797,2024-03-13,Matched,None,0.0,0.0,0,2024-03-13 00:00:00
RECON001943,HDFC2026620287,2024-03-13,Matched,None,0.0,0.0,0,2024-03-13 00:00:00
RECON001944,HDFC2026383256,2024-03-13,Matched,None,0.0,0.0,0,2024-03-13 00:00:00
RECON001945,HDFC2026561303,2024-03-13,Matched,None,0.0,0.0,0,2024-03-13 00:00:00
RECON001946,HDFC2026760241,2024-03-13,Matched,None,0.0,0.0,0,2024-03-13 00:00:00
RECON001947,HDFC2026591324,2024-03-13,Matched,None,0.0,0.0,0,2024-03-13 00:00:00
RECON001948,HDFC2026733112,2024-03-13,Matched,None,0.0,0.0,0,2024-03-13 00:00:00
RECON001949,HDFC2026949593,2024-03-13,Unmatched,Missing Settlement,180904.0,100.0,2,2024-03-15
RECON001950,HDFC2026578700,2024-03-13,Matched,None,0.0,0.0,0,2024-03-13 00:00:00
RECON001951,HDFC2026123681,2024-03-13,Matched,None,0.0,0.0,0,2024-03-13 00:00:00
RECON001952,HDFC2026147573,2024-03-13,Matched,None,0.0,0.0,0,2024-03-13 00:00:00
RECON001953,HDFC2026560259,2024-03-13,Matched,None,0.0,0.0,0,2024-03-13 00:00:00
RECON001954,HDFC2026578245,2024-03-13,Matched,None,0.0,0.0,0,2024-03-13 00:00:00
RECON001955,HDFC2026125911,2024-03-13,Matched,None,0.0,0.0,0,2024-03-13 00:00:00
RECON001956,HDFC2026208119,2024-03-13,Matched,None,0.0,0.0,0,2024-03-13 00:00:00
RECON001957,HDFC2026874294,2024-03-13,Unmatched,FX Rate Discrepancy,0.0,-0.82,9,2024-03-22
RECON001958,HDFC2026217100,2024-03-13,Matched,None,0.0,0.0,0,2024-03-13 00:00:00
RECON001959,HDFC2026109083,2024-03-13,Matched,None,0.0,0.0,0,2024-03-13 00:00:00
RECON001960,HDFC2026778277,2024-03-13,Matched,None,0.0,0.0,0,2024-03-13 00:00:00
RECON001961,HDFC2026625597,2024-03-13,Matched,None,0.0,0.0,0,2024-03-13 00:00:00
RECON001962,HDFC2026163793,2024-03-13,Unmatched,FX Rate Discrepancy,0.0,-0.14,5,2024-03-18
RECON001963,HDFC2026531233,2024-03-13,Matched,None,0.0,0.0,0,2024-03-13 00:00:00
RECON001964,HDFC2026426859,2024-03-13,Matched,None,0.0,0.0,0,2024-03-13 00:00:00
RECON001965,HDFC2026258511,2024-03-13,Matched,None,0.0,0.0,0,2024-03-13 00:00:00
RECON001966,HDFC2026721250,2024-03-13,Matched,None,0.0,0.0,0,2024-03-13 00:00:00
RECON001967,HDFC2026341894,2024-03-13,Matched,None,0.0,0.0,0,2024-03-13 00:00:00
RECON001968,HDFC2026783362,2024-03-13,Matched,None,0.0,0.0,0,2024-03-13 00:00:00
RECON001969,HDFC2026740171,2024-03-13,Matched,None,0.0,0.0,0,2024-03-13 00:00:00
RECON001970,HDFC2026671294,2024-03-13,Matched,None,0.0,0.0,0,2024-03-13 00:00:00
RECON001971,HDFC2026755495,2024-03-14,Matched,None,0.0,0.0,0,2024-03-14 00:00:00
RECON001972,HDFC2026730025,2024-03-14,Matched,None,0.0,0.0,0,2024-03-14 00:00:00
RECON001973,HDFC2026737044,2024-03-14,Matched,None,0.0,0.0,0,2024-03-14 00:00:00
RECON001974,HDFC2026635871,2024-03-14,Matched,None,0.0,0.0,0,2024-03-14 00:00:00
RECON001975,HDFC2026918695,2024-03-14,Unmatched,Amount Mismatch,-1948.0,-0.8148036607605949,4,2024-03-18
RECON001976,HDFC2026920036,2024-03-14,Matched,None,0.0,0.0,0,2024-03-14 00:00:00
RECON001977,HDFC2026955352,2024-03-14,Matched,None,0.0,0.0,0,2024-03-14 00:00:00
RECON001978,HDFC2026904578,2024-03-14,Matched,None,0.0,0.0,0,2024-03-14 00:00:00
RECON001979,HDFC2026304176,2024-03-14,Matched,None,0.0,0.0,0,2024-03-14 00:00:00
RECON001980,HDFC2026757433,2024-03-14,Matched,None,0.0,0.0,0,2024-03-14 00:00:00
RECON001981,HDFC2026166703,2024-03-14,Matched,None,0.0,0.0,0,2024-03-14 00:00:00
RECON001982,HDFC2026753269,2024-03-14,Matched,None,0.0,0.0,0,2024-03-14 00:00:00
RECON001983,HDFC2026307909,2024-03-14,Unmatched,Amount Mismatch,1224.0,0.20152692870655606,1,2024-03-15
RECON001984,HDFC2026253430,2024-03-14,Matched,None,0.0,0.0,0,2024-03-14 00:00:00
RECON001985,HDFC2026154406,2024-03-14,Unmatched,Amount Mismatch,-34.0,-0.004446752105340942,7,2024-03-21
RECON001986,HDFC2026634017,2024-03-14,Matched,None,0.0,0.0,0,2024-03-14 00:00:00
RECON001987,HDFC2026857537,2024-03-14,Unmatched,Missing Settlement,264326.0,100.0,15,2024-03-29
RECON001988,HDFC2026845902,2024-03-14,Unmatched,Amount Mismatch,-2971.0,-0.7758679222617425,8,2024-03-22
RECON001989,HDFC2026493019,2024-03-14,Matched,None,0.0,0.0,0,2024-03-14 00:00:00
RECON001990,HDFC2026192625,2024-03-14,Matched,None,0.0,0.0,0,2024-03-14 00:00:00
RECON001991,HDFC2026733088,2024-03-14,Matched,None,0.0,0.0,0,2024-03-14 00:00:00
RECON001992,HDFC2026472939,2024-03-14,Matched,None,0.0,0.0,0,2024-03-14 00:00:00
RECON001993,HDFC2026510496,2024-03-14,Matched,None,0.0,0.0,0,2024-03-14 00:00:00
RECON001994,HDFC2026716076,2024-03-14,Matched,None,0.0,0.0,0,2024-03-14 00:00:00
RECON001995,HDFC2026853448,2024-03-14,Unmatched,Missing Settlement,141388.0,100.0,13,2024-03-27
RECON001996,HDFC2026963179,2024-03-14,Matched,None,0.0,0.0,0,2024-03-14 00:00:00
RECON001997,HDFC2026305587,2024-03-15,Matched,None,0.0,0.0,0,2024-03-15 00:00:00
RECON001998,HDFC2026130703,2024-03-15,Matched,None,0.0,0.0,0,2024-03-15 00:00:00
RECON001999,HDFC2026979412,2024-03-15,Matched,None,0.0,0.0,0,2024-03-15 00:00:00
RECON002000,HDFC2026289903,2024-03-15,Matched,None,0.0,0.0,0,2024-03-15 00:00:00
RECON002001,HDFC2026584371,2024-03-15,Matched,None,0.0,0.0,0,2024-03-15 00:00:00
RECON002002,HDFC2026223386,2024-03-15,Matched,None,0.0,0.0,0,2024-03-15 00:00:00
RECON002003,HDFC2026800065,2024-03-15,Matched,None,0.0,0.0,0,2024-03-15 00:00:00
RECON002004,HDFC2026454984,2024-03-15,Matched,None,0.0,0.0,0,2024-03-15 00:00:00
RECON002005,HDFC2026905847,2024-03-15,Matched,None,0.0,0.0,0,2024-03-15 00:00:00
RECON002006,HDFC2026736334,2024-03-15,Matched,None,0.0,0.0,0,2024-03-15 00:00:00
RECON002007,HDFC2026735706,2024-03-15,Matched,None,0.0,0.0,0,2024-03-15 00:00:00
RECON002008,HDFC2026452418,2024-03-15,Matched,None,0.0,0.0,0,2024-03-15 00:00:00
RECON002009,HDFC2026152156,2024-03-15,Matched,None,0.0,0.0,0,2024-03-15 00:00:00
RECON002010,HDFC2026902950,2024-03-15,Matched,None,0.0,0.0,0,2024-03-15 00:00:00
RECON002011,HDFC2026275933,2024-03-15,Matched,None,0.0,0.0,0,2024-03-15 00:00:00
RECON002012,HDFC2026552727,2024-03-15,Matched,None,0.0,0.0,0,2024-03-15 00:00:00
RECON002013,HDFC2026515858,2024-03-15,Matched,None,0.0,0.0,0,2024-03-15 00:00:00
RECON002014,HDFC2026550955,2024-03-15,Unmatched,FX Rate Discrepancy,0.0,-1.02,7,2024-03-22
RECON002015,HDFC2026553355,2024-03-15,Duplicate,Duplicate Transaction,0.0,0.0,4,2024-03-19
RECON002016,HDFC2026503473,2024-03-15,Matched,None,0.0,0.0,0,2024-03-15 00:00:00
RECON002017,HDFC2026263217,2024-03-15,Matched,None,0.0,0.0,0,2024-03-15 00:00:00
RECON002018,HDFC2026156406,2024-03-15,Matched,None,0.0,0.0,0,2024-03-15 00:00:00
RECON002019,HDFC2026817264,2024-03-15,Matched,None,0.0,0.0,0,2024-03-15 00:00:00
RECON002020,HDFC2026393850,2024-03-15,Matched,None,0.0,0.0,0,2024-03-15 00:00:00
RECON002021,HDFC2026819743,2024-03-15,Matched,None,0.0,0.0,0,2024-03-15 00:00:00
RECON002022,HDFC2026498919,2024-03-15,Duplicate,Duplicate Transaction,0.0,0.0,3,2024-03-18
RECON002023,HDFC2026905849,2024-03-15,Duplicate,Duplicate Transaction,0.0,0.0,11,2024-03-26
RECON002024,HDFC2026538190,2024-03-15,Matched,None,0.0,0.0,0,2024-03-15 00:00:00
RECON002025,HDFC2026444519,2024-03-16,Matched,None,0.0,0.0,0,2024-03-16 00:00:00
RECON002026,HDFC2026613022,2024-03-16,Matched,None,0.0,0.0,0,2024-03-16 00:00:00
RECON002027,HDFC2026383393,2024-03-16,Unmatched,Amount Mismatch,4090.0,5.175446366431726,2,2024-03-18
RECON002028,HDFC2026656999,2024-03-16,Matched,None,0.0,0.0,0,2024-03-16 00:00:00
RECON002029,HDFC2026840815,2024-03-16,Matched,None,0.0,0.0,0,2024-03-16 00:00:00
RECON002030,HDFC2026405178,2024-03-16,Matched,None,0.0,0.0,0,2024-03-16 00:00:00
RECON002031,HDFC2026614661,2024-03-16,Matched,None,0.0,0.0,0,2024-03-16 00:00:00
RECON002032,HDFC2026343476,2024-03-16,Matched,None,0.0,0.0,0,2024-03-16 00:00:00
RECON002033,HDFC2026759472,2024-03-16,Matched,None,0.0,0.0,0,2024-03-16 00:00:00
RECON002034,HDFC2026738507,2024-03-16,Duplicate,Duplicate Transaction,0.0,0.0,6,2024-03-22
RECON002035,HDFC2026131652,2024-03-16,Matched,None,0.0,0.0,0,2024-03-16 00:00:00
RECON002036,HDFC2026724604,2024-03-16,Matched,None,0.0,0.0,0,2024-03-16 00:00:00
RECON002037,HDFC2026399252,2024-03-16,Matched,None,0.0,0.0,0,2024-03-16 00:00:00
RECON002038,HDFC2026846414,2024-03-16,Matched,None,0.0,0.0,0,2024-03-16 00:00:00
RECON002039,HDFC2026321314,2024-03-16,Matched,None,0.0,0.0,0,2024-03-16 00:00:00
RECON002040,HDFC2026943968,2024-03-16,Matched,None,0.0,0.0,0,2024-03-16 00:00:00
RECON002041,HDFC2026782262,2024-03-16,Matched,None,0.0,0.0,0,2024-03-16 00:00:00
RECON002042,HDFC2026878013,2024-03-16,Matched,None,0.0,0.0,0,2024-03-16 00:00:00
RECON002043,HDFC2026437944,2024-03-16,Unmatched,Amount Mismatch,-2264.0,-1.0180176534333365,13,2024-03-29
RECON002044,HDFC2026905074,2024-03-16,Matched,None,0.0,0.0,0,2024-03-16 00:00:00
RECON002045,HDFC2026700067,2024-03-16,Matched,None,0.0,0.0,0,2024-03-16 00:00:00
RECON002046,HDFC2026765706,2024-03-16,Matched,None,0.0,0.0,0,2024-03-16 00:00:00
RECON002047,HDFC2026643115,2024-03-16,Matched,None,0.0,0.0,0,2024-03-16 00:00:00
RECON002048,HDFC2026989580,2024-03-16,Matched,None,0.0,0.0,0,2024-03-16 00:00:00
RECON002049,HDFC2026588840,2024-03-16,Matched,None,0.0,0.0,0,2024-03-16 00:00:00
RECON002050,HDFC2026306367,2024-03-16,Matched,None,0.0,0.0,0,2024-03-16 00:00:00
RECON002051,HDFC2026391251,2024-03-16,Matched,None,0.0,0.0,0,2024-03-16 00:00:00
RECON002052,HDFC2026122232,2024-03-16,Matched,None,0.0,0.0,0,2024-03-16 00:00:00
RECON002053,HDFC2026643453,2024-03-16,Matched,None,0.0,0.0,0,2024-03-16 00:00:00
RECON002054,HDFC2026830943,2024-03-16,Matched,None,0.0,0.0,0,2024-03-16 00:00:00
RECON002055,HDFC2026546041,2024-03-16,Matched,None,0.0,0.0,0,2024-03-16 00:00:00
RECON002056,HDFC2026620663,2024-03-17,Matched,None,0.0,0.0,0,2024-03-17 00:00:00
RECON002057,HDFC2026540466,2024-03-17,Matched,None,0.0,0.0,0,2024-03-17 00:00:00
RECON002058,HDFC2026162715,2024-03-17,Matched,None,0.0,0.0,0,2024-03-17 00:00:00
RECON002059,HDFC2026495267,2024-03-17,Matched,None,0.0,0.0,0,2024-03-17 00:00:00
RECON002060,HDFC2026891461,2024-03-17,Matched,None,0.0,0.0,0,2024-03-17 00:00:00
RECON002061,HDFC2026934278,2024-03-17,Matched,None,0.0,0.0,0,2024-03-17 00:00:00
RECON002062,HDFC2026935976,2024-03-17,Matched,None,0.0,0.0,0,2024-03-17 00:00:00
RECON002063,HDFC2026123445,2024-03-17,Matched,None,0.0,0.0,0,2024-03-17 00:00:00
RECON002064,HDFC2026575110,2024-03-17,Unmatched,Missing Settlement,200785.0,100.0,1,2024-03-18
RECON002065,HDFC2026752866,2024-03-17,Unmatched,FX Rate Discrepancy,0.0,0.34,5,2024-03-22
RECON002066,HDFC2026708142,2024-03-17,Matched,None,0.0,0.0,0,2024-03-17 00:00:00
RECON002067,HDFC2026742713,2024-03-17,Unmatched,Amount Mismatch,-2117.0,-4.234,15,2024-04-01
RECON002068,HDFC2026987729,2024-03-17,Unmatched,FX Rate Discrepancy,0.0,0.78,7,2024-03-24
RECON002069,HDFC2026652712,2024-03-17,Matched,None,0.0,0.0,0,2024-03-17 00:00:00
RECON002070,HDFC2026824617,2024-03-17,Matched,None,0.0,0.0,0,2024-03-17 00:00:00
RECON002071,HDFC2026101183,2024-03-17,Unmatched,Amount Mismatch,3785.0,2.4932809865092747,1,2024-03-18
RECON002072,HDFC2026762902,2024-03-17,Matched,None,0.0,0.0,0,2024-03-17 00:00:00
RECON002073,HDFC2026242752,2024-03-17,Unmatched,Amount Mismatch,-2461.0,-0.9463965020631521,15,2024-04-01
RECON002074,HDFC2026902827,2024-03-17,Matched,None,0.0,0.0,0,2024-03-17 00:00:00
RECON002075,HDFC2026854162,2024-03-17,Matched,None,0.0,0.0,0,2024-03-17 00:00:00
RECON002076,HDFC2026123950,2024-03-17,Matched,None,0.0,0.0,0,2024-03-17 00:00:00
RECON002077,HDFC2026472184,2024-03-17,Matched,None,0.0,0.0,0,2024-03-17 00:00:00
RECON002078,HDFC2026237015,2024-03-17,Matched,None,0.0,0.0,0,2024-03-17 00:00:00
RECON002079,HDFC2026150046,2024-03-17,Unmatched,Amount Mismatch,-1428.0,-0.8269679578871779,15,2024-04-01
RECON002080,HDFC2026391602,2024-03-17,Matched,None,0.0,0.0,0,2024-03-17 00:00:00
RECON002081,HDFC2026414985,2024-03-17,Matched,None,0.0,0.0,0,2024-03-17 00:00:00
RECON002082,HDFC2026620255,2024-03-17,Matched,None,0.0,0.0,0,2024-03-17 00:00:00
RECON002083,HDFC2026157451,2024-03-17,Matched,None,0.0,0.0,0,2024-03-17 00:00:00
RECON002084,HDFC2026966662,2024-03-17,Matched,None,0.0,0.0,0,2024-03-17 00:00:00
RECON002085,HDFC2026558027,2024-03-17,Unmatched,FX Rate Discrepancy,0.0,1.2,13,2024-03-30
RECON002086,HDFC2026494289,2024-03-17,Matched,None,0.0,0.0,0,2024-03-17 00:00:00
RECON002087,HDFC2026194578,2024-03-18,Matched,None,0.0,0.0,0,2024-03-18 00:00:00
RECON002088,HDFC2026855411,2024-03-18,Matched,None,0.0,0.0,0,2024-03-18 00:00:00
RECON002089,HDFC2026359489,2024-03-18,Matched,None,0.0,0.0,0,2024-03-18 00:00:00
RECON002090,HDFC2026316314,2024-03-18,Matched,None,0.0,0.0,0,2024-03-18 00:00:00
RECON002091,HDFC2026453784,2024-03-18,Matched,None,0.0,0.0,0,2024-03-18 00:00:00
RECON002092,HDFC2026350297,2024-03-18,Matched,None,0.0,0.0,0,2024-03-18 00:00:00
RECON002093,HDFC2026589858,2024-03-18,Matched,None,0.0,0.0,0,2024-03-18 00:00:00
RECON002094,HDFC2026842428,2024-03-18,Matched,None,0.0,0.0,0,2024-03-18 00:00:00
RECON002095,HDFC2026355243,2024-03-18,Matched,None,0.0,0.0,0,2024-03-18 00:00:00
RECON002096,HDFC2026758589,2024-03-18,Matched,None,0.0,0.0,0,2024-03-18 00:00:00
RECON002097,HDFC2026629621,2024-03-18,Matched,None,0.0,0.0,0,2024-03-18 00:00:00
RECON002098,HDFC2026850980,2024-03-18,Unmatched,Missing Settlement,111185.0,100.0,3,2024-03-21
RECON002099,HDFC2026555832,2024-03-18,Matched,None,0.0,0.0,0,2024-03-18 00:00:00
RECON002100,HDFC2026690046,2024-03-18,Duplicate,Duplicate Transaction,0.0,0.0,8,2024-03-26
RECON002101,HDFC2026964352,2024-03-18,Matched,None,0.0,0.0,0,2024-03-18 00:00:00
RECON002102,HDFC2026342285,2024-03-18,Matched,None,0.0,0.0,0,2024-03-18 00:00:00
RECON002103,HDFC2026117339,2024-03-18,Matched,None,0.0,0.0,0,2024-03-18 00:00:00
RECON002104,HDFC2026156081,2024-03-18,Matched,None,0.0,0.0,0,2024-03-18 00:00:00
RECON002105,HDFC2026795124,2024-03-18,Matched,None,0.0,0.0,0,2024-03-18 00:00:00
RECON002106,HDFC2026183124,2024-03-18,Matched,None,0.0,0.0,0,2024-03-18 00:00:00
RECON002107,HDFC2026344451,2024-03-18,Matched,None,0.0,0.0,0,2024-03-18 00:00:00
RECON002108,HDFC2026984199,2024-03-18,Matched,None,0.0,0.0,0,2024-03-18 00:00:00
RECON002109,HDFC2026445781,2024-03-18,Matched,None,0.0,0.0,0,2024-03-18 00:00:00
RECON002110,HDFC2026951346,2024-03-18,Matched,None,0.0,0.0,0,2024-03-18 00:00:00
RECON002111,HDFC2026155278,2024-03-19,Matched,None,0.0,0.0,0,2024-03-19 00:00:00
RECON002112,HDFC2026954894,2024-03-19,Matched,None,0.0,0.0,0,2024-03-19 00:00:00
RECON002113,HDFC2026409531,2024-03-19,Matched,None,0.0,0.0,0,2024-03-19 00:00:00
RECON002114,HDFC2026574141,2024-03-19,Matched,None,0.0,0.0,0,2024-03-19 00:00:00
RECON002115,HDFC2026278498,2024-03-19,Matched,None,0.0,0.0,0,2024-03-19 00:00:00
RECON002116,HDFC2026724473,2024-03-19,Matched,None,0.0,0.0,0,2024-03-19 00:00:00
RECON002117,HDFC2026659475,2024-03-19,Matched,None,0.0,0.0,0,2024-03-19 00:00:00
RECON002118,HDFC2026698230,2024-03-19,Matched,None,0.0,0.0,0,2024-03-19 00:00:00
RECON002119,HDFC2026231222,2024-03-19,Matched,None,0.0,0.0,0,2024-03-19 00:00:00
RECON002120,HDFC2026763572,2024-03-19,Matched,None,0.0,0.0,0,2024-03-19 00:00:00
RECON002121,HDFC2026779172,2024-03-19,Matched,None,0.0,0.0,0,2024-03-19 00:00:00
RECON002122,HDFC2026925913,2024-03-19,Unmatched,Missing Settlement,223763.0,100.0,9,2024-03-28
RECON002123,HDFC2026853443,2024-03-19,Matched,None,0.0,0.0,0,2024-03-19 00:00:00
RECON002124,HDFC2026328614,2024-03-19,Matched,None,0.0,0.0,0,2024-03-19 00:00:00
RECON002125,HDFC2026802030,2024-03-19,Matched,None,0.0,0.0,0,2024-03-19 00:00:00
RECON002126,HDFC2026824410,2024-03-19,Matched,None,0.0,0.0,0,2024-03-19 00:00:00
RECON002127,HDFC2026362723,2024-03-19,Matched,None,0.0,0.0,0,2024-03-19 00:00:00
RECON002128,HDFC2026102019,2024-03-19,Matched,None,0.0,0.0,0,2024-03-19 00:00:00
RECON002129,HDFC2026984345,2024-03-19,Duplicate,Duplicate Transaction,0.0,0.0,6,2024-03-25
RECON002130,HDFC2026735553,2024-03-19,Matched,None,0.0,0.0,0,2024-03-19 00:00:00
RECON002131,HDFC2026674288,2024-03-19,Matched,None,0.0,0.0,0,2024-03-19 00:00:00
RECON002132,HDFC2026861478,2024-03-19,Matched,None,0.0,0.0,0,2024-03-19 00:00:00
RECON002133,HDFC2026750810,2024-03-20,Matched,None,0.0,0.0,0,2024-03-20 00:00:00
RECON002134,HDFC2026219981,2024-03-20,Matched,None,0.0,0.0,0,2024-03-20 00:00:00
RECON002135,HDFC2026120720,2024-03-20,Matched,None,0.0,0.0,0,2024-03-20 00:00:00
RECON002136,HDFC2026668747,2024-03-20,Matched,None,0.0,0.0,0,2024-03-20 00:00:00
RECON002137,HDFC2026951771,2024-03-20,Matched,None,0.0,0.0,0,2024-03-20 00:00:00
RECON002138,HDFC2026265341,2024-03-20,Matched,None,0.0,0.0,0,2024-03-20 00:00:00
RECON002139,HDFC2026990119,2024-03-20,Matched,None,0.0,0.0,0,2024-03-20 00:00:00
RECON002140,HDFC2026230737,2024-03-20,Unmatched,Missing Settlement,245985.0,100.0,11,2024-03-31
RECON002141,HDFC2026714228,2024-03-20,Matched,None,0.0,0.0,0,2024-03-20 00:00:00
RECON002142,HDFC2026776717,2024-03-20,Matched,None,0.0,0.0,0,2024-03-20 00:00:00
RECON002143,HDFC2026577820,2024-03-20,Matched,None,0.0,0.0,0,2024-03-20 00:00:00
RECON002144,HDFC2026652294,2024-03-20,Matched,None,0.0,0.0,0,2024-03-20 00:00:00
RECON002145,HDFC2026175326,2024-03-20,Duplicate,Duplicate Transaction,0.0,0.0,8,2024-03-28
RECON002146,HDFC2026155164,2024-03-20,Matched,None,0.0,0.0,0,2024-03-20 00:00:00
RECON002147,HDFC2026959809,2024-03-20,Matched,None,0.0,0.0,0,2024-03-20 00:00:00
RECON002148,HDFC2026263896,2024-03-20,Matched,None,0.0,0.0,0,2024-03-20 00:00:00
RECON002149,HDFC2026738222,2024-03-20,Matched,None,0.0,0.0,0,2024-03-20 00:00:00
RECON002150,HDFC2026410281,2024-03-20,Matched,None,0.0,0.0,0,2024-03-20 00:00:00
RECON002151,HDFC2026735374,2024-03-20,Matched,None,0.0,0.0,0,2024-03-20 00:00:00
RECON002152,HDFC2026380428,2024-03-20,Matched,None,0.0,0.0,0,2024-03-20 00:00:00
RECON002153,HDFC2026998283,2024-03-20,Matched,None,0.0,0.0,0,2024-03-20 00:00:00
RECON002154,HDFC2026822585,2024-03-20,Matched,None,0.0,0.0,0,2024-03-20 00:00:00
RECON002155,HDFC2026391369,2024-03-20,Matched,None,0.0,0.0,0,2024-03-20 00:00:00
RECON002156,HDFC2026504075,2024-03-20,Matched,None,0.0,0.0,0,2024-03-20 00:00:00
RECON002157,HDFC2026723330,2024-03-21,Matched,None,0.0,0.0,0,2024-03-21 00:00:00
RECON002158,HDFC2026272716,2024-03-21,Matched,None,0.0,0.0,0,2024-03-21 00:00:00
RECON002159,HDFC2026811302,2024-03-21,Matched,None,0.0,0.0,0,2024-03-21 00:00:00
RECON002160,HDFC2026557875,2024-03-21,Matched,None,0.0,0.0,0,2024-03-21 00:00:00
RECON002161,HDFC2026132230,2024-03-21,Matched,None,0.0,0.0,0,2024-03-21 00:00:00
RECON002162,HDFC2026242661,2024-03-21,Unmatched,FX Rate Discrepancy,0.0,-1.23,10,2024-03-31
RECON002163,HDFC2026164243,2024-03-21,Matched,None,0.0,0.0,0,2024-03-21 00:00:00
RECON002164,HDFC2026169439,2024-03-21,Matched,None,0.0,0.0,0,2024-03-21 00:00:00
RECON002165,HDFC2026297869,2024-03-21,Unmatched,Missing Settlement,219629.0,100.0,10,2024-03-31
RECON002166,HDFC2026638509,2024-03-21,Matched,None,0.0,0.0,0,2024-03-21 00:00:00
RECON002167,HDFC2026838588,2024-03-21,Matched,None,0.0,0.0,0,2024-03-21 00:00:00
RECON002168,HDFC2026146981,2024-03-21,Matched,None,0.0,0.0,0,2024-03-21 00:00:00
RECON002169,HDFC2026919745,2024-03-21,Matched,None,0.0,0.0,0,2024-03-21 00:00:00
RECON002170,HDFC2026677086,2024-03-21,Matched,None,0.0,0.0,0,2024-03-21 00:00:00
RECON002171,HDFC2026730836,2024-03-21,Matched,None,0.0,0.0,0,2024-03-21 00:00:00
RECON002172,HDFC2026309174,2024-03-21,Matched,None,0.0,0.0,0,2024-03-21 00:00:00
RECON002173,HDFC2026456993,2024-03-21,Unmatched,Amount Mismatch,-2536.0,-4.513178266982257,13,2024-04-03
RECON002174,HDFC2026393798,2024-03-21,Matched,None,0.0,0.0,0,2024-03-21 00:00:00
RECON002175,HDFC2026889238,2024-03-21,Matched,None,0.0,0.0,0,2024-03-21 00:00:00
RECON002176,HDFC2026256574,2024-03-21,Matched,None,0.0,0.0,0,2024-03-21 00:00:00
RECON002177,HDFC2026189539,2024-03-21,Matched,None,0.0,0.0,0,2024-03-21 00:00:00
RECON002178,HDFC2026169931,2024-03-21,Matched,None,0.0,0.0,0,2024-03-21 00:00:00
RECON002179,HDFC2026544250,2024-03-21,Matched,None,0.0,0.0,0,2024-03-21 00:00:00
RECON002180,HDFC2026575062,2024-03-21,Unmatched,Missing Settlement,104890.0,100.0,9,2024-03-30
RECON002181,HDFC2026793655,2024-03-21,Matched,None,0.0,0.0,0,2024-03-21 00:00:00
RECON002182,HDFC2026494835,2024-03-21,Matched,None,0.0,0.0,0,2024-03-21 00:00:00
RECON002183,HDFC2026667126,2024-03-21,Matched,None,0.0,0.0,0,2024-03-21 00:00:00
RECON002184,HDFC2026115596,2024-03-21,Matched,None,0.0,0.0,0,2024-03-21 00:00:00
RECON002185,HDFC2026353952,2024-03-21,Matched,None,0.0,0.0,0,2024-03-21 00:00:00
RECON002186,HDFC2026982372,2024-03-21,Matched,None,0.0,0.0,0,2024-03-21 00:00:00
RECON002187,HDFC2026395405,2024-03-21,Matched,None,0.0,0.0,0,2024-03-21 00:00:00
RECON002188,HDFC2026748517,2024-03-21,Matched,None,0.0,0.0,0,2024-03-21 00:00:00
RECON002189,HDFC2026700524,2024-03-21,Matched,None,0.0,0.0,0,2024-03-21 00:00:00
RECON002190,HDFC2026157590,2024-03-22,Matched,None,0.0,0.0,0,2024-03-22 00:00:00
RECON002191,HDFC2026827962,2024-03-22,Unmatched,Amount Mismatch,3797.0,0.6897453736923086,10,2024-04-01
RECON002192,HDFC2026510243,2024-03-22,Matched,None,0.0,0.0,0,2024-03-22 00:00:00
RECON002193,HDFC2026844261,2024-03-22,Unmatched,Amount Mismatch,2375.0,1.5268107976059606,14,2024-04-05
RECON002194,HDFC2026499657,2024-03-22,Matched,None,0.0,0.0,0,2024-03-22 00:00:00
RECON002195,HDFC2026339931,2024-03-22,Matched,None,0.0,0.0,0,2024-03-22 00:00:00
RECON002196,HDFC2026841943,2024-03-22,Matched,None,0.0,0.0,0,2024-03-22 00:00:00
RECON002197,HDFC2026920723,2024-03-22,Unmatched,Amount Mismatch,2905.0,2.26673325114312,3,2024-03-25
RECON002198,HDFC2026396001,2024-03-22,Unmatched,Amount Mismatch,-2707.0,-0.5378416397116675,8,2024-03-30
RECON002199,HDFC2026496809,2024-03-22,Matched,None,0.0,0.0,0,2024-03-22 00:00:00
RECON002200,HDFC2026910655,2024-03-22,Matched,None,0.0,0.0,0,2024-03-22 00:00:00
RECON002201,HDFC2026373472,2024-03-22,Matched,None,0.0,0.0,0,2024-03-22 00:00:00
RECON002202,HDFC2026595008,2024-03-22,Matched,None,0.0,0.0,0,2024-03-22 00:00:00
RECON002203,HDFC2026437925,2024-03-22,Matched,None,0.0,0.0,0,2024-03-22 00:00:00
RECON002204,HDFC2026620015,2024-03-22,Matched,None,0.0,0.0,0,2024-03-22 00:00:00
RECON002205,HDFC2026133696,2024-03-22,Matched,None,0.0,0.0,0,2024-03-22 00:00:00
RECON002206,HDFC2026661988,2024-03-22,Matched,None,0.0,0.0,0,2024-03-22 00:00:00
RECON002207,HDFC2026919694,2024-03-22,Matched,None,0.0,0.0,0,2024-03-22 00:00:00
RECON002208,HDFC2026652329,2024-03-22,Matched,None,0.0,0.0,0,2024-03-22 00:00:00
RECON002209,HDFC2026824069,2024-03-22,Matched,None,0.0,0.0,0,2024-03-22 00:00:00
RECON002210,HDFC2026941179,2024-03-22,Matched,None,0.0,0.0,0,2024-03-22 00:00:00
RECON002211,HDFC2026576327,2024-03-22,Matched,None,0.0,0.0,0,2024-03-22 00:00:00
RECON002212,HDFC2026607206,2024-03-22,Matched,None,0.0,0.0,0,2024-03-22 00:00:00
RECON002213,HDFC2026152230,2024-03-23,Unmatched,Missing Settlement,171747.0,100.0,11,2024-04-03
RECON002214,HDFC2026982442,2024-03-23,Unmatched,Missing Settlement,87441.0,100.0,9,2024-04-01
RECON002215,HDFC2026564566,2024-03-23,Matched,None,0.0,0.0,0,2024-03-23 00:00:00
RECON002216,HDFC2026403963,2024-03-23,Matched,None,0.0,0.0,0,2024-03-23 00:00:00
RECON002217,HDFC2026777424,2024-03-23,Unmatched,Amount Mismatch,3661.0,1.9916764137855998,6,2024-03-29
RECON002218,HDFC2026964446,2024-03-23,Matched,None,0.0,0.0,0,2024-03-23 00:00:00
RECON002219,HDFC2026111548,2024-03-23,Matched,None,0.0,0.0,0,2024-03-23 00:00:00
RECON002220,HDFC2026998874,2024-03-23,Matched,None,0.0,0.0,0,2024-03-23 00:00:00
RECON002221,HDFC2026744089,2024-03-23,Matched,None,0.0,0.0,0,2024-03-23 00:00:00
RECON002222,HDFC2026865757,2024-03-23,Unmatched,FX Rate Discrepancy,0.0,-1.4,13,2024-04-05
RECON002223,HDFC2026788030,2024-03-23,Matched,None,0.0,0.0,0,2024-03-23 00:00:00
RECON002224,HDFC2026187949,2024-03-23,Matched,None,0.0,0.0,0,2024-03-23 00:00:00
RECON002225,HDFC2026395120,2024-03-23,Matched,None,0.0,0.0,0,2024-03-23 00:00:00
RECON002226,HDFC2026768974,2024-03-23,Matched,None,0.0,0.0,0,2024-03-23 00:00:00
RECON002227,HDFC2026585725,2024-03-23,Matched,None,0.0,0.0,0,2024-03-23 00:00:00
RECON002228,HDFC2026404283,2024-03-23,Matched,None,0.0,0.0,0,2024-03-23 00:00:00
RECON002229,HDFC2026512778,2024-03-23,Unmatched,FX Rate Discrepancy,0.0,0.88,9,2024-04-01
RECON002230,HDFC2026173277,2024-03-23,Unmatched,Missing Settlement,247552.0,100.0,12,2024-04-04
RECON002231,HDFC2026333001,2024-03-23,Matched,None,0.0,0.0,0,2024-03-23 00:00:00
RECON002232,HDFC2026756759,2024-03-23,Matched,None,0.0,0.0,0,2024-03-23 00:00:00
RECON002233,HDFC2026784343,2024-03-23,Duplicate,Duplicate Transaction,0.0,0.0,14,2024-04-06
RECON002234,HDFC2026998293,2024-03-23,Unmatched,Missing Settlement,188235.0,100.0,2,2024-03-25
RECON002235,HDFC2026901588,2024-03-23,Matched,None,0.0,0.0,0,2024-03-23 00:00:00
RECON002236,HDFC2026273925,2024-03-23,Matched,None,0.0,0.0,0,2024-03-23 00:00:00
RECON002237,HDFC2026236384,2024-03-23,Matched,None,0.0,0.0,0,2024-03-23 00:00:00
RECON002238,HDFC2026581434,2024-03-23,Matched,None,0.0,0.0,0,2024-03-23 00:00:00
RECON002239,HDFC2026328554,2024-03-23,Matched,None,0.0,0.0,0,2024-03-23 00:00:00
RECON002240,HDFC2026335461,2024-03-23,Matched,None,0.0,0.0,0,2024-03-23 00:00:00
RECON002241,HDFC2026289958,2024-03-23,Matched,None,0.0,0.0,0,2024-03-23 00:00:00
RECON002242,HDFC2026469311,2024-03-23,Matched,None,0.0,0.0,0,2024-03-23 00:00:00
RECON002243,HDFC2026460971,2024-03-24,Matched,None,0.0,0.0,0,2024-03-24 00:00:00
RECON002244,HDFC2026521730,2024-03-24,Matched,None,0.0,0.0,0,2024-03-24 00:00:00
RECON002245,HDFC2026593626,2024-03-24,Matched,None,0.0,0.0,0,2024-03-24 00:00:00
RECON002246,HDFC2026566000,2024-03-24,Matched,None,0.0,0.0,0,2024-03-24 00:00:00
RECON002247,HDFC2026421153,2024-03-24,Matched,None,0.0,0.0,0,2024-03-24 00:00:00
RECON002248,HDFC2026969110,2024-03-24,Matched,None,0.0,0.0,0,2024-03-24 00:00:00
RECON002249,HDFC2026797312,2024-03-24,Matched,None,0.0,0.0,0,2024-03-24 00:00:00
RECON002250,HDFC2026412744,2024-03-24,Matched,None,0.0,0.0,0,2024-03-24 00:00:00
RECON002251,HDFC2026634115,2024-03-24,Matched,None,0.0,0.0,0,2024-03-24 00:00:00
RECON002252,HDFC2026841485,2024-03-24,Duplicate,Duplicate Transaction,0.0,0.0,11,2024-04-04
RECON002253,HDFC2026924764,2024-03-24,Matched,None,0.0,0.0,0,2024-03-24 00:00:00
RECON002254,HDFC2026247203,2024-03-24,Matched,None,0.0,0.0,0,2024-03-24 00:00:00
RECON002255,HDFC2026295268,2024-03-24,Matched,None,0.0,0.0,0,2024-03-24 00:00:00
RECON002256,HDFC2026513258,2024-03-24,Matched,None,0.0,0.0,0,2024-03-24 00:00:00
RECON002257,HDFC2026564388,2024-03-24,Matched,None,0.0,0.0,0,2024-03-24 00:00:00
RECON002258,HDFC2026953641,2024-03-24,Matched,None,0.0,0.0,0,2024-03-24 00:00:00
RECON002259,HDFC2026417644,2024-03-24,Matched,None,0.0,0.0,0,2024-03-24 00:00:00
RECON002260,HDFC2026823290,2024-03-24,Matched,None,0.0,0.0,0,2024-03-24 00:00:00
RECON002261,HDFC2026233216,2024-03-24,Matched,None,0.0,0.0,0,2024-03-24 00:00:00
RECON002262,HDFC2026577182,2024-03-24,Matched,None,0.0,0.0,0,2024-03-24 00:00:00
RECON002263,HDFC2026233283,2024-03-25,Matched,None,0.0,0.0,0,2024-03-25 00:00:00
RECON002264,HDFC2026389644,2024-03-25,Unmatched,Missing Settlement,216514.0,100.0,10,2024-04-04
RECON002265,HDFC2026312546,2024-03-25,Matched,None,0.0,0.0,0,2024-03-25 00:00:00
RECON002266,HDFC2026583287,2024-03-25,Matched,None,0.0,0.0,0,2024-03-25 00:00:00
RECON002267,HDFC2026329133,2024-03-25,Matched,None,0.0,0.0,0,2024-03-25 00:00:00
RECON002268,HDFC2026438828,2024-03-25,Matched,None,0.0,0.0,0,2024-03-25 00:00:00
RECON002269,HDFC2026223815,2024-03-25,Matched,None,0.0,0.0,0,2024-03-25 00:00:00
RECON002270,HDFC2026922695,2024-03-25,Unmatched,Amount Mismatch,-250.0,-0.042805433893000115,7,2024-04-01
RECON002271,HDFC2026268813,2024-03-25,Matched,None,0.0,0.0,0,2024-03-25 00:00:00
RECON002272,HDFC2026569162,2024-03-25,Matched,None,0.0,0.0,0,2024-03-25 00:00:00
RECON002273,HDFC2026107800,2024-03-25,Matched,None,0.0,0.0,0,2024-03-25 00:00:00
RECON002274,HDFC2026190994,2024-03-25,Unmatched,Missing Settlement,187294.0,100.0,5,2024-03-30
RECON002275,HDFC2026663279,2024-03-25,Matched,None,0.0,0.0,0,2024-03-25 00:00:00
RECON002276,HDFC2026291412,2024-03-25,Unmatched,Amount Mismatch,3762.0,5.562949161565078,7,2024-04-01
RECON002277,HDFC2026366304,2024-03-25,Matched,None,0.0,0.0,0,2024-03-25 00:00:00
RECON002278,HDFC2026633881,2024-03-25,Matched,None,0.0,0.0,0,2024-03-25 00:00:00
RECON002279,HDFC2026150228,2024-03-25,Matched,None,0.0,0.0,0,2024-03-25 00:00:00
RECON002280,HDFC2026693496,2024-03-25,Matched,None,0.0,0.0,0,2024-03-25 00:00:00
RECON002281,HDFC2026335081,2024-03-25,Matched,None,0.0,0.0,0,2024-03-25 00:00:00
RECON002282,HDFC2026104380,2024-03-25,Matched,None,0.0,0.0,0,2024-03-25 00:00:00
RECON002283,HDFC2026693659,2024-03-25,Matched,None,0.0,0.0,0,2024-03-25 00:00:00
RECON002284,HDFC2026986738,2024-03-25,Matched,None,0.0,0.0,0,2024-03-25 00:00:00
RECON002285,HDFC2026521161,2024-03-25,Matched,None,0.0,0.0,0,2024-03-25 00:00:00
RECON002286,HDFC2026206470,2024-03-25,Matched,None,0.0,0.0,0,2024-03-25 00:00:00
RECON002287,HDFC2026840356,2024-03-25,Duplicate,Duplicate Transaction,0.0,0.0,2,2024-03-27
RECON002288,HDFC2026252692,2024-03-25,Matched,None,0.0,0.0,0,2024-03-25 00:00:00
RECON002289,HDFC2026543489,2024-03-25,Matched,None,0.0,0.0,0,2024-03-25 00:00:00
RECON002290,HDFC2026561267,2024-03-25,Matched,None,0.0,0.0,0,2024-03-25 00:00:00
RECON002291,HDFC2026167403,2024-03-25,Matched,None,0.0,0.0,0,2024-03-25 00:00:00
RECON002292,HDFC2026605972,2024-03-25,Unmatched,FX Rate Discrepancy,0.0,-1.64,8,2024-04-02
RECON002293,HDFC2026563935,2024-03-25,Matched,None,0.0,0.0,0,2024-03-25 00:00:00
RECON002294,HDFC2026533302,2024-03-25,Unmatched,Amount Mismatch,-1565.0,-0.614105995087152,7,2024-04-01
RECON002295,HDFC2026722475,2024-03-25,Matched,None,0.0,0.0,0,2024-03-25 00:00:00
RECON002296,HDFC2026733814,2024-03-25,Matched,None,0.0,0.0,0,2024-03-25 00:00:00
RECON002297,HDFC2026198181,2024-03-25,Matched,None,0.0,0.0,0,2024-03-25 00:00:00
RECON002298,HDFC2026370833,2024-03-25,Matched,None,0.0,0.0,0,2024-03-25 00:00:00
RECON002299,HDFC2026789344,2024-03-26,Matched,None,0.0,0.0,0,2024-03-26 00:00:00
RECON002300,HDFC2026187823,2024-03-26,Matched,None,0.0,0.0,0,2024-03-26 00:00:00
RECON002301,HDFC2026195599,2024-03-26,Matched,None,0.0,0.0,0,2024-03-26 00:00:00
RECON002302,HDFC2026543824,2024-03-26,Matched,None,0.0,0.0,0,2024-03-26 00:00:00
RECON002303,HDFC2026182995,2024-03-26,Matched,None,0.0,0.0,0,2024-03-26 00:00:00
RECON002304,HDFC2026721640,2024-03-26,Matched,None,0.0,0.0,0,2024-03-26 00:00:00
RECON002305,HDFC2026209159,2024-03-26,Matched,None,0.0,0.0,0,2024-03-26 00:00:00
RECON002306,HDFC2026473471,2024-03-26,Matched,None,0.0,0.0,0,2024-03-26 00:00:00
RECON002307,HDFC2026650652,2024-03-26,Duplicate,Duplicate Transaction,0.0,0.0,12,2024-04-07
RECON002308,HDFC2026784781,2024-03-26,Matched,None,0.0,0.0,0,2024-03-26 00:00:00
RECON002309,HDFC2026403257,2024-03-26,Matched,None,0.0,0.0,0,2024-03-26 00:00:00
RECON002310,HDFC2026697142,2024-03-26,Unmatched,Missing Settlement,944121.0,100.0,3,2024-03-29
RECON002311,HDFC2026767349,2024-03-26,Matched,None,0.0,0.0,0,2024-03-26 00:00:00
RECON002312,HDFC2026681868,2024-03-26,Matched,None,0.0,0.0,0,2024-03-26 00:00:00
RECON002313,HDFC2026707465,2024-03-26,Matched,None,0.0,0.0,0,2024-03-26 00:00:00
RECON002314,HDFC2026322268,2024-03-26,Matched,None,0.0,0.0,0,2024-03-26 00:00:00
RECON002315,HDFC2026111799,2024-03-26,Unmatched,FX Rate Discrepancy,0.0,-1.84,2,2024-03-28
RECON002316,HDFC2026667358,2024-03-26,Matched,None,0.0,0.0,0,2024-03-26 00:00:00
RECON002317,HDFC2026553170,2024-03-26,Matched,None,0.0,0.0,0,2024-03-26 00:00:00
RECON002318,HDFC2026200617,2024-03-26,Matched,None,0.0,0.0,0,2024-03-26 00:00:00
RECON002319,HDFC2026435142,2024-03-26,Matched,None,0.0,0.0,0,2024-03-26 00:00:00
RECON002320,HDFC2026697604,2024-03-26,Unmatched,Amount Mismatch,-1686.0,-1.7285747972564258,9,2024-04-04
RECON002321,HDFC2026412046,2024-03-26,Unmatched,FX Rate Discrepancy,0.0,0.8,11,2024-04-06
RECON002322,HDFC2026164002,2024-03-26,Matched,None,0.0,0.0,0,2024-03-26 00:00:00
RECON002323,HDFC2026706224,2024-03-27,Unmatched,Amount Mismatch,4513.0,1.0522217196469124,8,2024-04-04
RECON002324,HDFC2026651250,2024-03-27,Matched,None,0.0,0.0,0,2024-03-27 00:00:00
RECON002325,HDFC2026793348,2024-03-27,Matched,None,0.0,0.0,0,2024-03-27 00:00:00
RECON002326,HDFC2026929029,2024-03-27,Matched,None,0.0,0.0,0,2024-03-27 00:00:00
RECON002327,HDFC2026606874,2024-03-27,Matched,None,0.0,0.0,0,2024-03-27 00:00:00
RECON002328,HDFC2026200128,2024-03-27,Matched,None,0.0,0.0,0,2024-03-27 00:00:00
RECON002329,HDFC2026613052,2024-03-27,Matched,None,0.0,0.0,0,2024-03-27 00:00:00
RECON002330,HDFC2026877906,2024-03-27,Duplicate,Duplicate Transaction,0.0,0.0,3,2024-03-30
RECON002331,HDFC2026573592,2024-03-27,Unmatched,Amount Mismatch,-4855.0,-0.8019981399589999,9,2024-04-05
RECON002332,HDFC2026992423,2024-03-27,Matched,None,0.0,0.0,0,2024-03-27 00:00:00
RECON002333,HDFC2026923943,2024-03-27,Matched,None,0.0,0.0,0,2024-03-27 00:00:00
RECON002334,HDFC2026115446,2024-03-27,Matched,None,0.0,0.0,0,2024-03-27 00:00:00
RECON002335,HDFC2026319553,2024-03-27,Matched,None,0.0,0.0,0,2024-03-27 00:00:00
RECON002336,HDFC2026268245,2024-03-27,Unmatched,Amount Mismatch,957.0,0.28140768534092375,2,2024-03-29
RECON002337,HDFC2026321958,2024-03-27,Matched,None,0.0,0.0,0,2024-03-27 00:00:00
RECON002338,HDFC2026440599,2024-03-27,Matched,None,0.0,0.0,0,2024-03-27 00:00:00
RECON002339,HDFC2026746000,2024-03-27,Matched,None,0.0,0.0,0,2024-03-27 00:00:00
RECON002340,HDFC2026560661,2024-03-27,Matched,None,0.0,0.0,0,2024-03-27 00:00:00
RECON002341,HDFC2026351572,2024-03-27,Unmatched,FX Rate Discrepancy,0.0,1.15,3,2024-03-30
RECON002342,HDFC2026717719,2024-03-27,Matched,None,0.0,0.0,0,2024-03-27 00:00:00
RECON002343,HDFC2026319473,2024-03-27,Matched,None,0.0,0.0,0,2024-03-27 00:00:00
RECON002344,HDFC2026549112,2024-03-27,Matched,None,0.0,0.0,0,2024-03-27 00:00:00
RECON002345,HDFC2026843764,2024-03-27,Matched,None,0.0,0.0,0,2024-03-27 00:00:00
RECON002346,HDFC2026759927,2024-03-27,Matched,None,0.0,0.0,0,2024-03-27 00:00:00
RECON002347,HDFC2026503116,2024-03-27,Unmatched,Missing Settlement,101472.0,100.0,2,2024-03-29
RECON002348,HDFC2026916333,2024-03-27,Matched,None,0.0,0.0,0,2024-03-27 00:00:00
RECON002349,HDFC2026704154,2024-03-27,Matched,None,0.0,0.0,0,2024-03-27 00:00:00
RECON002350,HDFC2026488393,2024-03-27,Matched,None,0.0,0.0,0,2024-03-27 00:00:00
RECON002351,HDFC2026741644,2024-03-27,Matched,None,0.0,0.0,0,2024-03-27 00:00:00
RECON002352,HDFC2026848178,2024-03-27,Matched,None,0.0,0.0,0,2024-03-27 00:00:00
RECON002353,HDFC2026153097,2024-03-27,Matched,None,0.0,0.0,0,2024-03-27 00:00:00
RECON002354,HDFC2026692492,2024-03-28,Matched,None,0.0,0.0,0,2024-03-28 00:00:00
RECON002355,HDFC2026109807,2024-03-28,Matched,None,0.0,0.0,0,2024-03-28 00:00:00
RECON002356,HDFC2026243213,2024-03-28,Matched,None,0.0,0.0,0,2024-03-28 00:00:00
RECON002357,HDFC2026714759,2024-03-28,Matched,None,0.0,0.0,0,2024-03-28 00:00:00
RECON002358,HDFC2026511218,2024-03-28,Matched,None,0.0,0.0,0,2024-03-28 00:00:00
RECON002359,HDFC2026986486,2024-03-28,Matched,None,0.0,0.0,0,2024-03-28 00:00:00
RECON002360,HDFC2026964092,2024-03-28,Unmatched,Amount Mismatch,-910.0,-0.23784196316324582,12,2024-04-09
RECON002361,HDFC2026278743,2024-03-28,Matched,None,0.0,0.0,0,2024-03-28 00:00:00
RECON002362,HDFC2026776163,2024-03-28,Matched,None,0.0,0.0,0,2024-03-28 00:00:00
RECON002363,HDFC2026902057,2024-03-28,Unmatched,FX Rate Discrepancy,0.0,-0.31,5,2024-04-02
RECON002364,HDFC2026982019,2024-03-28,Matched,None,0.0,0.0,0,2024-03-28 00:00:00
RECON002365,HDFC2026472781,2024-03-28,Matched,None,0.0,0.0,0,2024-03-28 00:00:00
RECON002366,HDFC2026887164,2024-03-28,Matched,None,0.0,0.0,0,2024-03-28 00:00:00
RECON002367,HDFC2026340454,2024-03-28,Matched,None,0.0,0.0,0,2024-03-28 00:00:00
RECON002368,HDFC2026102069,2024-03-28,Matched,None,0.0,0.0,0,2024-03-28 00:00:00
RECON002369,HDFC2026334012,2024-03-28,Matched,None,0.0,0.0,0,2024-03-28 00:00:00
RECON002370,HDFC2026194576,2024-03-28,Unmatched,Missing Settlement,437253.0,100.0,10,2024-04-07
RECON002371,HDFC2026258863,2024-03-28,Matched,None,0.0,0.0,0,2024-03-28 00:00:00
RECON002372,HDFC2026345868,2024-03-28,Matched,None,0.0,0.0,0,2024-03-28 00:00:00
RECON002373,HDFC2026458411,2024-03-28,Matched,None,0.0,0.0,0,2024-03-28 00:00:00
RECON002374,HDFC2026304163,2024-03-28,Unmatched,FX Rate Discrepancy,0.0,1.47,8,2024-04-05
RECON002375,HDFC2026868833,2024-03-28,Matched,None,0.0,0.0,0,2024-03-28 00:00:00
RECON002376,HDFC2026139562,2024-03-28,Matched,None,0.0,0.0,0,2024-03-28 00:00:00
RECON002377,HDFC2026861255,2024-03-28,Matched,None,0.0,0.0,0,2024-03-28 00:00:00
RECON002378,HDFC2026451367,2024-03-28,Matched,None,0.0,0.0,0,2024-03-28 00:00:00
RECON002379,HDFC2026632410,2024-03-28,Matched,None,0.0,0.0,0,2024-03-28 00:00:00
RECON002380,HDFC2026468057,2024-03-28,Matched,None,0.0,0.0,0,2024-03-28 00:00:00
RECON002381,HDFC2026670873,2024-03-28,Matched,None,0.0,0.0,0,2024-03-28 00:00:00
RECON002382,HDFC2026103567,2024-03-28,Matched,None,0.0,0.0,0,2024-03-28 00:00:00
RECON002383,HDFC2026617384,2024-03-29,Matched,None,0.0,0.0,0,2024-03-29 00:00:00
RECON002384,HDFC2026960768,2024-03-29,Unmatched,Missing Settlement,726895.0,100.0,12,2024-04-10
RECON002385,HDFC2026880736,2024-03-29,Matched,None,0.0,0.0,0,2024-03-29 00:00:00
RECON002386,HDFC2026952561,2024-03-29,Matched,None,0.0,0.0,0,2024-03-29 00:00:00
RECON002387,HDFC2026923652,2024-03-29,Unmatched,FX Rate Discrepancy,0.0,0.76,9,2024-04-07
RECON002388,HDFC2026139285,2024-03-29,Matched,None,0.0,0.0,0,2024-03-29 00:00:00
RECON002389,HDFC2026170167,2024-03-29,Matched,None,0.0,0.0,0,2024-03-29 00:00:00
RECON002390,HDFC2026697339,2024-03-29,Matched,None,0.0,0.0,0,2024-03-29 00:00:00
RECON002391,HDFC2026427660,2024-03-29,Matched,None,0.0,0.0,0,2024-03-29 00:00:00
RECON002392,HDFC2026204727,2024-03-29,Matched,None,0.0,0.0,0,2024-03-29 00:00:00
RECON002393,HDFC2026428993,2024-03-29,Matched,None,0.0,0.0,0,2024-03-29 00:00:00
RECON002394,HDFC2026494684,2024-03-29,Matched,None,0.0,0.0,0,2024-03-29 00:00:00
RECON002395,HDFC2026984479,2024-03-29,Matched,None,0.0,0.0,0,2024-03-29 00:00:00
RECON002396,HDFC2026550126,2024-03-29,Matched,None,0.0,0.0,0,2024-03-29 00:00:00
RECON002397,HDFC2026751310,2024-03-29,Duplicate,Duplicate Transaction,0.0,0.0,9,2024-04-07
RECON002398,HDFC2026966565,2024-03-29,Matched,None,0.0,0.0,0,2024-03-29 00:00:00
RECON002399,HDFC2026513833,2024-03-29,Matched,None,0.0,0.0,0,2024-03-29 00:00:00
RECON002400,HDFC2026795235,2024-03-29,Matched,None,0.0,0.0,0,2024-03-29 00:00:00
RECON002401,HDFC2026486768,2024-03-29,Matched,None,0.0,0.0,0,2024-03-29 00:00:00
RECON002402,HDFC2026354823,2024-03-29,Unmatched,Missing Settlement,105593.0,100.0,1,2024-03-30
RECON002403,HDFC2026718147,2024-03-29,Matched,None,0.0,0.0,0,2024-03-29 00:00:00
RECON002404,HDFC2026115063,2024-03-29,Unmatched,Missing Settlement,73448.0,100.0,8,2024-04-06
RECON002405,HDFC2026568946,2024-03-29,Matched,None,0.0,0.0,0,2024-03-29 00:00:00
RECON002406,HDFC2026163714,2024-03-29,Unmatched,Missing Settlement,201143.0,100.0,5,2024-04-03
RECON002407,HDFC2026172759,2024-03-29,Matched,None,0.0,0.0,0,2024-03-29 00:00:00
RECON002408,HDFC2026698226,2024-03-29,Matched,None,0.0,0.0,0,2024-03-29 00:00:00
RECON002409,HDFC2026638618,2024-03-30,Matched,None,0.0,0.0,0,2024-03-30 00:00:00
RECON002410,HDFC2026716301,2024-03-30,Unmatched,Missing Settlement,249212.0,100.0,1,2024-03-31
RECON002411,HDFC2026210553,2024-03-30,Matched,None,0.0,0.0,0,2024-03-30 00:00:00
RECON002412,HDFC2026684050,2024-03-30,Unmatched,Amount Mismatch,-1735.0,-1.2092024839179554,1,2024-03-31
RECON002413,HDFC2026684728,2024-03-30,Unmatched,FX Rate Discrepancy,0.0,-1.3,9,2024-04-08
RECON002414,HDFC2026633426,2024-03-30,Matched,None,0.0,0.0,0,2024-03-30 00:00:00
RECON002415,HDFC2026664675,2024-03-30,Unmatched,Missing Settlement,688976.0,100.0,14,2024-04-13
RECON002416,HDFC2026221364,2024-03-30,Matched,None,0.0,0.0,0,2024-03-30 00:00:00
RECON002417,HDFC2026929588,2024-03-30,Unmatched,Missing Settlement,81889.0,100.0,13,2024-04-12
RECON002418,HDFC2026639026,2024-03-30,Matched,None,0.0,0.0,0,2024-03-30 00:00:00
RECON002419,HDFC2026172386,2024-03-30,Unmatched,Missing Settlement,106282.0,100.0,11,2024-04-10
RECON002420,HDFC2026794566,2024-03-30,Matched,None,0.0,0.0,0,2024-03-30 00:00:00
RECON002421,HDFC2026916002,2024-03-30,Matched,None,0.0,0.0,0,2024-03-30 00:00:00
RECON002422,HDFC2026291134,2024-03-30,Matched,None,0.0,0.0,0,2024-03-30 00:00:00
RECON002423,HDFC2026679707,2024-03-30,Matched,None,0.0,0.0,0,2024-03-30 00:00:00
RECON002424,HDFC2026305197,2024-03-30,Matched,None,0.0,0.0,0,2024-03-30 00:00:00
RECON002425,HDFC2026885251,2024-03-30,Matched,None,0.0,0.0,0,2024-03-30 00:00:00
RECON002426,HDFC2026372804,2024-03-30,Matched,None,0.0,0.0,0,2024-03-30 00:00:00
RECON002427,HDFC2026641058,2024-03-30,Matched,None,0.0,0.0,0,2024-03-30 00:00:00
RECON002428,HDFC2026410563,2024-03-30,Matched,None,0.0,0.0,0,2024-03-30 00:00:00
RECON002429,HDFC2026513701,2024-03-30,Matched,None,0.0,0.0,0,2024-03-30 00:00:00
RECON002430,HDFC2026156361,2024-03-30,Matched,None,0.0,0.0,0,2024-03-30 00:00:00
RECON002431,HDFC2026544965,2024-03-30,Matched,None,0.0,0.0,0,2024-03-30 00:00:00
RECON002432,HDFC2026523037,2024-03-30,Matched,None,0.0,0.0,0,2024-03-30 00:00:00
RECON002433,HDFC2026273329,2024-03-30,Matched,None,0.0,0.0,0,2024-03-30 00:00:00
RECON002434,HDFC2026303595,2024-03-30,Matched,None,0.0,0.0,0,2024-03-30 00:00:00
RECON002435,HDFC2026694854,2024-03-30,Matched,None,0.0,0.0,0,2024-03-30 00:00:00
RECON002436,HDFC2026280795,2024-03-30,Matched,None,0.0,0.0,0,2024-03-30 00:00:00
RECON002437,HDFC2026354774,2024-03-30,Unmatched,FX Rate Discrepancy,0.0,0.38,11,2024-04-10
RECON002438,HDFC2026279108,2024-03-30,Matched,None,0.0,0.0,0,2024-03-30 00:00:00
RECON002439,HDFC2026266647,2024-03-30,Matched,None,0.0,0.0,0,2024-03-30 00:00:00
RECON002440,HDFC2026206639,2024-03-30,Matched,None,0.0,0.0,0,2024-03-30 00:00:00
RECON002441,HDFC2026960701,2024-03-30,Matched,None,0.0,0.0,0,2024-03-30 00:00:00
RECON002442,HDFC2026325115,2024-03-30,Matched,None,0.0,0.0,0,2024-03-30 00:00:00
RECON002443,HDFC2026360704,2024-03-30,Matched,None,0.0,0.0,0,2024-03-30 00:00:00
RECON002444,HDFC2026865907,2024-03-30,Matched,None,0.0,0.0,0,2024-03-30 00:00:00
RECON002445,HDFC2026603485,2024-03-30,Matched,None,0.0,0.0,0,2024-03-30 00:00:00
RECON002446,HDFC2026432956,2024-03-31,Matched,None,0.0,0.0,0,2024-03-31 00:00:00
RECON002447,HDFC2026988406,2024-03-31,Matched,None,0.0,0.0,0,2024-03-31 00:00:00
RECON002448,HDFC2026933892,2024-03-31,Matched,None,0.0,0.0,0,2024-03-31 00:00:00
RECON002449,HDFC2026404703,2024-03-31,Matched,None,0.0,0.0,0,2024-03-31 00:00:00
RECON002450,HDFC2026666921,2024-03-31,Matched,None,0.0,0.0,0,2024-03-31 00:00:00
RECON002451,HDFC2026834664,2024-03-31,Matched,None,0.0,0.0,0,2024-03-31 00:00:00
RECON002452,HDFC2026473711,2024-03-31,Matched,None,0.0,0.0,0,2024-03-31 00:00:00
RECON002453,HDFC2026329033,2024-03-31,Matched,None,0.0,0.0,0,2024-03-31 00:00:00
RECON002454,HDFC2026712464,2024-03-31,Matched,None,0.0,0.0,0,2024-03-31 00:00:00
RECON002455,HDFC2026542380,2024-03-31,Matched,None,0.0,0.0,0,2024-03-31 00:00:00
RECON002456,HDFC2026723436,2024-03-31,Matched,None,0.0,0.0,0,2024-03-31 00:00:00
RECON002457,HDFC2026133542,2024-03-31,Matched,None,0.0,0.0,0,2024-03-31 00:00:00
RECON002458,HDFC2026766566,2024-03-31,Matched,None,0.0,0.0,0,2024-03-31 00:00:00
RECON002459,HDFC2026234841,2024-03-31,Matched,None,0.0,0.0,0,2024-03-31 00:00:00
RECON002460,HDFC2026470046,2024-03-31,Matched,None,0.0,0.0,0,2024-03-31 00:00:00
RECON002461,HDFC2026513177,2024-03-31,Matched,None,0.0,0.0,0,2024-03-31 00:00:00
RECON002462,HDFC2026621682,2024-03-31,Matched,None,0.0,0.0,0,2024-03-31 00:00:00
RECON002463,HDFC2026423401,2024-03-31,Matched,None,0.0,0.0,0,2024-03-31 00:00:00
RECON002464,HDFC2026936862,2024-03-31,Unmatched,FX Rate Discrepancy,0.0,0.53,6,2024-04-06
RECON002465,HDFC2026839916,2024-03-31,Matched,None,0.0,0.0,0,2024-03-31 00:00:00
RECON002466,HDFC2026318946,2024-03-31,Matched,None,0.0,0.0,0,2024-03-31 00:00:00
RECON002467,HDFC2026827923,2024-03-31,Matched,None,0.0,0.0,0,2024-03-31 00:00:00
RECON002468,HDFC2026389334,2024-03-31,Matched,None,0.0,0.0,0,2024-03-31 00:00:00
RECON002469,HDFC2026689003,2024-03-31,Matched,None,0.0,0.0,0,2024-03-31 00:00:00
RECON002470,HDFC2026574454,2024-03-31,Matched,None,0.0,0.0,0,2024-03-31 00:00:00
RECON002471,HDFC2026538184,2024-03-31,Matched,None,0.0,0.0,0,2024-03-31 00:00:00
RECON002472,HDFC2026195005,2024-03-31,Matched,None,0.0,0.0,0,2024-03-31 00:00:00
RECON002473,HDFC2026110174,2024-04-01,Matched,None,0.0,0.0,0,2024-04-01 00:00:00
RECON002474,HDFC2026698351,2024-04-01,Matched,None,0.0,0.0,0,2024-04-01 00:00:00
RECON002475,HDFC2026425766,2024-04-01,Matched,None,0.0,0.0,0,2024-04-01 00:00:00
RECON002476,HDFC2026209039,2024-04-01,Matched,None,0.0,0.0,0,2024-04-01 00:00:00
RECON002477,HDFC2026877190,2024-04-01,Matched,None,0.0,0.0,0,2024-04-01 00:00:00
RECON002478,HDFC2026790580,2024-04-01,Matched,None,0.0,0.0,0,2024-04-01 00:00:00
RECON002479,HDFC2026560757,2024-04-01,Matched,None,0.0,0.0,0,2024-04-01 00:00:00
RECON002480,HDFC2026729274,2024-04-01,Matched,None,0.0,0.0,0,2024-04-01 00:00:00
RECON002481,HDFC2026224721,2024-04-01,Matched,None,0.0,0.0,0,2024-04-01 00:00:00
RECON002482,HDFC2026844479,2024-04-01,Matched,None,0.0,0.0,0,2024-04-01 00:00:00
RECON002483,HDFC2026251631,2024-04-01,Matched,None,0.0,0.0,0,2024-04-01 00:00:00
RECON002484,HDFC2026624902,2024-04-01,Matched,None,0.0,0.0,0,2024-04-01 00:00:00
RECON002485,HDFC2026340514,2024-04-01,Matched,None,0.0,0.0,0,2024-04-01 00:00:00
RECON002486,HDFC2026898230,2024-04-01,Matched,None,0.0,0.0,0,2024-04-01 00:00:00
RECON002487,HDFC2026135538,2024-04-01,Matched,None,0.0,0.0,0,2024-04-01 00:00:00
RECON002488,HDFC2026968336,2024-04-01,Matched,None,0.0,0.0,0,2024-04-01 00:00:00
RECON002489,HDFC2026945328,2024-04-01,Matched,None,0.0,0.0,0,2024-04-01 00:00:00
RECON002490,HDFC2026590111,2024-04-01,Matched,None,0.0,0.0,0,2024-04-01 00:00:00
RECON002491,HDFC2026539929,2024-04-01,Matched,None,0.0,0.0,0,2024-04-01 00:00:00
RECON002492,HDFC2026382113,2024-04-01,Matched,None,0.0,0.0,0,2024-04-01 00:00:00
RECON002493,HDFC2026169611,2024-04-01,Matched,None,0.0,0.0,0,2024-04-01 00:00:00
RECON002494,HDFC2026383621,2024-04-01,Matched,None,0.0,0.0,0,2024-04-01 00:00:00
RECON002495,HDFC2026633275,2024-04-01,Matched,None,0.0,0.0,0,2024-04-01 00:00:00
RECON002496,HDFC2026708684,2024-04-01,Matched,None,0.0,0.0,0,2024-04-01 00:00:00
RECON002497,HDFC2026154923,2024-04-01,Matched,None,0.0,0.0,0,2024-04-01 00:00:00
RECON002498,HDFC2026528942,2024-04-01,Matched,None,0.0,0.0,0,2024-04-01 00:00:00
RECON002499,HDFC2026881887,2024-04-02,Unmatched,Amount Mismatch,1827.0,2.4227234753550544,15,2024-04-17
RECON002500,HDFC2026256484,2024-04-02,Matched,None,0.0,0.0,0,2024-04-02 00:00:00
RECON002501,HDFC2026106402,2024-04-02,Matched,None,0.0,0.0,0,2024-04-02 00:00:00
RECON002502,HDFC2026475521,2024-04-02,Matched,None,0.0,0.0,0,2024-04-02 00:00:00
RECON002503,HDFC2026725221,2024-04-02,Matched,None,0.0,0.0,0,2024-04-02 00:00:00
RECON002504,HDFC2026941424,2024-04-02,Duplicate,Duplicate Transaction,0.0,0.0,15,2024-04-17
RECON002505,HDFC2026903738,2024-04-02,Matched,None,0.0,0.0,0,2024-04-02 00:00:00
RECON002506,HDFC2026796079,2024-04-02,Matched,None,0.0,0.0,0,2024-04-02 00:00:00
RECON002507,HDFC2026731718,2024-04-02,Matched,None,0.0,0.0,0,2024-04-02 00:00:00
RECON002508,HDFC2026999148,2024-04-02,Matched,None,0.0,0.0,0,2024-04-02 00:00:00
RECON002509,HDFC2026873646,2024-04-02,Matched,None,0.0,0.0,0,2024-04-02 00:00:00
RECON002510,HDFC2026608918,2024-04-02,Matched,None,0.0,0.0,0,2024-04-02 00:00:00
RECON002511,HDFC2026538651,2024-04-02,Matched,None,0.0,0.0,0,2024-04-02 00:00:00
RECON002512,HDFC2026209261,2024-04-02,Matched,None,0.0,0.0,0,2024-04-02 00:00:00
RECON002513,HDFC2026150636,2024-04-02,Duplicate,Duplicate Transaction,0.0,0.0,2,2024-04-04
RECON002514,HDFC2026947228,2024-04-02,Matched,None,0.0,0.0,0,2024-04-02 00:00:00
RECON002515,HDFC2026689223,2024-04-02,Matched,None,0.0,0.0,0,2024-04-02 00:00:00
RECON002516,HDFC2026605724,2024-04-02,Matched,None,0.0,0.0,0,2024-04-02 00:00:00
RECON002517,HDFC2026840658,2024-04-02,Matched,None,0.0,0.0,0,2024-04-02 00:00:00
RECON002518,HDFC2026428687,2024-04-02,Matched,None,0.0,0.0,0,2024-04-02 00:00:00
RECON002519,HDFC2026267363,2024-04-02,Matched,None,0.0,0.0,0,2024-04-02 00:00:00
RECON002520,HDFC2026753523,2024-04-02,Matched,None,0.0,0.0,0,2024-04-02 00:00:00
RECON002521,HDFC2026965800,2024-04-02,Matched,None,0.0,0.0,0,2024-04-02 00:00:00
RECON002522,HDFC2026939871,2024-04-02,Matched,None,0.0,0.0,0,2024-04-02 00:00:00
RECON002523,HDFC2026885534,2024-04-02,Matched,None,0.0,0.0,0,2024-04-02 00:00:00
RECON002524,HDFC2026574602,2024-04-02,Matched,None,0.0,0.0,0,2024-04-02 00:00:00
RECON002525,HDFC2026293186,2024-04-02,Matched,None,0.0,0.0,0,2024-04-02 00:00:00
RECON002526,HDFC2026976336,2024-04-02,Matched,None,0.0,0.0,0,2024-04-02 00:00:00
RECON002527,HDFC2026473394,2024-04-02,Matched,None,0.0,0.0,0,2024-04-02 00:00:00
RECON002528,HDFC2026943380,2024-04-02,Matched,None,0.0,0.0,0,2024-04-02 00:00:00
RECON002529,HDFC2026740011,2024-04-02,Matched,None,0.0,0.0,0,2024-04-02 00:00:00
RECON002530,HDFC2026704541,2024-04-02,Matched,None,0.0,0.0,0,2024-04-02 00:00:00
RECON002531,HDFC2026465525,2024-04-02,Matched,None,0.0,0.0,0,2024-04-02 00:00:00
RECON002532,HDFC2026527237,2024-04-02,Matched,None,0.0,0.0,0,2024-04-02 00:00:00
RECON002533,HDFC2026324843,2024-04-02,Matched,None,0.0,0.0,0,2024-04-02 00:00:00
RECON002534,HDFC2026528556,2024-04-02,Matched,None,0.0,0.0,0,2024-04-02 00:00:00
RECON002535,HDFC2026965653,2024-04-02,Matched,None,0.0,0.0,0,2024-04-02 00:00:00
RECON002536,HDFC2026811046,2024-04-02,Matched,None,0.0,0.0,0,2024-04-02 00:00:00
RECON002537,HDFC2026676060,2024-04-03,Matched,None,0.0,0.0,0,2024-04-03 00:00:00
RECON002538,HDFC2026502580,2024-04-03,Duplicate,Duplicate Transaction,0.0,0.0,13,2024-04-16
RECON002539,HDFC2026823222,2024-04-03,Matched,None,0.0,0.0,0,2024-04-03 00:00:00
RECON002540,HDFC2026770416,2024-04-03,Matched,None,0.0,0.0,0,2024-04-03 00:00:00
RECON002541,HDFC2026428724,2024-04-03,Matched,None,0.0,0.0,0,2024-04-03 00:00:00
RECON002542,HDFC2026629241,2024-04-03,Matched,None,0.0,0.0,0,2024-04-03 00:00:00
RECON002543,HDFC2026892110,2024-04-03,Matched,None,0.0,0.0,0,2024-04-03 00:00:00
RECON002544,HDFC2026514305,2024-04-03,Matched,None,0.0,0.0,0,2024-04-03 00:00:00
RECON002545,HDFC2026943007,2024-04-03,Matched,None,0.0,0.0,0,2024-04-03 00:00:00
RECON002546,HDFC2026570217,2024-04-03,Unmatched,Missing Settlement,452886.0,100.0,12,2024-04-15
RECON002547,HDFC2026643781,2024-04-03,Matched,None,0.0,0.0,0,2024-04-03 00:00:00
RECON002548,HDFC2026924851,2024-04-03,Matched,None,0.0,0.0,0,2024-04-03 00:00:00
RECON002549,HDFC2026929732,2024-04-03,Matched,None,0.0,0.0,0,2024-04-03 00:00:00
RECON002550,HDFC2026711874,2024-04-03,Matched,None,0.0,0.0,0,2024-04-03 00:00:00
RECON002551,HDFC2026526455,2024-04-03,Matched,None,0.0,0.0,0,2024-04-03 00:00:00
RECON002552,HDFC2026580259,2024-04-03,Matched,None,0.0,0.0,0,2024-04-03 00:00:00
RECON002553,HDFC2026216884,2024-04-03,Matched,None,0.0,0.0,0,2024-04-03 00:00:00
RECON002554,HDFC2026155515,2024-04-03,Matched,None,0.0,0.0,0,2024-04-03 00:00:00
RECON002555,HDFC2026505041,2024-04-03,Matched,None,0.0,0.0,0,2024-04-03 00:00:00
RECON002556,HDFC2026274200,2024-04-03,Unmatched,Amount Mismatch,-2663.0,-1.2426678861579956,15,2024-04-18
RECON002557,HDFC2026403898,2024-04-03,Matched,None,0.0,0.0,0,2024-04-03 00:00:00
RECON002558,HDFC2026837221,2024-04-03,Matched,None,0.0,0.0,0,2024-04-03 00:00:00
RECON002559,HDFC2026251030,2024-04-03,Matched,None,0.0,0.0,0,2024-04-03 00:00:00
RECON002560,HDFC2026748830,2024-04-03,Matched,None,0.0,0.0,0,2024-04-03 00:00:00
RECON002561,HDFC2026874980,2024-04-03,Matched,None,0.0,0.0,0,2024-04-03 00:00:00
RECON002562,HDFC2026186947,2024-04-04,Unmatched,Missing Settlement,83689.0,100.0,8,2024-04-12
RECON002563,HDFC2026516138,2024-04-04,Duplicate,Duplicate Transaction,0.0,0.0,8,2024-04-12
RECON002564,HDFC2026776959,2024-04-04,Matched,None,0.0,0.0,0,2024-04-04 00:00:00
RECON002565,HDFC2026288166,2024-04-04,Matched,None,0.0,0.0,0,2024-04-04 00:00:00
RECON002566,HDFC2026236373,2024-04-04,Matched,None,0.0,0.0,0,2024-04-04 00:00:00
RECON002567,HDFC2026510164,2024-04-04,Matched,None,0.0,0.0,0,2024-04-04 00:00:00
RECON002568,HDFC2026732561,2024-04-04,Unmatched,Amount Mismatch,-558.0,-0.29619563774955016,2,2024-04-06
RECON002569,HDFC2026468620,2024-04-04,Matched,None,0.0,0.0,0,2024-04-04 00:00:00
RECON002570,HDFC2026924304,2024-04-04,Matched,None,0.0,0.0,0,2024-04-04 00:00:00
RECON002571,HDFC2026268772,2024-04-04,Matched,None,0.0,0.0,0,2024-04-04 00:00:00
RECON002572,HDFC2026692389,2024-04-04,Unmatched,Amount Mismatch,2189.0,0.8686887126025342,10,2024-04-14
RECON002573,HDFC2026572792,2024-04-04,Matched,None,0.0,0.0,0,2024-04-04 00:00:00
RECON002574,HDFC2026445238,2024-04-04,Matched,None,0.0,0.0,0,2024-04-04 00:00:00
RECON002575,HDFC2026605563,2024-04-04,Unmatched,Missing Settlement,207519.0,100.0,3,2024-04-07
RECON002576,HDFC2026794041,2024-04-04,Matched,None,0.0,0.0,0,2024-04-04 00:00:00
RECON002577,HDFC2026494747,2024-04-04,Matched,None,0.0,0.0,0,2024-04-04 00:00:00
RECON002578,HDFC2026926403,2024-04-04,Unmatched,Amount Mismatch,1791.0,0.2908652714011716,8,2024-04-12
RECON002579,HDFC2026497753,2024-04-04,Matched,None,0.0,0.0,0,2024-04-04 00:00:00
RECON002580,HDFC2026182157,2024-04-04,Matched,None,0.0,0.0,0,2024-04-04 00:00:00
RECON002581,HDFC2026381026,2024-04-04,Matched,None,0.0,0.0,0,2024-04-04 00:00:00
RECON002582,HDFC2026833084,2024-04-04,Matched,None,0.0,0.0,0,2024-04-04 00:00:00
RECON002583,HDFC2026713496,2024-04-04,Matched,None,0.0,0.0,0,2024-04-04 00:00:00
RECON002584,HDFC2026417631,2024-04-04,Matched,None,0.0,0.0,0,2024-04-04 00:00:00
RECON002585,HDFC2026237754,2024-04-04,Matched,None,0.0,0.0,0,2024-04-04 00:00:00
RECON002586,HDFC2026314528,2024-04-04,Matched,None,0.0,0.0,0,2024-04-04 00:00:00
RECON002587,HDFC2026945602,2024-04-04,Matched,None,0.0,0.0,0,2024-04-04 00:00:00
RECON002588,HDFC2026204909,2024-04-04,Matched,None,0.0,0.0,0,2024-04-04 00:00:00
RECON002589,HDFC2026171911,2024-04-04,Matched,None,0.0,0.0,0,2024-04-04 00:00:00
RECON002590,HDFC2026362847,2024-04-04,Matched,None,0.0,0.0,0,2024-04-04 00:00:00
RECON002591,HDFC2026404394,2024-04-04,Unmatched,Amount Mismatch,2432.0,4.444038373686615,11,2024-04-15
RECON002592,HDFC2026836013,2024-04-05,Matched,None,0.0,0.0,0,2024-04-05 00:00:00
RECON002593,HDFC2026556278,2024-04-05,Matched,None,0.0,0.0,0,2024-04-05 00:00:00
RECON002594,HDFC2026466709,2024-04-05,Matched,None,0.0,0.0,0,2024-04-05 00:00:00
RECON002595,HDFC2026264221,2024-04-05,Matched,None,0.0,0.0,0,2024-04-05 00:00:00
RECON002596,HDFC2026837902,2024-04-05,Matched,None,0.0,0.0,0,2024-04-05 00:00:00
RECON002597,HDFC2026841427,2024-04-05,Matched,None,0.0,0.0,0,2024-04-05 00:00:00
RECON002598,HDFC2026550176,2024-04-05,Matched,None,0.0,0.0,0,2024-04-05 00:00:00
RECON002599,HDFC2026853504,2024-04-05,Matched,None,0.0,0.0,0,2024-04-05 00:00:00
RECON002600,HDFC2026737504,2024-04-05,Matched,None,0.0,0.0,0,2024-04-05 00:00:00
RECON002601,HDFC2026557874,2024-04-05,Matched,None,0.0,0.0,0,2024-04-05 00:00:00
RECON002602,HDFC2026124318,2024-04-05,Matched,None,0.0,0.0,0,2024-04-05 00:00:00
RECON002603,HDFC2026537995,2024-04-05,Unmatched,Amount Mismatch,291.0,0.09876157733438769,15,2024-04-20
RECON002604,HDFC2026297006,2024-04-05,Matched,None,0.0,0.0,0,2024-04-05 00:00:00
RECON002605,HDFC2026639669,2024-04-05,Matched,None,0.0,0.0,0,2024-04-05 00:00:00
RECON002606,HDFC2026297340,2024-04-05,Matched,None,0.0,0.0,0,2024-04-05 00:00:00
RECON002607,HDFC2026940900,2024-04-05,Duplicate,Duplicate Transaction,0.0,0.0,9,2024-04-14
RECON002608,HDFC2026155965,2024-04-05,Matched,None,0.0,0.0,0,2024-04-05 00:00:00
RECON002609,HDFC2026396874,2024-04-05,Unmatched,Amount Mismatch,-748.0,-0.4304218479367948,3,2024-04-08
RECON002610,HDFC2026883747,2024-04-05,Matched,None,0.0,0.0,0,2024-04-05 00:00:00
RECON002611,HDFC2026572769,2024-04-05,Matched,None,0.0,0.0,0,2024-04-05 00:00:00
RECON002612,HDFC2026430284,2024-04-05,Unmatched,Amount Mismatch,-2960.0,-1.4243917462272868,15,2024-04-20
RECON002613,HDFC2026320245,2024-04-05,Duplicate,Duplicate Transaction,0.0,0.0,13,2024-04-18
RECON002614,HDFC2026864700,2024-04-05,Matched,None,0.0,0.0,0,2024-04-05 00:00:00
RECON002615,HDFC2026844758,2024-04-05,Matched,None,0.0,0.0,0,2024-04-05 00:00:00
RECON002616,HDFC2026695695,2024-04-05,Matched,None,0.0,0.0,0,2024-04-05 00:00:00
RECON002617,HDFC2026380735,2024-04-05,Matched,None,0.0,0.0,0,2024-04-05 00:00:00
RECON002618,HDFC2026779642,2024-04-05,Unmatched,FX Rate Discrepancy,0.0,-1.84,2,2024-04-07
RECON002619,HDFC2026103868,2024-04-05,Matched,None,0.0,0.0,0,2024-04-05 00:00:00
RECON002620,HDFC2026277217,2024-04-05,Matched,None,0.0,0.0,0,2024-04-05 00:00:00
RECON002621,HDFC2026532352,2024-04-05,Matched,None,0.0,0.0,0,2024-04-05 00:00:00
RECON002622,HDFC2026624366,2024-04-05,Matched,None,0.0,0.0,0,2024-04-05 00:00:00
RECON002623,HDFC2026698129,2024-04-05,Unmatched,Missing Settlement,311154.0,100.0,9,2024-04-14
RECON002624,HDFC2026189901,2024-04-05,Matched,None,0.0,0.0,0,2024-04-05 00:00:00
RECON002625,HDFC2026193282,2024-04-05,Matched,None,0.0,0.0,0,2024-04-05 00:00:00
RECON002626,HDFC2026867291,2024-04-06,Matched,None,0.0,0.0,0,2024-04-06 00:00:00
RECON002627,HDFC2026309906,2024-04-06,Matched,None,0.0,0.0,0,2024-04-06 00:00:00
RECON002628,HDFC2026476701,2024-04-06,Matched,None,0.0,0.0,0,2024-04-06 00:00:00
RECON002629,HDFC2026526495,2024-04-06,Matched,None,0.0,0.0,0,2024-04-06 00:00:00
RECON002630,HDFC2026455888,2024-04-06,Matched,None,0.0,0.0,0,2024-04-06 00:00:00
RECON002631,HDFC2026176319,2024-04-06,Matched,None,0.0,0.0,0,2024-04-06 00:00:00
RECON002632,HDFC2026567257,2024-04-06,Matched,None,0.0,0.0,0,2024-04-06 00:00:00
RECON002633,HDFC2026275379,2024-04-06,Matched,None,0.0,0.0,0,2024-04-06 00:00:00
RECON002634,HDFC2026530224,2024-04-06,Matched,None,0.0,0.0,0,2024-04-06 00:00:00
RECON002635,HDFC2026675715,2024-04-06,Matched,None,0.0,0.0,0,2024-04-06 00:00:00
RECON002636,HDFC2026817792,2024-04-06,Matched,None,0.0,0.0,0,2024-04-06 00:00:00
RECON002637,HDFC2026967268,2024-04-06,Matched,None,0.0,0.0,0,2024-04-06 00:00:00
RECON002638,HDFC2026797461,2024-04-06,Matched,None,0.0,0.0,0,2024-04-06 00:00:00
RECON002639,HDFC2026840995,2024-04-06,Unmatched,Missing Settlement,50000.0,100.0,2,2024-04-08
RECON002640,HDFC2026614171,2024-04-06,Unmatched,FX Rate Discrepancy,0.0,0.12,8,2024-04-14
RECON002641,HDFC2026370328,2024-04-06,Matched,None,0.0,0.0,0,2024-04-06 00:00:00
RECON002642,HDFC2026844594,2024-04-06,Matched,None,0.0,0.0,0,2024-04-06 00:00:00
RECON002643,HDFC2026329091,2024-04-06,Unmatched,Missing Settlement,299005.0,100.0,1,2024-04-07
RECON002644,HDFC2026674598,2024-04-06,Matched,None,0.0,0.0,0,2024-04-06 00:00:00
RECON002645,HDFC2026980274,2024-04-06,Matched,None,0.0,0.0,0,2024-04-06 00:00:00
RECON002646,HDFC2026155807,2024-04-06,Matched,None,0.0,0.0,0,2024-04-06 00:00:00
RECON002647,HDFC2026250518,2024-04-06,Matched,None,0.0,0.0,0,2024-04-06 00:00:00
RECON002648,HDFC2026336936,2024-04-06,Unmatched,FX Rate Discrepancy,0.0,0.04,9,2024-04-15
RECON002649,HDFC2026238905,2024-04-06,Matched,None,0.0,0.0,0,2024-04-06 00:00:00
RECON002650,HDFC2026197429,2024-04-06,Matched,None,0.0,0.0,0,2024-04-06 00:00:00
RECON002651,HDFC2026945783,2024-04-06,Matched,None,0.0,0.0,0,2024-04-06 00:00:00
RECON002652,HDFC2026303266,2024-04-06,Matched,None,0.0,0.0,0,2024-04-06 00:00:00
RECON002653,HDFC2026569174,2024-04-06,Matched,None,0.0,0.0,0,2024-04-06 00:00:00
RECON002654,HDFC2026973734,2024-04-06,Matched,None,0.0,0.0,0,2024-04-06 00:00:00
RECON002655,HDFC2026289721,2024-04-06,Matched,None,0.0,0.0,0,2024-04-06 00:00:00
RECON002656,HDFC2026298659,2024-04-06,Matched,None,0.0,0.0,0,2024-04-06 00:00:00
RECON002657,HDFC2026321334,2024-04-07,Matched,None,0.0,0.0,0,2024-04-07 00:00:00
RECON002658,HDFC2026486479,2024-04-07,Matched,None,0.0,0.0,0,2024-04-07 00:00:00
RECON002659,HDFC2026839184,2024-04-07,Matched,None,0.0,0.0,0,2024-04-07 00:00:00
RECON002660,HDFC2026156491,2024-04-07,Matched,None,0.0,0.0,0,2024-04-07 00:00:00
RECON002661,HDFC2026283630,2024-04-07,Matched,None,0.0,0.0,0,2024-04-07 00:00:00
RECON002662,HDFC2026270350,2024-04-07,Matched,None,0.0,0.0,0,2024-04-07 00:00:00
RECON002663,HDFC2026454815,2024-04-07,Matched,None,0.0,0.0,0,2024-04-07 00:00:00
RECON002664,HDFC2026683631,2024-04-07,Matched,None,0.0,0.0,0,2024-04-07 00:00:00
RECON002665,HDFC2026193821,2024-04-07,Matched,None,0.0,0.0,0,2024-04-07 00:00:00
RECON002666,HDFC2026435353,2024-04-07,Matched,None,0.0,0.0,0,2024-04-07 00:00:00
RECON002667,HDFC2026411497,2024-04-07,Matched,None,0.0,0.0,0,2024-04-07 00:00:00
RECON002668,HDFC2026322096,2024-04-07,Unmatched,Amount Mismatch,-4404.0,-1.8089065233999557,12,2024-04-19
RECON002669,HDFC2026496375,2024-04-07,Matched,None,0.0,0.0,0,2024-04-07 00:00:00
RECON002670,HDFC2026905299,2024-04-07,Matched,None,0.0,0.0,0,2024-04-07 00:00:00
RECON002671,HDFC2026760073,2024-04-07,Matched,None,0.0,0.0,0,2024-04-07 00:00:00
RECON002672,HDFC2026536829,2024-04-07,Matched,None,0.0,0.0,0,2024-04-07 00:00:00
RECON002673,HDFC2026348312,2024-04-07,Matched,None,0.0,0.0,0,2024-04-07 00:00:00
RECON002674,HDFC2026428576,2024-04-07,Unmatched,Amount Mismatch,-3825.0,-2.427985628864147,11,2024-04-18
RECON002675,HDFC2026838390,2024-04-07,Matched,None,0.0,0.0,0,2024-04-07 00:00:00
RECON002676,HDFC2026606383,2024-04-07,Matched,None,0.0,0.0,0,2024-04-07 00:00:00
RECON002677,HDFC2026133290,2024-04-07,Matched,None,0.0,0.0,0,2024-04-07 00:00:00
RECON002678,HDFC2026255831,2024-04-07,Matched,None,0.0,0.0,0,2024-04-07 00:00:00
RECON002679,HDFC2026714603,2024-04-08,Matched,None,0.0,0.0,0,2024-04-08 00:00:00
RECON002680,HDFC2026521976,2024-04-08,Unmatched,FX Rate Discrepancy,0.0,1.4,5,2024-04-13
RECON002681,HDFC2026991091,2024-04-08,Duplicate,Duplicate Transaction,0.0,0.0,11,2024-04-19
RECON002682,HDFC2026815148,2024-04-08,Matched,None,0.0,0.0,0,2024-04-08 00:00:00
RECON002683,HDFC2026639491,2024-04-08,Matched,None,0.0,0.0,0,2024-04-08 00:00:00
RECON002684,HDFC2026873796,2024-04-08,Matched,None,0.0,0.0,0,2024-04-08 00:00:00
RECON002685,HDFC2026317708,2024-04-08,Matched,None,0.0,0.0,0,2024-04-08 00:00:00
RECON002686,HDFC2026364132,2024-04-08,Matched,None,0.0,0.0,0,2024-04-08 00:00:00
RECON002687,HDFC2026137167,2024-04-08,Unmatched,Amount Mismatch,194.0,0.1977634382295075,5,2024-04-13
RECON002688,HDFC2026991286,2024-04-08,Matched,None,0.0,0.0,0,2024-04-08 00:00:00
RECON002689,HDFC2026168110,2024-04-08,Matched,None,0.0,0.0,0,2024-04-08 00:00:00
RECON002690,HDFC2026119105,2024-04-08,Unmatched,Amount Mismatch,-3251.0,-0.5530548155406532,1,2024-04-09
RECON002691,HDFC2026155257,2024-04-08,Unmatched,Amount Mismatch,-3962.0,-1.9138802206614045,13,2024-04-21
RECON002692,HDFC2026481056,2024-04-08,Matched,None,0.0,0.0,0,2024-04-08 00:00:00
RECON002693,HDFC2026271742,2024-04-08,Matched,None,0.0,0.0,0,2024-04-08 00:00:00
RECON002694,HDFC2026818323,2024-04-08,Matched,None,0.0,0.0,0,2024-04-08 00:00:00
RECON002695,HDFC2026731460,2024-04-08,Matched,None,0.0,0.0,0,2024-04-08 00:00:00
RECON002696,HDFC2026485781,2024-04-08,Duplicate,Duplicate Transaction,0.0,0.0,8,2024-04-16
RECON002697,HDFC2026788933,2024-04-08,Matched,None,0.0,0.0,0,2024-04-08 00:00:00
RECON002698,HDFC2026364168,2024-04-08,Matched,None,0.0,0.0,0,2024-04-08 00:00:00
RECON002699,HDFC2026597619,2024-04-08,Matched,None,0.0,0.0,0,2024-04-08 00:00:00
RECON002700,HDFC2026336266,2024-04-08,Matched,None,0.0,0.0,0,2024-04-08 00:00:00
RECON002701,HDFC2026507216,2024-04-08,Duplicate,Duplicate Transaction,0.0,0.0,4,2024-04-12
RECON002702,HDFC2026735680,2024-04-08,Matched,None,0.0,0.0,0,2024-04-08 00:00:00
RECON002703,HDFC2026699663,2024-04-08,Matched,None,0.0,0.0,0,2024-04-08 00:00:00
RECON002704,HDFC2026817951,2024-04-08,Matched,None,0.0,0.0,0,2024-04-08 00:00:00
RECON002705,HDFC2026455975,2024-04-08,Unmatched,Amount Mismatch,-669.0,-0.7749962350706069,9,2024-04-17
RECON002706,HDFC2026705397,2024-04-08,Matched,None,0.0,0.0,0,2024-04-08 00:00:00
RECON002707,HDFC2026786973,2024-04-08,Matched,None,0.0,0.0,0,2024-04-08 00:00:00
RECON002708,HDFC2026221279,2024-04-09,Matched,None,0.0,0.0,0,2024-04-09 00:00:00
RECON002709,HDFC2026432670,2024-04-09,Matched,None,0.0,0.0,0,2024-04-09 00:00:00
RECON002710,HDFC2026721686,2024-04-09,Matched,None,0.0,0.0,0,2024-04-09 00:00:00
RECON002711,HDFC2026404183,2024-04-09,Matched,None,0.0,0.0,0,2024-04-09 00:00:00
RECON002712,HDFC2026465634,2024-04-09,Matched,None,0.0,0.0,0,2024-04-09 00:00:00
RECON002713,HDFC2026843708,2024-04-09,Matched,None,0.0,0.0,0,2024-04-09 00:00:00
RECON002714,HDFC2026495237,2024-04-09,Matched,None,0.0,0.0,0,2024-04-09 00:00:00
RECON002715,HDFC2026144995,2024-04-09,Matched,None,0.0,0.0,0,2024-04-09 00:00:00
RECON002716,HDFC2026544729,2024-04-09,Matched,None,0.0,0.0,0,2024-04-09 00:00:00
RECON002717,HDFC2026751050,2024-04-09,Matched,None,0.0,0.0,0,2024-04-09 00:00:00
RECON002718,HDFC2026369966,2024-04-09,Unmatched,Amount Mismatch,3546.0,2.316677990905765,14,2024-04-23
RECON002719,HDFC2026938501,2024-04-09,Matched,None,0.0,0.0,0,2024-04-09 00:00:00
RECON002720,HDFC2026419377,2024-04-09,Unmatched,Amount Mismatch,-2184.0,-0.32079434790910827,10,2024-04-19
RECON002721,HDFC2026980224,2024-04-09,Duplicate,Duplicate Transaction,0.0,0.0,11,2024-04-20
RECON002722,HDFC2026569557,2024-04-09,Unmatched,Amount Mismatch,-2452.0,-4.904,3,2024-04-12
RECON002723,HDFC2026595158,2024-04-09,Matched,None,0.0,0.0,0,2024-04-09 00:00:00
RECON002724,HDFC2026351377,2024-04-09,Matched,None,0.0,0.0,0,2024-04-09 00:00:00
RECON002725,HDFC2026138071,2024-04-09,Unmatched,Amount Mismatch,2265.0,0.45406887813913954,6,2024-04-15
RECON002726,HDFC2026973074,2024-04-09,Matched,None,0.0,0.0,0,2024-04-09 00:00:00
RECON002727,HDFC2026170420,2024-04-09,Unmatched,FX Rate Discrepancy,0.0,1.82,12,2024-04-21
RECON002728,HDFC2026563449,2024-04-09,Matched,None,0.0,0.0,0,2024-04-09 00:00:00
RECON002729,HDFC2026597255,2024-04-09,Matched,None,0.0,0.0,0,2024-04-09 00:00:00
RECON002730,HDFC2026929878,2024-04-09,Matched,None,0.0,0.0,0,2024-04-09 00:00:00
RECON002731,HDFC2026776653,2024-04-09,Matched,None,0.0,0.0,0,2024-04-09 00:00:00
RECON002732,HDFC2026621373,2024-04-09,Matched,None,0.0,0.0,0,2024-04-09 00:00:00
RECON002733,HDFC2026651553,2024-04-09,Matched,None,0.0,0.0,0,2024-04-09 00:00:00
RECON002734,HDFC2026542788,2024-04-10,Duplicate,Duplicate Transaction,0.0,0.0,14,2024-04-24
RECON002735,HDFC2026287214,2024-04-10,Matched,None,0.0,0.0,0,2024-04-10 00:00:00
RECON002736,HDFC2026902318,2024-04-10,Matched,None,0.0,0.0,0,2024-04-10 00:00:00
RECON002737,HDFC2026643549,2024-04-10,Unmatched,FX Rate Discrepancy,0.0,-0.06,12,2024-04-22
RECON002738,HDFC2026482275,2024-04-10,Matched,None,0.0,0.0,0,2024-04-10 00:00:00
RECON002739,HDFC2026397493,2024-04-10,Matched,None,0.0,0.0,0,2024-04-10 00:00:00
RECON002740,HDFC2026460517,2024-04-10,Matched,None,0.0,0.0,0,2024-04-10 00:00:00
RECON002741,HDFC2026823216,2024-04-10,Matched,None,0.0,0.0,0,2024-04-10 00:00:00
RECON002742,HDFC2026994914,2024-04-10,Matched,None,0.0,0.0,0,2024-04-10 00:00:00
RECON002743,HDFC2026341417,2024-04-10,Matched,None,0.0,0.0,0,2024-04-10 00:00:00
RECON002744,HDFC2026599589,2024-04-10,Matched,None,0.0,0.0,0,2024-04-10 00:00:00
RECON002745,HDFC2026491286,2024-04-10,Matched,None,0.0,0.0,0,2024-04-10 00:00:00
RECON002746,HDFC2026828410,2024-04-10,Matched,None,0.0,0.0,0,2024-04-10 00:00:00
RECON002747,HDFC2026271912,2024-04-10,Matched,None,0.0,0.0,0,2024-04-10 00:00:00
RECON002748,HDFC2026962807,2024-04-10,Matched,None,0.0,0.0,0,2024-04-10 00:00:00
RECON002749,HDFC2026141647,2024-04-10,Unmatched,Missing Settlement,136656.0,100.0,8,2024-04-18
RECON002750,HDFC2026358213,2024-04-10,Unmatched,Amount Mismatch,2924.0,0.7178860171811434,1,2024-04-11
RECON002751,HDFC2026771688,2024-04-10,Matched,None,0.0,0.0,0,2024-04-10 00:00:00
RECON002752,HDFC2026693800,2024-04-10,Matched,None,0.0,0.0,0,2024-04-10 00:00:00
RECON002753,HDFC2026576979,2024-04-10,Matched,None,0.0,0.0,0,2024-04-10 00:00:00
RECON002754,HDFC2026678665,2024-04-10,Matched,None,0.0,0.0,0,2024-04-10 00:00:00
RECON002755,HDFC2026258211,2024-04-10,Matched,None,0.0,0.0,0,2024-04-10 00:00:00
RECON002756,HDFC2026354865,2024-04-10,Unmatched,Amount Mismatch,-4438.0,-3.048705090334547,15,2024-04-25
RECON002757,HDFC2026458193,2024-04-10,Matched,None,0.0,0.0,0,2024-04-10 00:00:00
RECON002758,HDFC2026257492,2024-04-10,Matched,None,0.0,0.0,0,2024-04-10 00:00:00
RECON002759,HDFC2026548112,2024-04-10,Matched,None,0.0,0.0,0,2024-04-10 00:00:00
RECON002760,HDFC2026190520,2024-04-10,Matched,None,0.0,0.0,0,2024-04-10 00:00:00
RECON002761,HDFC2026793662,2024-04-10,Matched,None,0.0,0.0,0,2024-04-10 00:00:00
RECON002762,HDFC2026335552,2024-04-11,Matched,None,0.0,0.0,0,2024-04-11 00:00:00
RECON002763,HDFC2026470085,2024-04-11,Matched,None,0.0,0.0,0,2024-04-11 00:00:00
RECON002764,HDFC2026694957,2024-04-11,Matched,None,0.0,0.0,0,2024-04-11 00:00:00
RECON002765,HDFC2026394951,2024-04-11,Matched,None,0.0,0.0,0,2024-04-11 00:00:00
RECON002766,HDFC2026637463,2024-04-11,Matched,None,0.0,0.0,0,2024-04-11 00:00:00
RECON002767,HDFC2026725195,2024-04-11,Duplicate,Duplicate Transaction,0.0,0.0,11,2024-04-22
RECON002768,HDFC2026763105,2024-04-11,Matched,None,0.0,0.0,0,2024-04-11 00:00:00
RECON002769,HDFC2026501235,2024-04-11,Matched,None,0.0,0.0,0,2024-04-11 00:00:00
RECON002770,HDFC2026272525,2024-04-11,Matched,None,0.0,0.0,0,2024-04-11 00:00:00
RECON002771,HDFC2026895546,2024-04-11,Matched,None,0.0,0.0,0,2024-04-11 00:00:00
RECON002772,HDFC2026620784,2024-04-11,Duplicate,Duplicate Transaction,0.0,0.0,8,2024-04-19
RECON002773,HDFC2026284393,2024-04-11,Matched,None,0.0,0.0,0,2024-04-11 00:00:00
RECON002774,HDFC2026122838,2024-04-11,Matched,None,0.0,0.0,0,2024-04-11 00:00:00
RECON002775,HDFC2026295760,2024-04-11,Matched,None,0.0,0.0,0,2024-04-11 00:00:00
RECON002776,HDFC2026913066,2024-04-11,Unmatched,Amount Mismatch,1970.0,1.536242055601045,15,2024-04-26
RECON002777,HDFC2026875448,2024-04-11,Matched,None,0.0,0.0,0,2024-04-11 00:00:00
RECON002778,HDFC2026800055,2024-04-11,Matched,None,0.0,0.0,0,2024-04-11 00:00:00
RECON002779,HDFC2026227531,2024-04-11,Matched,None,0.0,0.0,0,2024-04-11 00:00:00
RECON002780,HDFC2026981237,2024-04-11,Unmatched,Amount Mismatch,2456.0,1.5853855340025174,10,2024-04-21
RECON002781,HDFC2026446510,2024-04-11,Matched,None,0.0,0.0,0,2024-04-11 00:00:00
RECON002782,HDFC2026425382,2024-04-11,Matched,None,0.0,0.0,0,2024-04-11 00:00:00
RECON002783,HDFC2026796249,2024-04-11,Matched,None,0.0,0.0,0,2024-04-11 00:00:00
RECON002784,HDFC2026434759,2024-04-11,Matched,None,0.0,0.0,0,2024-04-11 00:00:00
RECON002785,HDFC2026819866,2024-04-11,Matched,None,0.0,0.0,0,2024-04-11 00:00:00
RECON002786,HDFC2026206470,2024-04-11,Matched,None,0.0,0.0,0,2024-04-11 00:00:00
RECON002787,HDFC2026308882,2024-04-11,Matched,None,0.0,0.0,0,2024-04-11 00:00:00
RECON002788,HDFC2026661837,2024-04-11,Matched,None,0.0,0.0,0,2024-04-11 00:00:00
RECON002789,HDFC2026584887,2024-04-11,Unmatched,Missing Settlement,50000.0,100.0,4,2024-04-15
RECON002790,HDFC2026244037,2024-04-12,Matched,None,0.0,0.0,0,2024-04-12 00:00:00
RECON002791,HDFC2026198418,2024-04-12,Matched,None,0.0,0.0,0,2024-04-12 00:00:00
RECON002792,HDFC2026550062,2024-04-12,Matched,None,0.0,0.0,0,2024-04-12 00:00:00
RECON002793,HDFC2026716146,2024-04-12,Matched,None,0.0,0.0,0,2024-04-12 00:00:00
RECON002794,HDFC2026623238,2024-04-12,Matched,None,0.0,0.0,0,2024-04-12 00:00:00
RECON002795,HDFC2026204661,2024-04-12,Matched,None,0.0,0.0,0,2024-04-12 00:00:00
RECON002796,HDFC2026455081,2024-04-12,Matched,None,0.0,0.0,0,2024-04-12 00:00:00
RECON002797,HDFC2026298612,2024-04-12,Matched,None,0.0,0.0,0,2024-04-12 00:00:00
RECON002798,HDFC2026308635,2024-04-12,Unmatched,Missing Settlement,73986.0,100.0,5,2024-04-17
RECON002799,HDFC2026795545,2024-04-12,Matched,None,0.0,0.0,0,2024-04-12 00:00:00
RECON002800,HDFC2026533692,2024-04-12,Unmatched,Amount Mismatch,-2658.0,-0.9575824825091688,3,2024-04-15
RECON002801,HDFC2026219709,2024-04-12,Unmatched,Amount Mismatch,-861.0,-0.3555941023417173,1,2024-04-13
RECON002802,HDFC2026192665,2024-04-12,Unmatched,Amount Mismatch,2141.0,2.651754418558565,14,2024-04-26
RECON002803,HDFC2026615607,2024-04-12,Unmatched,Missing Settlement,329143.0,100.0,12,2024-04-24
RECON002804,HDFC2026760548,2024-04-12,Matched,None,0.0,0.0,0,2024-04-12 00:00:00
RECON002805,HDFC2026959476,2024-04-12,Matched,None,0.0,0.0,0,2024-04-12 00:00:00
RECON002806,HDFC2026178974,2024-04-12,Matched,None,0.0,0.0,0,2024-04-12 00:00:00
RECON002807,HDFC2026801635,2024-04-13,Matched,None,0.0,0.0,0,2024-04-13 00:00:00
RECON002808,HDFC2026288261,2024-04-13,Matched,None,0.0,0.0,0,2024-04-13 00:00:00
RECON002809,HDFC2026620326,2024-04-13,Duplicate,Duplicate Transaction,0.0,0.0,5,2024-04-18
RECON002810,HDFC2026807247,2024-04-13,Matched,None,0.0,0.0,0,2024-04-13 00:00:00
RECON002811,HDFC2026597166,2024-04-13,Matched,None,0.0,0.0,0,2024-04-13 00:00:00
RECON002812,HDFC2026324219,2024-04-13,Matched,None,0.0,0.0,0,2024-04-13 00:00:00
RECON002813,HDFC2026324990,2024-04-13,Matched,None,0.0,0.0,0,2024-04-13 00:00:00
RECON002814,HDFC2026104509,2024-04-13,Matched,None,0.0,0.0,0,2024-04-13 00:00:00
RECON002815,HDFC2026388820,2024-04-13,Matched,None,0.0,0.0,0,2024-04-13 00:00:00
RECON002816,HDFC2026552767,2024-04-13,Matched,None,0.0,0.0,0,2024-04-13 00:00:00
RECON002817,HDFC2026547344,2024-04-13,Matched,None,0.0,0.0,0,2024-04-13 00:00:00
RECON002818,HDFC2026146389,2024-04-13,Matched,None,0.0,0.0,0,2024-04-13 00:00:00
RECON002819,HDFC2026807508,2024-04-13,Unmatched,Amount Mismatch,2724.0,0.6813474872184814,6,2024-04-19
RECON002820,HDFC2026476547,2024-04-13,Matched,None,0.0,0.0,0,2024-04-13 00:00:00
RECON002821,HDFC2026462598,2024-04-13,Matched,None,0.0,0.0,0,2024-04-13 00:00:00
RECON002822,HDFC2026402484,2024-04-13,Matched,None,0.0,0.0,0,2024-04-13 00:00:00
RECON002823,HDFC2026486322,2024-04-13,Matched,None,0.0,0.0,0,2024-04-13 00:00:00
RECON002824,HDFC2026878934,2024-04-13,Matched,None,0.0,0.0,0,2024-04-13 00:00:00
RECON002825,HDFC2026795774,2024-04-13,Matched,None,0.0,0.0,0,2024-04-13 00:00:00
RECON002826,HDFC2026461859,2024-04-13,Matched,None,0.0,0.0,0,2024-04-13 00:00:00
RECON002827,HDFC2026502480,2024-04-13,Unmatched,FX Rate Discrepancy,0.0,-1.18,11,2024-04-24
RECON002828,HDFC2026460524,2024-04-13,Matched,None,0.0,0.0,0,2024-04-13 00:00:00
RECON002829,HDFC2026621346,2024-04-13,Matched,None,0.0,0.0,0,2024-04-13 00:00:00
RECON002830,HDFC2026366649,2024-04-14,Matched,None,0.0,0.0,0,2024-04-14 00:00:00
RECON002831,HDFC2026756397,2024-04-14,Matched,None,0.0,0.0,0,2024-04-14 00:00:00
RECON002832,HDFC2026138319,2024-04-14,Matched,None,0.0,0.0,0,2024-04-14 00:00:00
RECON002833,HDFC2026200666,2024-04-14,Matched,None,0.0,0.0,0,2024-04-14 00:00:00
RECON002834,HDFC2026929909,2024-04-14,Unmatched,FX Rate Discrepancy,0.0,0.1,10,2024-04-24
RECON002835,HDFC2026478101,2024-04-14,Matched,None,0.0,0.0,0,2024-04-14 00:00:00
RECON002836,HDFC2026485061,2024-04-14,Matched,None,0.0,0.0,0,2024-04-14 00:00:00
RECON002837,HDFC2026992098,2024-04-14,Matched,None,0.0,0.0,0,2024-04-14 00:00:00
RECON002838,HDFC2026221641,2024-04-14,Matched,None,0.0,0.0,0,2024-04-14 00:00:00
RECON002839,HDFC2026636141,2024-04-14,Matched,None,0.0,0.0,0,2024-04-14 00:00:00
RECON002840,HDFC2026359214,2024-04-14,Matched,None,0.0,0.0,0,2024-04-14 00:00:00
RECON002841,HDFC2026959182,2024-04-14,Matched,None,0.0,0.0,0,2024-04-14 00:00:00
RECON002842,HDFC2026579123,2024-04-14,Matched,None,0.0,0.0,0,2024-04-14 00:00:00
RECON002843,HDFC2026484026,2024-04-14,Duplicate,Duplicate Transaction,0.0,0.0,10,2024-04-24
RECON002844,HDFC2026565312,2024-04-14,Matched,None,0.0,0.0,0,2024-04-14 00:00:00
RECON002845,HDFC2026574829,2024-04-14,Matched,None,0.0,0.0,0,2024-04-14 00:00:00
RECON002846,HDFC2026267930,2024-04-14,Matched,None,0.0,0.0,0,2024-04-14 00:00:00
RECON002847,HDFC2026359041,2024-04-14,Matched,None,0.0,0.0,0,2024-04-14 00:00:00
RECON002848,HDFC2026499841,2024-04-14,Unmatched,Amount Mismatch,-3712.0,-0.8822215250644078,7,2024-04-21
RECON002849,HDFC2026482561,2024-04-14,Matched,None,0.0,0.0,0,2024-04-14 00:00:00
RECON002850,HDFC2026805875,2024-04-14,Matched,None,0.0,0.0,0,2024-04-14 00:00:00
RECON002851,HDFC2026264725,2024-04-14,Matched,None,0.0,0.0,0,2024-04-14 00:00:00
RECON002852,HDFC2026554982,2024-04-14,Unmatched,FX Rate Discrepancy,0.0,-0.56,9,2024-04-23
RECON002853,HDFC2026851386,2024-04-14,Matched,None,0.0,0.0,0,2024-04-14 00:00:00
RECON002854,HDFC2026104091,2024-04-14,Matched,None,0.0,0.0,0,2024-04-14 00:00:00
RECON002855,HDFC2026139566,2024-04-14,Unmatched,Amount Mismatch,-3826.0,-2.622685613616578,13,2024-04-27
RECON002856,HDFC2026645528,2024-04-14,Matched,None,0.0,0.0,0,2024-04-14 00:00:00
RECON002857,HDFC2026661936,2024-04-14,Matched,None,0.0,0.0,0,2024-04-14 00:00:00
RECON002858,HDFC2026654183,2024-04-14,Matched,None,0.0,0.0,0,2024-04-14 00:00:00
RECON002859,HDFC2026266258,2024-04-14,Matched,None,0.0,0.0,0,2024-04-14 00:00:00
RECON002860,HDFC2026150392,2024-04-14,Unmatched,Missing Settlement,542333.0,100.0,3,2024-04-17
RECON002861,HDFC2026459612,2024-04-14,Matched,None,0.0,0.0,0,2024-04-14 00:00:00
RECON002862,HDFC2026718350,2024-04-15,Matched,None,0.0,0.0,0,2024-04-15 00:00:00
RECON002863,HDFC2026273699,2024-04-15,Duplicate,Duplicate Transaction,0.0,0.0,13,2024-04-28
RECON002864,HDFC2026350017,2024-04-15,Matched,None,0.0,0.0,0,2024-04-15 00:00:00
RECON002865,HDFC2026577565,2024-04-15,Matched,None,0.0,0.0,0,2024-04-15 00:00:00
RECON002866,HDFC2026786341,2024-04-15,Matched,None,0.0,0.0,0,2024-04-15 00:00:00
RECON002867,HDFC2026225696,2024-04-15,Matched,None,0.0,0.0,0,2024-04-15 00:00:00
RECON002868,HDFC2026955908,2024-04-15,Matched,None,0.0,0.0,0,2024-04-15 00:00:00
RECON002869,HDFC2026801062,2024-04-15,Matched,None,0.0,0.0,0,2024-04-15 00:00:00
RECON002870,HDFC2026291428,2024-04-15,Matched,None,0.0,0.0,0,2024-04-15 00:00:00
RECON002871,HDFC2026515999,2024-04-15,Matched,None,0.0,0.0,0,2024-04-15 00:00:00
RECON002872,HDFC2026644399,2024-04-15,Matched,None,0.0,0.0,0,2024-04-15 00:00:00
RECON002873,HDFC2026727779,2024-04-15,Unmatched,FX Rate Discrepancy,0.0,1.98,6,2024-04-21
RECON002874,HDFC2026308286,2024-04-15,Matched,None,0.0,0.0,0,2024-04-15 00:00:00
RECON002875,HDFC2026953047,2024-04-15,Matched,None,0.0,0.0,0,2024-04-15 00:00:00
RECON002876,HDFC2026735778,2024-04-15,Matched,None,0.0,0.0,0,2024-04-15 00:00:00
RECON002877,HDFC2026882564,2024-04-15,Unmatched,Missing Settlement,204264.0,100.0,14,2024-04-29
RECON002878,HDFC2026913413,2024-04-15,Matched,None,0.0,0.0,0,2024-04-15 00:00:00
RECON002879,HDFC2026593386,2024-04-15,Matched,None,0.0,0.0,0,2024-04-15 00:00:00
RECON002880,HDFC2026660464,2024-04-15,Matched,None,0.0,0.0,0,2024-04-15 00:00:00
RECON002881,HDFC2026662050,2024-04-15,Matched,None,0.0,0.0,0,2024-04-15 00:00:00
RECON002882,HDFC2026577450,2024-04-15,Matched,None,0.0,0.0,0,2024-04-15 00:00:00
RECON002883,HDFC2026436693,2024-04-15,Matched,None,0.0,0.0,0,2024-04-15 00:00:00
RECON002884,HDFC2026693205,2024-04-15,Matched,None,0.0,0.0,0,2024-04-15 00:00:00
RECON002885,HDFC2026775156,2024-04-15,Matched,None,0.0,0.0,0,2024-04-15 00:00:00
RECON002886,HDFC2026266674,2024-04-15,Matched,None,0.0,0.0,0,2024-04-15 00:00:00
RECON002887,HDFC2026976572,2024-04-16,Unmatched,Missing Settlement,50000.0,100.0,7,2024-04-23
RECON002888,HDFC2026368492,2024-04-16,Matched,None,0.0,0.0,0,2024-04-16 00:00:00
RECON002889,HDFC2026299372,2024-04-16,Matched,None,0.0,0.0,0,2024-04-16 00:00:00
RECON002890,HDFC2026156886,2024-04-16,Matched,None,0.0,0.0,0,2024-04-16 00:00:00
RECON002891,HDFC2026632626,2024-04-16,Matched,None,0.0,0.0,0,2024-04-16 00:00:00
RECON002892,HDFC2026917209,2024-04-16,Matched,None,0.0,0.0,0,2024-04-16 00:00:00
RECON002893,HDFC2026576836,2024-04-16,Matched,None,0.0,0.0,0,2024-04-16 00:00:00
RECON002894,HDFC2026899787,2024-04-16,Matched,None,0.0,0.0,0,2024-04-16 00:00:00
RECON002895,HDFC2026831651,2024-04-16,Unmatched,Amount Mismatch,3508.0,1.4317315462537445,1,2024-04-17
RECON002896,HDFC2026166009,2024-04-16,Matched,None,0.0,0.0,0,2024-04-16 00:00:00
RECON002897,HDFC2026783399,2024-04-16,Matched,None,0.0,0.0,0,2024-04-16 00:00:00
RECON002898,HDFC2026592435,2024-04-16,Matched,None,0.0,0.0,0,2024-04-16 00:00:00
RECON002899,HDFC2026228015,2024-04-16,Matched,None,0.0,0.0,0,2024-04-16 00:00:00
RECON002900,HDFC2026833880,2024-04-16,Matched,None,0.0,0.0,0,2024-04-16 00:00:00
RECON002901,HDFC2026454688,2024-04-16,Matched,None,0.0,0.0,0,2024-04-16 00:00:00
RECON002902,HDFC2026471491,2024-04-16,Matched,None,0.0,0.0,0,2024-04-16 00:00:00
RECON002903,HDFC2026892621,2024-04-16,Matched,None,0.0,0.0,0,2024-04-16 00:00:00
RECON002904,HDFC2026429329,2024-04-16,Matched,None,0.0,0.0,0,2024-04-16 00:00:00
RECON002905,HDFC2026828909,2024-04-16,Matched,None,0.0,0.0,0,2024-04-16 00:00:00
RECON002906,HDFC2026192231,2024-04-16,Matched,None,0.0,0.0,0,2024-04-16 00:00:00
RECON002907,HDFC2026256291,2024-04-16,Matched,None,0.0,0.0,0,2024-04-16 00:00:00
RECON002908,HDFC2026890953,2024-04-16,Matched,None,0.0,0.0,0,2024-04-16 00:00:00
RECON002909,HDFC2026662361,2024-04-16,Matched,None,0.0,0.0,0,2024-04-16 00:00:00
RECON002910,HDFC2026791582,2024-04-16,Matched,None,0.0,0.0,0,2024-04-16 00:00:00
RECON002911,HDFC2026194180,2024-04-16,Matched,None,0.0,0.0,0,2024-04-16 00:00:00
RECON002912,HDFC2026293807,2024-04-16,Unmatched,FX Rate Discrepancy,0.0,-0.15,6,2024-04-22
RECON002913,HDFC2026873291,2024-04-16,Matched,None,0.0,0.0,0,2024-04-16 00:00:00
RECON002914,HDFC2026713627,2024-04-16,Matched,None,0.0,0.0,0,2024-04-16 00:00:00
RECON002915,HDFC2026729648,2024-04-16,Matched,None,0.0,0.0,0,2024-04-16 00:00:00
RECON002916,HDFC2026962200,2024-04-16,Matched,None,0.0,0.0,0,2024-04-16 00:00:00
RECON002917,HDFC2026396155,2024-04-16,Unmatched,Amount Mismatch,-2397.0,-0.8620813672459432,9,2024-04-25
RECON002918,HDFC2026733469,2024-04-17,Unmatched,Amount Mismatch,-347.0,-0.046730859874755906,9,2024-04-26
RECON002919,HDFC2026634862,2024-04-17,Matched,None,0.0,0.0,0,2024-04-17 00:00:00
RECON002920,HDFC2026133930,2024-04-17,Unmatched,FX Rate Discrepancy,0.0,0.47,8,2024-04-25
RECON002921,HDFC2026419491,2024-04-17,Matched,None,0.0,0.0,0,2024-04-17 00:00:00
RECON002922,HDFC2026389782,2024-04-17,Matched,None,0.0,0.0,0,2024-04-17 00:00:00
RECON002923,HDFC2026176384,2024-04-17,Unmatched,FX Rate Discrepancy,0.0,1.68,11,2024-04-28
RECON002924,HDFC2026466227,2024-04-17,Duplicate,Duplicate Transaction,0.0,0.0,13,2024-04-30
RECON002925,HDFC2026578200,2024-04-17,Matched,None,0.0,0.0,0,2024-04-17 00:00:00
RECON002926,HDFC2026217713,2024-04-17,Matched,None,0.0,0.0,0,2024-04-17 00:00:00
RECON002927,HDFC2026270795,2024-04-17,Unmatched,FX Rate Discrepancy,0.0,0.09,9,2024-04-26
RECON002928,HDFC2026739135,2024-04-17,Matched,None,0.0,0.0,0,2024-04-17 00:00:00
RECON002929,HDFC2026905882,2024-04-17,Unmatched,Missing Settlement,475318.0,100.0,11,2024-04-28
RECON002930,HDFC2026545002,2024-04-17,Unmatched,Amount Mismatch,-3311.0,-6.622,15,2024-05-02
RECON002931,HDFC2026843556,2024-04-17,Matched,None,0.0,0.0,0,2024-04-17 00:00:00
RECON002932,HDFC2026580354,2024-04-17,Matched,None,0.0,0.0,0,2024-04-17 00:00:00
RECON002933,HDFC2026643842,2024-04-17,Matched,None,0.0,0.0,0,2024-04-17 00:00:00
RECON002934,HDFC2026371662,2024-04-17,Matched,None,0.0,0.0,0,2024-04-17 00:00:00
RECON002935,HDFC2026401898,2024-04-17,Matched,None,0.0,0.0,0,2024-04-17 00:00:00
RECON002936,HDFC2026488006,2024-04-17,Matched,None,0.0,0.0,0,2024-04-17 00:00:00
RECON002937,HDFC2026306228,2024-04-17,Matched,None,0.0,0.0,0,2024-04-17 00:00:00
RECON002938,HDFC2026426790,2024-04-17,Matched,None,0.0,0.0,0,2024-04-17 00:00:00
RECON002939,HDFC2026948863,2024-04-17,Matched,None,0.0,0.0,0,2024-04-17 00:00:00
RECON002940,HDFC2026650131,2024-04-17,Matched,None,0.0,0.0,0,2024-04-17 00:00:00
RECON002941,HDFC2026411870,2024-04-17,Matched,None,0.0,0.0,0,2024-04-17 00:00:00
RECON002942,HDFC2026555180,2024-04-17,Unmatched,FX Rate Discrepancy,0.0,-1.97,3,2024-04-20
RECON002943,HDFC2026885327,2024-04-17,Matched,None,0.0,0.0,0,2024-04-17 00:00:00
RECON002944,HDFC2026291905,2024-04-17,Matched,None,0.0,0.0,0,2024-04-17 00:00:00
RECON002945,HDFC2026128117,2024-04-17,Matched,None,0.0,0.0,0,2024-04-17 00:00:00
RECON002946,HDFC2026144714,2024-04-17,Matched,None,0.0,0.0,0,2024-04-17 00:00:00
RECON002947,HDFC2026628487,2024-04-17,Matched,None,0.0,0.0,0,2024-04-17 00:00:00
RECON002948,HDFC2026885100,2024-04-17,Matched,None,0.0,0.0,0,2024-04-17 00:00:00
RECON002949,HDFC2026302769,2024-04-17,Matched,None,0.0,0.0,0,2024-04-17 00:00:00
RECON002950,HDFC2026660341,2024-04-17,Matched,None,0.0,0.0,0,2024-04-17 00:00:00
RECON002951,HDFC2026236553,2024-04-17,Matched,None,0.0,0.0,0,2024-04-17 00:00:00
RECON002952,HDFC2026671612,2024-04-17,Matched,None,0.0,0.0,0,2024-04-17 00:00:00
RECON002953,HDFC2026111978,2024-04-17,Matched,None,0.0,0.0,0,2024-04-17 00:00:00
RECON002954,HDFC2026769883,2024-04-17,Matched,None,0.0,0.0,0,2024-04-17 00:00:00
RECON002955,HDFC2026572930,2024-04-17,Matched,None,0.0,0.0,0,2024-04-17 00:00:00
RECON002956,HDFC2026454820,2024-04-17,Matched,None,0.0,0.0,0,2024-04-17 00:00:00
RECON002957,HDFC2026669966,2024-04-18,Matched,None,0.0,0.0,0,2024-04-18 00:00:00
RECON002958,HDFC2026820216,2024-04-18,Matched,None,0.0,0.0,0,2024-04-18 00:00:00
RECON002959,HDFC2026146397,2024-04-18,Matched,None,0.0,0.0,0,2024-04-18 00:00:00
RECON002960,HDFC2026341981,2024-04-18,Matched,None,0.0,0.0,0,2024-04-18 00:00:00
RECON002961,HDFC2026613249,2024-04-18,Matched,None,0.0,0.0,0,2024-04-18 00:00:00
RECON002962,HDFC2026340927,2024-04-18,Matched,None,0.0,0.0,0,2024-04-18 00:00:00
RECON002963,HDFC2026630637,2024-04-18,Matched,None,0.0,0.0,0,2024-04-18 00:00:00
RECON002964,HDFC2026635678,2024-04-18,Matched,None,0.0,0.0,0,2024-04-18 00:00:00
RECON002965,HDFC2026616098,2024-04-18,Unmatched,Amount Mismatch,-4136.0,-0.6356710433089321,7,2024-04-25
RECON002966,HDFC2026343694,2024-04-18,Matched,None,0.0,0.0,0,2024-04-18 00:00:00
RECON002967,HDFC2026823098,2024-04-18,Matched,None,0.0,0.0,0,2024-04-18 00:00:00
RECON002968,HDFC2026607906,2024-04-18,Matched,None,0.0,0.0,0,2024-04-18 00:00:00
RECON002969,HDFC2026625902,2024-04-18,Matched,None,0.0,0.0,0,2024-04-18 00:00:00
RECON002970,HDFC2026201546,2024-04-18,Matched,None,0.0,0.0,0,2024-04-18 00:00:00
RECON002971,HDFC2026937800,2024-04-18,Matched,None,0.0,0.0,0,2024-04-18 00:00:00
RECON002972,HDFC2026928803,2024-04-18,Matched,None,0.0,0.0,0,2024-04-18 00:00:00
RECON002973,HDFC2026189472,2024-04-19,Matched,None,0.0,0.0,0,2024-04-19 00:00:00
RECON002974,HDFC2026440050,2024-04-19,Unmatched,Missing Settlement,105481.0,100.0,2,2024-04-21
RECON002975,HDFC2026799343,2024-04-19,Unmatched,Amount Mismatch,-3777.0,-0.941836543856368,6,2024-04-25
RECON002976,HDFC2026683334,2024-04-19,Matched,None,0.0,0.0,0,2024-04-19 00:00:00
RECON002977,HDFC2026796652,2024-04-19,Matched,None,0.0,0.0,0,2024-04-19 00:00:00
RECON002978,HDFC2026530608,2024-04-19,Unmatched,Amount Mismatch,3507.0,0.7684301631298136,10,2024-04-29
RECON002979,HDFC2026800258,2024-04-19,Matched,None,0.0,0.0,0,2024-04-19 00:00:00
RECON002980,HDFC2026343950,2024-04-19,Unmatched,FX Rate Discrepancy,0.0,-0.14,7,2024-04-26
RECON002981,HDFC2026869020,2024-04-19,Matched,None,0.0,0.0,0,2024-04-19 00:00:00
RECON002982,HDFC2026604740,2024-04-19,Matched,None,0.0,0.0,0,2024-04-19 00:00:00
RECON002983,HDFC2026650269,2024-04-19,Matched,None,0.0,0.0,0,2024-04-19 00:00:00
RECON002984,HDFC2026631640,2024-04-19,Matched,None,0.0,0.0,0,2024-04-19 00:00:00
RECON002985,HDFC2026283662,2024-04-19,Matched,None,0.0,0.0,0,2024-04-19 00:00:00
RECON002986,HDFC2026471136,2024-04-19,Matched,None,0.0,0.0,0,2024-04-19 00:00:00
RECON002987,HDFC2026240995,2024-04-19,Matched,None,0.0,0.0,0,2024-04-19 00:00:00
RECON002988,HDFC2026584903,2024-04-19,Matched,None,0.0,0.0,0,2024-04-19 00:00:00
RECON002989,HDFC2026967008,2024-04-19,Matched,None,0.0,0.0,0,2024-04-19 00:00:00
RECON002990,HDFC2026127584,2024-04-19,Matched,None,0.0,0.0,0,2024-04-19 00:00:00
RECON002991,HDFC2026247266,2024-04-19,Matched,None,0.0,0.0,0,2024-04-19 00:00:00
RECON002992,HDFC2026899946,2024-04-19,Duplicate,Duplicate Transaction,0.0,0.0,2,2024-04-21
RECON002993,HDFC2026510756,2024-04-19,Matched,None,0.0,0.0,0,2024-04-19 00:00:00
RECON002994,HDFC2026573888,2024-04-19,Unmatched,Missing Settlement,1025417.0,100.0,5,2024-04-24
RECON002995,HDFC2026427017,2024-04-19,Matched,None,0.0,0.0,0,2024-04-19 00:00:00
RECON002996,HDFC2026368239,2024-04-19,Matched,None,0.0,0.0,0,2024-04-19 00:00:00
RECON002997,HDFC2026677974,2024-04-19,Matched,None,0.0,0.0,0,2024-04-19 00:00:00
RECON002998,HDFC2026769650,2024-04-19,Matched,None,0.0,0.0,0,2024-04-19 00:00:00
RECON002999,HDFC2026402727,2024-04-19,Matched,None,0.0,0.0,0,2024-04-19 00:00:00
RECON003000,HDFC2026263723,2024-04-19,Matched,None,0.0,0.0,0,2024-04-19 00:00:00
RECON003001,HDFC2026771315,2024-04-19,Matched,None,0.0,0.0,0,2024-04-19 00:00:00
RECON003002,HDFC2026597268,2024-04-20,Matched,None,0.0,0.0,0,2024-04-20 00:00:00
RECON003003,HDFC2026851989,2024-04-20,Matched,None,0.0,0.0,0,2024-04-20 00:00:00
RECON003004,HDFC2026916556,2024-04-20,Matched,None,0.0,0.0,0,2024-04-20 00:00:00
RECON003005,HDFC2026913577,2024-04-20,Matched,None,0.0,0.0,0,2024-04-20 00:00:00
RECON003006,HDFC2026127604,2024-04-20,Matched,None,0.0,0.0,0,2024-04-20 00:00:00
RECON003007,HDFC2026683859,2024-04-20,Matched,None,0.0,0.0,0,2024-04-20 00:00:00
RECON003008,HDFC2026959870,2024-04-20,Matched,None,0.0,0.0,0,2024-04-20 00:00:00
RECON003009,HDFC2026306230,2024-04-20,Matched,None,0.0,0.0,0,2024-04-20 00:00:00
RECON003010,HDFC2026750173,2024-04-20,Matched,None,0.0,0.0,0,2024-04-20 00:00:00
RECON003011,HDFC2026760529,2024-04-20,Matched,None,0.0,0.0,0,2024-04-20 00:00:00
RECON003012,HDFC2026456585,2024-04-20,Matched,None,0.0,0.0,0,2024-04-20 00:00:00
RECON003013,HDFC2026111899,2024-04-20,Unmatched,Amount Mismatch,-1607.0,-0.6659345668524542,6,2024-04-26
RECON003014,HDFC2026162505,2024-04-20,Matched,None,0.0,0.0,0,2024-04-20 00:00:00
RECON003015,HDFC2026106226,2024-04-20,Matched,None,0.0,0.0,0,2024-04-20 00:00:00
RECON003016,HDFC2026446979,2024-04-20,Matched,None,0.0,0.0,0,2024-04-20 00:00:00
RECON003017,HDFC2026385104,2024-04-20,Matched,None,0.0,0.0,0,2024-04-20 00:00:00
RECON003018,HDFC2026290999,2024-04-20,Matched,None,0.0,0.0,0,2024-04-20 00:00:00
RECON003019,HDFC2026368398,2024-04-20,Matched,None,0.0,0.0,0,2024-04-20 00:00:00
RECON003020,HDFC2026753419,2024-04-20,Matched,None,0.0,0.0,0,2024-04-20 00:00:00
RECON003021,HDFC2026187863,2024-04-20,Matched,None,0.0,0.0,0,2024-04-20 00:00:00
RECON003022,HDFC2026300845,2024-04-20,Matched,None,0.0,0.0,0,2024-04-20 00:00:00
RECON003023,HDFC2026593161,2024-04-21,Matched,None,0.0,0.0,0,2024-04-21 00:00:00
RECON003024,HDFC2026655589,2024-04-21,Matched,None,0.0,0.0,0,2024-04-21 00:00:00
RECON003025,HDFC2026597008,2024-04-21,Duplicate,Duplicate Transaction,0.0,0.0,15,2024-05-06
RECON003026,HDFC2026608917,2024-04-21,Unmatched,Amount Mismatch,4277.0,2.2966101239858023,13,2024-05-04
RECON003027,HDFC2026232320,2024-04-21,Matched,None,0.0,0.0,0,2024-04-21 00:00:00
RECON003028,HDFC2026359669,2024-04-21,Matched,None,0.0,0.0,0,2024-04-21 00:00:00
RECON003029,HDFC2026654527,2024-04-21,Matched,None,0.0,0.0,0,2024-04-21 00:00:00
RECON003030,HDFC2026508537,2024-04-21,Matched,None,0.0,0.0,0,2024-04-21 00:00:00
RECON003031,HDFC2026898346,2024-04-21,Matched,None,0.0,0.0,0,2024-04-21 00:00:00
RECON003032,HDFC2026319955,2024-04-21,Matched,None,0.0,0.0,0,2024-04-21 00:00:00
RECON003033,HDFC2026247144,2024-04-21,Matched,None,0.0,0.0,0,2024-04-21 00:00:00
RECON003034,HDFC2026125284,2024-04-21,Unmatched,Amount Mismatch,214.0,0.1469134446397188,5,2024-04-26
RECON003035,HDFC2026194930,2024-04-21,Matched,None,0.0,0.0,0,2024-04-21 00:00:00
RECON003036,HDFC2026862861,2024-04-21,Matched,None,0.0,0.0,0,2024-04-21 00:00:00
RECON003037,HDFC2026370756,2024-04-21,Unmatched,Amount Mismatch,2421.0,0.6394121950510923,7,2024-04-28
RECON003038,HDFC2026560954,2024-04-21,Matched,None,0.0,0.0,0,2024-04-21 00:00:00
RECON003039,HDFC2026963828,2024-04-21,Unmatched,Missing Settlement,135321.0,100.0,13,2024-05-04
RECON003040,HDFC2026906605,2024-04-21,Matched,None,0.0,0.0,0,2024-04-21 00:00:00
RECON003041,HDFC2026154292,2024-04-21,Matched,None,0.0,0.0,0,2024-04-21 00:00:00
RECON003042,HDFC2026672892,2024-04-21,Matched,None,0.0,0.0,0,2024-04-21 00:00:00
RECON003043,HDFC2026432746,2024-04-21,Matched,None,0.0,0.0,0,2024-04-21 00:00:00
RECON003044,HDFC2026652874,2024-04-21,Unmatched,Amount Mismatch,3929.0,1.7553029896888794,13,2024-05-04
RECON003045,HDFC2026564155,2024-04-21,Matched,None,0.0,0.0,0,2024-04-21 00:00:00
RECON003046,HDFC2026591548,2024-04-21,Matched,None,0.0,0.0,0,2024-04-21 00:00:00
RECON003047,HDFC2026192476,2024-04-21,Unmatched,Amount Mismatch,176.0,0.12162759840778417,10,2024-05-01
RECON003048,HDFC2026851468,2024-04-21,Matched,None,0.0,0.0,0,2024-04-21 00:00:00
RECON003049,HDFC2026357957,2024-04-21,Matched,None,0.0,0.0,0,2024-04-21 00:00:00
RECON003050,HDFC2026802566,2024-04-21,Matched,None,0.0,0.0,0,2024-04-21 00:00:00
RECON003051,HDFC2026564412,2024-04-21,Unmatched,Amount Mismatch,2759.0,3.059538463244508,15,2024-05-06
RECON003052,HDFC2026717327,2024-04-21,Matched,None,0.0,0.0,0,2024-04-21 00:00:00
RECON003053,HDFC2026445083,2024-04-21,Matched,None,0.0,0.0,0,2024-04-21 00:00:00
RECON003054,HDFC2026709800,2024-04-22,Duplicate,Duplicate Transaction,0.0,0.0,15,2024-05-07
RECON003055,HDFC2026216060,2024-04-22,Matched,None,0.0,0.0,0,2024-04-22 00:00:00
RECON003056,HDFC2026848428,2024-04-22,Matched,None,0.0,0.0,0,2024-04-22 00:00:00
RECON003057,HDFC2026817537,2024-04-22,Duplicate,Duplicate Transaction,0.0,0.0,2,2024-04-24
RECON003058,HDFC2026702848,2024-04-22,Matched,None,0.0,0.0,0,2024-04-22 00:00:00
RECON003059,HDFC2026192545,2024-04-22,Matched,None,0.0,0.0,0,2024-04-22 00:00:00
RECON003060,HDFC2026241663,2024-04-22,Unmatched,Missing Settlement,313726.0,100.0,9,2024-05-01
RECON003061,HDFC2026815051,2024-04-22,Matched,None,0.0,0.0,0,2024-04-22 00:00:00
RECON003062,HDFC2026694499,2024-04-22,Unmatched,Missing Settlement,54134.0,100.0,3,2024-04-25
RECON003063,HDFC2026822800,2024-04-22,Matched,None,0.0,0.0,0,2024-04-22 00:00:00
RECON003064,HDFC2026921187,2024-04-22,Matched,None,0.0,0.0,0,2024-04-22 00:00:00
RECON003065,HDFC2026534199,2024-04-22,Matched,None,0.0,0.0,0,2024-04-22 00:00:00
RECON003066,HDFC2026340873,2024-04-22,Unmatched,Missing Settlement,421239.0,100.0,12,2024-05-04
RECON003067,HDFC2026667577,2024-04-22,Matched,None,0.0,0.0,0,2024-04-22 00:00:00
RECON003068,HDFC2026670323,2024-04-22,Matched,None,0.0,0.0,0,2024-04-22 00:00:00
RECON003069,HDFC2026977885,2024-04-22,Matched,None,0.0,0.0,0,2024-04-22 00:00:00
RECON003070,HDFC2026609089,2024-04-22,Matched,None,0.0,0.0,0,2024-04-22 00:00:00
RECON003071,HDFC2026839601,2024-04-22,Matched,None,0.0,0.0,0,2024-04-22 00:00:00
RECON003072,HDFC2026971105,2024-04-22,Matched,None,0.0,0.0,0,2024-04-22 00:00:00
RECON003073,HDFC2026559050,2024-04-22,Unmatched,Missing Settlement,415896.0,100.0,11,2024-05-03
RECON003074,HDFC2026426595,2024-04-22,Matched,None,0.0,0.0,0,2024-04-22 00:00:00
RECON003075,HDFC2026284460,2024-04-22,Matched,None,0.0,0.0,0,2024-04-22 00:00:00
RECON003076,HDFC2026823237,2024-04-22,Matched,None,0.0,0.0,0,2024-04-22 00:00:00
RECON003077,HDFC2026253929,2024-04-22,Matched,None,0.0,0.0,0,2024-04-22 00:00:00
RECON003078,HDFC2026920813,2024-04-22,Matched,None,0.0,0.0,0,2024-04-22 00:00:00
RECON003079,HDFC2026649113,2024-04-22,Matched,None,0.0,0.0,0,2024-04-22 00:00:00
RECON003080,HDFC2026491918,2024-04-22,Matched,None,0.0,0.0,0,2024-04-22 00:00:00
RECON003081,HDFC2026144224,2024-04-22,Matched,None,0.0,0.0,0,2024-04-22 00:00:00
RECON003082,HDFC2026227678,2024-04-23,Matched,None,0.0,0.0,0,2024-04-23 00:00:00
RECON003083,HDFC2026998746,2024-04-23,Matched,None,0.0,0.0,0,2024-04-23 00:00:00
RECON003084,HDFC2026352367,2024-04-23,Matched,None,0.0,0.0,0,2024-04-23 00:00:00
RECON003085,HDFC2026726984,2024-04-23,Matched,None,0.0,0.0,0,2024-04-23 00:00:00
RECON003086,HDFC2026795545,2024-04-23,Matched,None,0.0,0.0,0,2024-04-23 00:00:00
RECON003087,HDFC2026486189,2024-04-23,Matched,None,0.0,0.0,0,2024-04-23 00:00:00
RECON003088,HDFC2026593554,2024-04-23,Unmatched,Amount Mismatch,3370.0,0.9324099615692156,7,2024-04-30
RECON003089,HDFC2026495476,2024-04-23,Unmatched,Missing Settlement,672650.0,100.0,7,2024-04-30
RECON003090,HDFC2026206315,2024-04-23,Matched,None,0.0,0.0,0,2024-04-23 00:00:00
RECON003091,HDFC2026597778,2024-04-23,Matched,None,0.0,0.0,0,2024-04-23 00:00:00
RECON003092,HDFC2026639588,2024-04-23,Matched,None,0.0,0.0,0,2024-04-23 00:00:00
RECON003093,HDFC2026636838,2024-04-23,Matched,None,0.0,0.0,0,2024-04-23 00:00:00
RECON003094,HDFC2026118873,2024-04-23,Matched,None,0.0,0.0,0,2024-04-23 00:00:00
RECON003095,HDFC2026739717,2024-04-23,Matched,None,0.0,0.0,0,2024-04-23 00:00:00
RECON003096,HDFC2026659380,2024-04-23,Matched,None,0.0,0.0,0,2024-04-23 00:00:00
RECON003097,HDFC2026470719,2024-04-23,Matched,None,0.0,0.0,0,2024-04-23 00:00:00
RECON003098,HDFC2026142338,2024-04-23,Matched,None,0.0,0.0,0,2024-04-23 00:00:00
RECON003099,HDFC2026128648,2024-04-23,Matched,None,0.0,0.0,0,2024-04-23 00:00:00
RECON003100,HDFC2026720672,2024-04-23,Matched,None,0.0,0.0,0,2024-04-23 00:00:00
RECON003101,HDFC2026127200,2024-04-23,Matched,None,0.0,0.0,0,2024-04-23 00:00:00
RECON003102,HDFC2026329465,2024-04-23,Unmatched,Missing Settlement,245533.0,100.0,3,2024-04-26
RECON003103,HDFC2026881534,2024-04-23,Matched,None,0.0,0.0,0,2024-04-23 00:00:00
RECON003104,HDFC2026979579,2024-04-23,Matched,None,0.0,0.0,0,2024-04-23 00:00:00
RECON003105,HDFC2026409225,2024-04-23,Matched,None,0.0,0.0,0,2024-04-23 00:00:00
RECON003106,HDFC2026556718,2024-04-24,Matched,None,0.0,0.0,0,2024-04-24 00:00:00
RECON003107,HDFC2026769915,2024-04-24,Matched,None,0.0,0.0,0,2024-04-24 00:00:00
RECON003108,HDFC2026291036,2024-04-24,Matched,None,0.0,0.0,0,2024-04-24 00:00:00
RECON003109,HDFC2026817292,2024-04-24,Matched,None,0.0,0.0,0,2024-04-24 00:00:00
RECON003110,HDFC2026253201,2024-04-24,Matched,None,0.0,0.0,0,2024-04-24 00:00:00
RECON003111,HDFC2026249115,2024-04-24,Unmatched,FX Rate Discrepancy,0.0,0.97,13,2024-05-07
RECON003112,HDFC2026444608,2024-04-24,Matched,None,0.0,0.0,0,2024-04-24 00:00:00
RECON003113,HDFC2026829274,2024-04-24,Matched,None,0.0,0.0,0,2024-04-24 00:00:00
RECON003114,HDFC2026998632,2024-04-24,Matched,None,0.0,0.0,0,2024-04-24 00:00:00
RECON003115,HDFC2026575093,2024-04-24,Matched,None,0.0,0.0,0,2024-04-24 00:00:00
RECON003116,HDFC2026279420,2024-04-24,Matched,None,0.0,0.0,0,2024-04-24 00:00:00
RECON003117,HDFC2026583778,2024-04-24,Unmatched,Missing Settlement,361055.0,100.0,10,2024-05-04
RECON003118,HDFC2026200367,2024-04-24,Matched,None,0.0,0.0,0,2024-04-24 00:00:00
RECON003119,HDFC2026346417,2024-04-24,Matched,None,0.0,0.0,0,2024-04-24 00:00:00
RECON003120,HDFC2026224269,2024-04-24,Unmatched,FX Rate Discrepancy,0.0,0.83,14,2024-05-08
RECON003121,HDFC2026334731,2024-04-24,Matched,None,0.0,0.0,0,2024-04-24 00:00:00
RECON003122,HDFC2026509148,2024-04-24,Matched,None,0.0,0.0,0,2024-04-24 00:00:00
RECON003123,HDFC2026362159,2024-04-24,Matched,None,0.0,0.0,0,2024-04-24 00:00:00
RECON003124,HDFC2026959283,2024-04-24,Matched,None,0.0,0.0,0,2024-04-24 00:00:00
RECON003125,HDFC2026964408,2024-04-24,Matched,None,0.0,0.0,0,2024-04-24 00:00:00
RECON003126,HDFC2026719227,2024-04-24,Unmatched,Amount Mismatch,4839.0,0.6494839964405217,14,2024-05-08
RECON003127,HDFC2026456659,2024-04-24,Matched,None,0.0,0.0,0,2024-04-24 00:00:00
RECON003128,HDFC2026680592,2024-04-24,Matched,None,0.0,0.0,0,2024-04-24 00:00:00
RECON003129,HDFC2026394331,2024-04-24,Duplicate,Duplicate Transaction,0.0,0.0,14,2024-05-08
RECON003130,HDFC2026289214,2024-04-24,Unmatched,Missing Settlement,280138.0,100.0,3,2024-04-27
RECON003131,HDFC2026288056,2024-04-24,Matched,None,0.0,0.0,0,2024-04-24 00:00:00
RECON003132,HDFC2026920192,2024-04-24,Matched,None,0.0,0.0,0,2024-04-24 00:00:00
RECON003133,HDFC2026333400,2024-04-24,Matched,None,0.0,0.0,0,2024-04-24 00:00:00
RECON003134,HDFC2026686225,2024-04-24,Matched,None,0.0,0.0,0,2024-04-24 00:00:00
RECON003135,HDFC2026234921,2024-04-25,Matched,None,0.0,0.0,0,2024-04-25 00:00:00
RECON003136,HDFC2026909539,2024-04-25,Matched,None,0.0,0.0,0,2024-04-25 00:00:00
RECON003137,HDFC2026944686,2024-04-25,Matched,None,0.0,0.0,0,2024-04-25 00:00:00
RECON003138,HDFC2026810668,2024-04-25,Matched,None,0.0,0.0,0,2024-04-25 00:00:00
RECON003139,HDFC2026569839,2024-04-25,Matched,None,0.0,0.0,0,2024-04-25 00:00:00
RECON003140,HDFC2026343723,2024-04-25,Matched,None,0.0,0.0,0,2024-04-25 00:00:00
RECON003141,HDFC2026989705,2024-04-25,Matched,None,0.0,0.0,0,2024-04-25 00:00:00
RECON003142,HDFC2026749063,2024-04-25,Unmatched,FX Rate Discrepancy,0.0,-0.52,13,2024-05-08
RECON003143,HDFC2026889759,2024-04-25,Matched,None,0.0,0.0,0,2024-04-25 00:00:00
RECON003144,HDFC2026107095,2024-04-25,Unmatched,FX Rate Discrepancy,0.0,1.01,10,2024-05-05
RECON003145,HDFC2026107378,2024-04-25,Unmatched,Amount Mismatch,-3337.0,-2.336932924352564,9,2024-05-04
RECON003146,HDFC2026972099,2024-04-25,Matched,None,0.0,0.0,0,2024-04-25 00:00:00
RECON003147,HDFC2026341165,2024-04-25,Matched,None,0.0,0.0,0,2024-04-25 00:00:00
RECON003148,HDFC2026132365,2024-04-25,Matched,None,0.0,0.0,0,2024-04-25 00:00:00
RECON003149,HDFC2026596755,2024-04-25,Unmatched,Missing Settlement,151041.0,100.0,15,2024-05-10
RECON003150,HDFC2026338704,2024-04-25,Matched,None,0.0,0.0,0,2024-04-25 00:00:00
RECON003151,HDFC2026296862,2024-04-25,Matched,None,0.0,0.0,0,2024-04-25 00:00:00
RECON003152,HDFC2026436883,2024-04-25,Matched,None,0.0,0.0,0,2024-04-25 00:00:00
RECON003153,HDFC2026398937,2024-04-25,Matched,None,0.0,0.0,0,2024-04-25 00:00:00
RECON003154,HDFC2026843788,2024-04-25,Matched,None,0.0,0.0,0,2024-04-25 00:00:00
RECON003155,HDFC2026605279,2024-04-25,Matched,None,0.0,0.0,0,2024-04-25 00:00:00
RECON003156,HDFC2026456329,2024-04-25,Unmatched,Amount Mismatch,2843.0,4.198168930891908,10,2024-05-05
RECON003157,HDFC2026697152,2024-04-25,Unmatched,Missing Settlement,247841.0,100.0,1,2024-04-26
RECON003158,HDFC2026393419,2024-04-25,Unmatched,Amount Mismatch,2347.0,4.694,4,2024-04-29
RECON003159,HDFC2026614412,2024-04-25,Matched,None,0.0,0.0,0,2024-04-25 00:00:00
RECON003160,HDFC2026301332,2024-04-25,Matched,None,0.0,0.0,0,2024-04-25 00:00:00
RECON003161,HDFC2026864347,2024-04-25,Matched,None,0.0,0.0,0,2024-04-25 00:00:00
RECON003162,HDFC2026936863,2024-04-26,Matched,None,0.0,0.0,0,2024-04-26 00:00:00
RECON003163,HDFC2026685549,2024-04-26,Matched,None,0.0,0.0,0,2024-04-26 00:00:00
RECON003164,HDFC2026591160,2024-04-26,Matched,None,0.0,0.0,0,2024-04-26 00:00:00
RECON003165,HDFC2026530808,2024-04-26,Matched,None,0.0,0.0,0,2024-04-26 00:00:00
RECON003166,HDFC2026233402,2024-04-26,Matched,None,0.0,0.0,0,2024-04-26 00:00:00
RECON003167,HDFC2026274522,2024-04-26,Matched,None,0.0,0.0,0,2024-04-26 00:00:00
RECON003168,HDFC2026602992,2024-04-26,Matched,None,0.0,0.0,0,2024-04-26 00:00:00
RECON003169,HDFC2026455307,2024-04-26,Matched,None,0.0,0.0,0,2024-04-26 00:00:00
RECON003170,HDFC2026288153,2024-04-26,Duplicate,Duplicate Transaction,0.0,0.0,5,2024-05-01
RECON003171,HDFC2026131327,2024-04-26,Matched,None,0.0,0.0,0,2024-04-26 00:00:00
RECON003172,HDFC2026441403,2024-04-26,Matched,None,0.0,0.0,0,2024-04-26 00:00:00
RECON003173,HDFC2026143200,2024-04-26,Matched,None,0.0,0.0,0,2024-04-26 00:00:00
RECON003174,HDFC2026899749,2024-04-26,Unmatched,Missing Settlement,647059.0,100.0,10,2024-05-06
RECON003175,HDFC2026978580,2024-04-26,Unmatched,FX Rate Discrepancy,0.0,1.98,2,2024-04-28
RECON003176,HDFC2026262703,2024-04-26,Unmatched,Missing Settlement,103418.0,100.0,13,2024-05-09
RECON003177,HDFC2026961557,2024-04-26,Matched,None,0.0,0.0,0,2024-04-26 00:00:00
RECON003178,HDFC2026215354,2024-04-26,Matched,None,0.0,0.0,0,2024-04-26 00:00:00
RECON003179,HDFC2026376706,2024-04-26,Matched,None,0.0,0.0,0,2024-04-26 00:00:00
RECON003180,HDFC2026473711,2024-04-26,Unmatched,Amount Mismatch,1587.0,0.7797912694824977,6,2024-05-02
RECON003181,HDFC2026941378,2024-04-26,Matched,None,0.0,0.0,0,2024-04-26 00:00:00
RECON003182,HDFC2026261814,2024-04-26,Unmatched,FX Rate Discrepancy,0.0,0.53,4,2024-04-30
RECON003183,HDFC2026997225,2024-04-26,Matched,None,0.0,0.0,0,2024-04-26 00:00:00
RECON003184,HDFC2026811888,2024-04-26,Matched,None,0.0,0.0,0,2024-04-26 00:00:00
RECON003185,HDFC2026151236,2024-04-26,Unmatched,Missing Settlement,327922.0,100.0,3,2024-04-29
RECON003186,HDFC2026165637,2024-04-26,Matched,None,0.0,0.0,0,2024-04-26 00:00:00
RECON003187,HDFC2026279965,2024-04-26,Matched,None,0.0,0.0,0,2024-04-26 00:00:00
RECON003188,HDFC2026347914,2024-04-26,Matched,None,0.0,0.0,0,2024-04-26 00:00:00
RECON003189,HDFC2026516814,2024-04-26,Matched,None,0.0,0.0,0,2024-04-26 00:00:00
RECON003190,HDFC2026222615,2024-04-26,Matched,None,0.0,0.0,0,2024-04-26 00:00:00
RECON003191,HDFC2026806262,2024-04-26,Matched,None,0.0,0.0,0,2024-04-26 00:00:00
RECON003192,HDFC2026126653,2024-04-26,Matched,None,0.0,0.0,0,2024-04-26 00:00:00
RECON003193,HDFC2026518684,2024-04-26,Matched,None,0.0,0.0,0,2024-04-26 00:00:00
RECON003194,HDFC2026610083,2024-04-27,Unmatched,FX Rate Discrepancy,0.0,-1.35,5,2024-05-02
RECON003195,HDFC2026902948,2024-04-27,Matched,None,0.0,0.0,0,2024-04-27 00:00:00
RECON003196,HDFC2026265342,2024-04-27,Duplicate,Duplicate Transaction,0.0,0.0,13,2024-05-10
RECON003197,HDFC2026665661,2024-04-27,Matched,None,0.0,0.0,0,2024-04-27 00:00:00
RECON003198,HDFC2026654784,2024-04-27,Matched,None,0.0,0.0,0,2024-04-27 00:00:00
RECON003199,HDFC2026150309,2024-04-27,Matched,None,0.0,0.0,0,2024-04-27 00:00:00
RECON003200,HDFC2026223425,2024-04-27,Matched,None,0.0,0.0,0,2024-04-27 00:00:00
RECON003201,HDFC2026362322,2024-04-27,Matched,None,0.0,0.0,0,2024-04-27 00:00:00
RECON003202,HDFC2026541660,2024-04-27,Unmatched,Missing Settlement,85485.0,100.0,2,2024-04-29
RECON003203,HDFC2026294299,2024-04-27,Matched,None,0.0,0.0,0,2024-04-27 00:00:00
RECON003204,HDFC2026177687,2024-04-27,Matched,None,0.0,0.0,0,2024-04-27 00:00:00
RECON003205,HDFC2026105265,2024-04-27,Unmatched,Missing Settlement,629303.0,100.0,15,2024-05-12
RECON003206,HDFC2026394017,2024-04-27,Matched,None,0.0,0.0,0,2024-04-27 00:00:00
RECON003207,HDFC2026615061,2024-04-27,Matched,None,0.0,0.0,0,2024-04-27 00:00:00
RECON003208,HDFC2026500507,2024-04-27,Matched,None,0.0,0.0,0,2024-04-27 00:00:00
RECON003209,HDFC2026721840,2024-04-27,Matched,None,0.0,0.0,0,2024-04-27 00:00:00
RECON003210,HDFC2026793223,2024-04-27,Matched,None,0.0,0.0,0,2024-04-27 00:00:00
RECON003211,HDFC2026896994,2024-04-27,Matched,None,0.0,0.0,0,2024-04-27 00:00:00
RECON003212,HDFC2026246807,2024-04-27,Duplicate,Duplicate Transaction,0.0,0.0,6,2024-05-03
RECON003213,HDFC2026361783,2024-04-28,Matched,None,0.0,0.0,0,2024-04-28 00:00:00
RECON003214,HDFC2026352371,2024-04-28,Matched,None,0.0,0.0,0,2024-04-28 00:00:00
RECON003215,HDFC2026780614,2024-04-28,Matched,None,0.0,0.0,0,2024-04-28 00:00:00
RECON003216,HDFC2026415891,2024-04-28,Matched,None,0.0,0.0,0,2024-04-28 00:00:00
RECON003217,HDFC2026183203,2024-04-28,Matched,None,0.0,0.0,0,2024-04-28 00:00:00
RECON003218,HDFC2026887078,2024-04-28,Duplicate,Duplicate Transaction,0.0,0.0,9,2024-05-07
RECON003219,HDFC2026671721,2024-04-28,Unmatched,Missing Settlement,202938.0,100.0,9,2024-05-07
RECON003220,HDFC2026604407,2024-04-28,Matched,None,0.0,0.0,0,2024-04-28 00:00:00
RECON003221,HDFC2026235334,2024-04-28,Matched,None,0.0,0.0,0,2024-04-28 00:00:00
RECON003222,HDFC2026492074,2024-04-28,Matched,None,0.0,0.0,0,2024-04-28 00:00:00
RECON003223,HDFC2026148681,2024-04-28,Matched,None,0.0,0.0,0,2024-04-28 00:00:00
RECON003224,HDFC2026166176,2024-04-28,Matched,None,0.0,0.0,0,2024-04-28 00:00:00
RECON003225,HDFC2026239024,2024-04-28,Matched,None,0.0,0.0,0,2024-04-28 00:00:00
RECON003226,HDFC2026563042,2024-04-28,Matched,None,0.0,0.0,0,2024-04-28 00:00:00
RECON003227,HDFC2026711394,2024-04-28,Matched,None,0.0,0.0,0,2024-04-28 00:00:00
RECON003228,HDFC2026855874,2024-04-28,Matched,None,0.0,0.0,0,2024-04-28 00:00:00
RECON003229,HDFC2026349739,2024-04-28,Matched,None,0.0,0.0,0,2024-04-28 00:00:00
RECON003230,HDFC2026560526,2024-04-28,Unmatched,FX Rate Discrepancy,0.0,-1.13,14,2024-05-12
RECON003231,HDFC2026411335,2024-04-28,Matched,None,0.0,0.0,0,2024-04-28 00:00:00
RECON003232,HDFC2026109297,2024-04-28,Matched,None,0.0,0.0,0,2024-04-28 00:00:00
RECON003233,HDFC2026879399,2024-04-28,Matched,None,0.0,0.0,0,2024-04-28 00:00:00
RECON003234,HDFC2026312928,2024-04-28,Matched,None,0.0,0.0,0,2024-04-28 00:00:00
RECON003235,HDFC2026443457,2024-04-28,Duplicate,Duplicate Transaction,0.0,0.0,9,2024-05-07
RECON003236,HDFC2026196858,2024-04-28,Matched,None,0.0,0.0,0,2024-04-28 00:00:00
RECON003237,HDFC2026555220,2024-04-28,Matched,None,0.0,0.0,0,2024-04-28 00:00:00
RECON003238,HDFC2026712997,2024-04-28,Unmatched,Amount Mismatch,-3208.0,-1.4199842420701316,2,2024-04-30
RECON003239,HDFC2026889355,2024-04-28,Unmatched,Amount Mismatch,-4749.0,-3.875500860950391,9,2024-05-07
RECON003240,HDFC2026990548,2024-04-28,Unmatched,FX Rate Discrepancy,0.0,1.08,15,2024-05-13
RECON003241,HDFC2026249027,2024-04-28,Duplicate,Duplicate Transaction,0.0,0.0,11,2024-05-09
RECON003242,HDFC2026543289,2024-04-28,Matched,None,0.0,0.0,0,2024-04-28 00:00:00
RECON003243,HDFC2026414207,2024-04-28,Matched,None,0.0,0.0,0,2024-04-28 00:00:00
RECON003244,HDFC2026952215,2024-04-28,Matched,None,0.0,0.0,0,2024-04-28 00:00:00
RECON003245,HDFC2026622937,2024-04-28,Matched,None,0.0,0.0,0,2024-04-28 00:00:00
RECON003246,HDFC2026207928,2024-04-28,Matched,None,0.0,0.0,0,2024-04-28 00:00:00
RECON003247,HDFC2026726003,2024-04-28,Matched,None,0.0,0.0,0,2024-04-28 00:00:00
RECON003248,HDFC2026558648,2024-04-28,Matched,None,0.0,0.0,0,2024-04-28 00:00:00
RECON003249,HDFC2026206142,2024-04-28,Matched,None,0.0,0.0,0,2024-04-28 00:00:00
RECON003250,HDFC2026272657,2024-04-28,Duplicate,Duplicate Transaction,0.0,0.0,13,2024-05-11
RECON003251,HDFC2026290514,2024-04-29,Unmatched,Amount Mismatch,643.0,1.1110151187904969,8,2024-05-07
RECON003252,HDFC2026331648,2024-04-29,Matched,None,0.0,0.0,0,2024-04-29 00:00:00
RECON003253,HDFC2026284785,2024-04-29,Matched,None,0.0,0.0,0,2024-04-29 00:00:00
RECON003254,HDFC2026936427,2024-04-29,Matched,None,0.0,0.0,0,2024-04-29 00:00:00
RECON003255,HDFC2026544827,2024-04-29,Matched,None,0.0,0.0,0,2024-04-29 00:00:00
RECON003256,HDFC2026243357,2024-04-29,Matched,None,0.0,0.0,0,2024-04-29 00:00:00
RECON003257,HDFC2026768933,2024-04-29,Unmatched,Amount Mismatch,2487.0,1.0558357532222733,5,2024-05-04
RECON003258,HDFC2026198873,2024-04-29,Matched,None,0.0,0.0,0,2024-04-29 00:00:00
RECON003259,HDFC2026322256,2024-04-29,Matched,None,0.0,0.0,0,2024-04-29 00:00:00
RECON003260,HDFC2026240494,2024-04-29,Matched,None,0.0,0.0,0,2024-04-29 00:00:00
RECON003261,HDFC2026947718,2024-04-29,Matched,None,0.0,0.0,0,2024-04-29 00:00:00
RECON003262,HDFC2026583620,2024-04-29,Matched,None,0.0,0.0,0,2024-04-29 00:00:00
RECON003263,HDFC2026329018,2024-04-29,Matched,None,0.0,0.0,0,2024-04-29 00:00:00
RECON003264,HDFC2026184078,2024-04-29,Matched,None,0.0,0.0,0,2024-04-29 00:00:00
RECON003265,HDFC2026862202,2024-04-29,Matched,None,0.0,0.0,0,2024-04-29 00:00:00
RECON003266,HDFC2026436322,2024-04-29,Matched,None,0.0,0.0,0,2024-04-29 00:00:00
RECON003267,HDFC2026597361,2024-04-29,Matched,None,0.0,0.0,0,2024-04-29 00:00:00
RECON003268,HDFC2026502346,2024-04-29,Matched,None,0.0,0.0,0,2024-04-29 00:00:00
RECON003269,HDFC2026565255,2024-04-29,Matched,None,0.0,0.0,0,2024-04-29 00:00:00
RECON003270,HDFC2026700534,2024-04-30,Matched,None,0.0,0.0,0,2024-04-30 00:00:00
RECON003271,HDFC2026231113,2024-04-30,Matched,None,0.0,0.0,0,2024-04-30 00:00:00
RECON003272,HDFC2026514282,2024-04-30,Matched,None,0.0,0.0,0,2024-04-30 00:00:00
RECON003273,HDFC2026913634,2024-04-30,Matched,None,0.0,0.0,0,2024-04-30 00:00:00
RECON003274,HDFC2026882894,2024-04-30,Matched,None,0.0,0.0,0,2024-04-30 00:00:00
RECON003275,HDFC2026886582,2024-04-30,Matched,None,0.0,0.0,0,2024-04-30 00:00:00
RECON003276,HDFC2026115043,2024-04-30,Matched,None,0.0,0.0,0,2024-04-30 00:00:00
RECON003277,HDFC2026538272,2024-04-30,Matched,None,0.0,0.0,0,2024-04-30 00:00:00
RECON003278,HDFC2026319233,2024-04-30,Matched,None,0.0,0.0,0,2024-04-30 00:00:00
RECON003279,HDFC2026766849,2024-04-30,Matched,None,0.0,0.0,0,2024-04-30 00:00:00
RECON003280,HDFC2026970775,2024-04-30,Unmatched,Amount Mismatch,-917.0,-0.5251222612898423,1,2024-05-01
RECON003281,HDFC2026889432,2024-04-30,Duplicate,Duplicate Transaction,0.0,0.0,12,2024-05-12
RECON003282,HDFC2026762877,2024-04-30,Matched,None,0.0,0.0,0,2024-04-30 00:00:00
RECON003283,HDFC2026921916,2024-04-30,Matched,None,0.0,0.0,0,2024-04-30 00:00:00
RECON003284,HDFC2026128050,2024-04-30,Matched,None,0.0,0.0,0,2024-04-30 00:00:00
RECON003285,HDFC2026693731,2024-04-30,Matched,None,0.0,0.0,0,2024-04-30 00:00:00
RECON003286,HDFC2026367630,2024-04-30,Matched,None,0.0,0.0,0,2024-04-30 00:00:00
RECON003287,HDFC2026574040,2024-04-30,Unmatched,Missing Settlement,181842.0,100.0,14,2024-05-14
RECON003288,HDFC2026836571,2024-04-30,Unmatched,Amount Mismatch,3151.0,3.964918461848198,14,2024-05-14
RECON003289,HDFC2026436726,2024-04-30,Matched,None,0.0,0.0,0,2024-04-30 00:00:00
RECON003290,HDFC2026647293,2024-04-30,Matched,None,0.0,0.0,0,2024-04-30 00:00:00
RECON003291,HDFC2026405807,2024-04-30,Unmatched,FX Rate Discrepancy,0.0,1.43,15,2024-05-15
RECON003292,HDFC2026863986,2024-04-30,Matched,None,0.0,0.0,0,2024-04-30 00:00:00
RECON003293,HDFC2026279358,2024-04-30,Matched,None,0.0,0.0,0,2024-04-30 00:00:00
RECON003294,HDFC2026300114,2024-04-30,Matched,None,0.0,0.0,0,2024-04-30 00:00:00
RECON003295,HDFC2026604474,2024-04-30,Matched,None,0.0,0.0,0,2024-04-30 00:00:00
RECON003296,HDFC2026960251,2024-04-30,Matched,None,0.0,0.0,0,2024-04-30 00:00:00
RECON003297,HDFC2026297205,2024-04-30,Matched,None,0.0,0.0,0,2024-04-30 00:00:00
RECON003298,HDFC2026378868,2024-04-30,Matched,None,0.0,0.0,0,2024-04-30 00:00:00
RECON003299,HDFC2026372077,2024-04-30,Unmatched,Missing Settlement,234249.0,100.0,11,2024-05-11
RECON003300,HDFC2026916091,2024-04-30,Unmatched,Missing Settlement,291915.0,100.0,11,2024-05-11
RECON003301,HDFC2026744350,2024-04-30,Matched,None,0.0,0.0,0,2024-04-30 00:00:00
RECON003302,HDFC2026524859,2024-04-30,Matched,None,0.0,0.0,0,2024-04-30 00:00:00
RECON003303,HDFC2026953381,2024-05-01,Matched,None,0.0,0.0,0,2024-05-01 00:00:00
RECON003304,HDFC2026941761,2024-05-01,Matched,None,0.0,0.0,0,2024-05-01 00:00:00
RECON003305,HDFC2026824056,2024-05-01,Matched,None,0.0,0.0,0,2024-05-01 00:00:00
RECON003306,HDFC2026957097,2024-05-01,Matched,None,0.0,0.0,0,2024-05-01 00:00:00
RECON003307,HDFC2026706392,2024-05-01,Matched,None,0.0,0.0,0,2024-05-01 00:00:00
RECON003308,HDFC2026255724,2024-05-01,Matched,None,0.0,0.0,0,2024-05-01 00:00:00
RECON003309,HDFC2026593107,2024-05-01,Matched,None,0.0,0.0,0,2024-05-01 00:00:00
RECON003310,HDFC2026247499,2024-05-01,Matched,None,0.0,0.0,0,2024-05-01 00:00:00
RECON003311,HDFC2026812947,2024-05-01,Matched,None,0.0,0.0,0,2024-05-01 00:00:00
RECON003312,HDFC2026154903,2024-05-01,Matched,None,0.0,0.0,0,2024-05-01 00:00:00
RECON003313,HDFC2026259015,2024-05-01,Matched,None,0.0,0.0,0,2024-05-01 00:00:00
RECON003314,HDFC2026412937,2024-05-01,Unmatched,Amount Mismatch,3113.0,0.44660662177167826,5,2024-05-06
RECON003315,HDFC2026211527,2024-05-01,Unmatched,Amount Mismatch,-4494.0,-1.926366009541813,2,2024-05-03
RECON003316,HDFC2026857464,2024-05-01,Matched,None,0.0,0.0,0,2024-05-01 00:00:00
RECON003317,HDFC2026143792,2024-05-01,Matched,None,0.0,0.0,0,2024-05-01 00:00:00
RECON003318,HDFC2026774129,2024-05-01,Matched,None,0.0,0.0,0,2024-05-01 00:00:00
RECON003319,HDFC2026313701,2024-05-02,Matched,None,0.0,0.0,0,2024-05-02 00:00:00
RECON003320,HDFC2026840187,2024-05-02,Unmatched,FX Rate Discrepancy,0.0,0.4,13,2024-05-15
RECON003321,HDFC2026911203,2024-05-02,Matched,None,0.0,0.0,0,2024-05-02 00:00:00
RECON003322,HDFC2026492843,2024-05-02,Matched,None,0.0,0.0,0,2024-05-02 00:00:00
RECON003323,HDFC2026136288,2024-05-02,Unmatched,Amount Mismatch,1087.0,1.0551861379410765,8,2024-05-10
RECON003324,HDFC2026221342,2024-05-02,Unmatched,Missing Settlement,174324.0,100.0,12,2024-05-14
RECON003325,HDFC2026952112,2024-05-02,Matched,None,0.0,0.0,0,2024-05-02 00:00:00
RECON003326,HDFC2026520760,2024-05-02,Matched,None,0.0,0.0,0,2024-05-02 00:00:00
RECON003327,HDFC2026118983,2024-05-02,Matched,None,0.0,0.0,0,2024-05-02 00:00:00
RECON003328,HDFC2026598190,2024-05-02,Matched,None,0.0,0.0,0,2024-05-02 00:00:00
RECON003329,HDFC2026477627,2024-05-02,Matched,None,0.0,0.0,0,2024-05-02 00:00:00
RECON003330,HDFC2026944101,2024-05-02,Matched,None,0.0,0.0,0,2024-05-02 00:00:00
RECON003331,HDFC2026517828,2024-05-02,Matched,None,0.0,0.0,0,2024-05-02 00:00:00
RECON003332,HDFC2026437809,2024-05-02,Matched,None,0.0,0.0,0,2024-05-02 00:00:00
RECON003333,HDFC2026693151,2024-05-02,Unmatched,Amount Mismatch,4377.0,1.2569712076917334,5,2024-05-07
RECON003334,HDFC2026460692,2024-05-02,Matched,None,0.0,0.0,0,2024-05-02 00:00:00
RECON003335,HDFC2026295327,2024-05-02,Unmatched,Missing Settlement,248459.0,100.0,10,2024-05-12
RECON003336,HDFC2026338442,2024-05-02,Matched,None,0.0,0.0,0,2024-05-02 00:00:00
RECON003337,HDFC2026575463,2024-05-02,Matched,None,0.0,0.0,0,2024-05-02 00:00:00
RECON003338,HDFC2026400761,2024-05-02,Matched,None,0.0,0.0,0,2024-05-02 00:00:00
RECON003339,HDFC2026363071,2024-05-02,Matched,None,0.0,0.0,0,2024-05-02 00:00:00
RECON003340,HDFC2026515898,2024-05-02,Matched,None,0.0,0.0,0,2024-05-02 00:00:00
RECON003341,HDFC2026232383,2024-05-02,Duplicate,Duplicate Transaction,0.0,0.0,9,2024-05-11
RECON003342,HDFC2026315624,2024-05-02,Matched,None,0.0,0.0,0,2024-05-02 00:00:00
RECON003343,HDFC2026268460,2024-05-02,Matched,None,0.0,0.0,0,2024-05-02 00:00:00
RECON003344,HDFC2026291585,2024-05-02,Unmatched,FX Rate Discrepancy,0.0,-0.05,5,2024-05-07
RECON003345,HDFC2026478003,2024-05-02,Matched,None,0.0,0.0,0,2024-05-02 00:00:00
RECON003346,HDFC2026363467,2024-05-02,Matched,None,0.0,0.0,0,2024-05-02 00:00:00
RECON003347,HDFC2026781640,2024-05-02,Unmatched,FX Rate Discrepancy,0.0,1.85,5,2024-05-07
RECON003348,HDFC2026943398,2024-05-03,Unmatched,Amount Mismatch,-2260.0,-0.4384118627266502,1,2024-05-04
RECON003349,HDFC2026537605,2024-05-03,Matched,None,0.0,0.0,0,2024-05-03 00:00:00
RECON003350,HDFC2026784282,2024-05-03,Unmatched,FX Rate Discrepancy,0.0,-0.81,12,2024-05-15
RECON003351,HDFC2026434617,2024-05-03,Matched,None,0.0,0.0,0,2024-05-03 00:00:00
RECON003352,HDFC2026526316,2024-05-03,Unmatched,Amount Mismatch,-3048.0,-1.4843167906032229,4,2024-05-07
RECON003353,HDFC2026221455,2024-05-03,Unmatched,Missing Settlement,781459.0,100.0,10,2024-05-13
RECON003354,HDFC2026224573,2024-05-03,Matched,None,0.0,0.0,0,2024-05-03 00:00:00
RECON003355,HDFC2026563051,2024-05-03,Matched,None,0.0,0.0,0,2024-05-03 00:00:00
RECON003356,HDFC2026114790,2024-05-03,Matched,None,0.0,0.0,0,2024-05-03 00:00:00
RECON003357,HDFC2026195843,2024-05-03,Matched,None,0.0,0.0,0,2024-05-03 00:00:00
RECON003358,HDFC2026922674,2024-05-03,Matched,None,0.0,0.0,0,2024-05-03 00:00:00
RECON003359,HDFC2026650996,2024-05-03,Matched,None,0.0,0.0,0,2024-05-03 00:00:00
RECON003360,HDFC2026699390,2024-05-03,Matched,None,0.0,0.0,0,2024-05-03 00:00:00
RECON003361,HDFC2026798497,2024-05-03,Matched,None,0.0,0.0,0,2024-05-03 00:00:00
RECON003362,HDFC2026423250,2024-05-03,Matched,None,0.0,0.0,0,2024-05-03 00:00:00
RECON003363,HDFC2026157634,2024-05-03,Matched,None,0.0,0.0,0,2024-05-03 00:00:00
RECON003364,HDFC2026737967,2024-05-03,Matched,None,0.0,0.0,0,2024-05-03 00:00:00
RECON003365,HDFC2026121458,2024-05-03,Matched,None,0.0,0.0,0,2024-05-03 00:00:00
RECON003366,HDFC2026933200,2024-05-03,Matched,None,0.0,0.0,0,2024-05-03 00:00:00
RECON003367,HDFC2026112572,2024-05-04,Matched,None,0.0,0.0,0,2024-05-04 00:00:00
RECON003368,HDFC2026864616,2024-05-04,Matched,None,0.0,0.0,0,2024-05-04 00:00:00
RECON003369,HDFC2026332459,2024-05-04,Matched,None,0.0,0.0,0,2024-05-04 00:00:00
RECON003370,HDFC2026790817,2024-05-04,Matched,None,0.0,0.0,0,2024-05-04 00:00:00
RECON003371,HDFC2026611192,2024-05-04,Matched,None,0.0,0.0,0,2024-05-04 00:00:00
RECON003372,HDFC2026400383,2024-05-04,Matched,None,0.0,0.0,0,2024-05-04 00:00:00
RECON003373,HDFC2026444650,2024-05-04,Matched,None,0.0,0.0,0,2024-05-04 00:00:00
RECON003374,HDFC2026826925,2024-05-04,Matched,None,0.0,0.0,0,2024-05-04 00:00:00
RECON003375,HDFC2026294954,2024-05-04,Matched,None,0.0,0.0,0,2024-05-04 00:00:00
RECON003376,HDFC2026492413,2024-05-04,Matched,None,0.0,0.0,0,2024-05-04 00:00:00
RECON003377,HDFC2026517840,2024-05-04,Matched,None,0.0,0.0,0,2024-05-04 00:00:00
RECON003378,HDFC2026156319,2024-05-04,Matched,None,0.0,0.0,0,2024-05-04 00:00:00
RECON003379,HDFC2026456878,2024-05-04,Matched,None,0.0,0.0,0,2024-05-04 00:00:00
RECON003380,HDFC2026503076,2024-05-04,Matched,None,0.0,0.0,0,2024-05-04 00:00:00
RECON003381,HDFC2026781773,2024-05-04,Matched,None,0.0,0.0,0,2024-05-04 00:00:00
RECON003382,HDFC2026492047,2024-05-04,Matched,None,0.0,0.0,0,2024-05-04 00:00:00
RECON003383,HDFC2026917152,2024-05-04,Matched,None,0.0,0.0,0,2024-05-04 00:00:00
RECON003384,HDFC2026985002,2024-05-04,Matched,None,0.0,0.0,0,2024-05-04 00:00:00
RECON003385,HDFC2026113491,2024-05-04,Matched,None,0.0,0.0,0,2024-05-04 00:00:00
RECON003386,HDFC2026508537,2024-05-04,Matched,None,0.0,0.0,0,2024-05-04 00:00:00
RECON003387,HDFC2026729924,2024-05-04,Unmatched,Amount Mismatch,-3065.0,-1.4879579779306462,9,2024-05-13
RECON003388,HDFC2026804393,2024-05-04,Matched,None,0.0,0.0,0,2024-05-04 00:00:00
RECON003389,HDFC2026204992,2024-05-04,Matched,None,0.0,0.0,0,2024-05-04 00:00:00
RECON003390,HDFC2026755467,2024-05-04,Matched,None,0.0,0.0,0,2024-05-04 00:00:00
RECON003391,HDFC2026603671,2024-05-04,Matched,None,0.0,0.0,0,2024-05-04 00:00:00
RECON003392,HDFC2026316726,2024-05-05,Matched,None,0.0,0.0,0,2024-05-05 00:00:00
RECON003393,HDFC2026723871,2024-05-05,Matched,None,0.0,0.0,0,2024-05-05 00:00:00
RECON003394,HDFC2026608925,2024-05-05,Matched,None,0.0,0.0,0,2024-05-05 00:00:00
RECON003395,HDFC2026584867,2024-05-05,Matched,None,0.0,0.0,0,2024-05-05 00:00:00
RECON003396,HDFC2026611539,2024-05-05,Matched,None,0.0,0.0,0,2024-05-05 00:00:00
RECON003397,HDFC2026883504,2024-05-05,Matched,None,0.0,0.0,0,2024-05-05 00:00:00
RECON003398,HDFC2026309916,2024-05-05,Matched,None,0.0,0.0,0,2024-05-05 00:00:00
RECON003399,HDFC2026850535,2024-05-05,Matched,None,0.0,0.0,0,2024-05-05 00:00:00
RECON003400,HDFC2026433200,2024-05-05,Matched,None,0.0,0.0,0,2024-05-05 00:00:00
RECON003401,HDFC2026920011,2024-05-05,Matched,None,0.0,0.0,0,2024-05-05 00:00:00
RECON003402,HDFC2026586099,2024-05-05,Matched,None,0.0,0.0,0,2024-05-05 00:00:00
RECON003403,HDFC2026930550,2024-05-05,Matched,None,0.0,0.0,0,2024-05-05 00:00:00
RECON003404,HDFC2026318166,2024-05-05,Matched,None,0.0,0.0,0,2024-05-05 00:00:00
RECON003405,HDFC2026701467,2024-05-05,Unmatched,Amount Mismatch,-2724.0,-1.218372193919768,6,2024-05-11
RECON003406,HDFC2026130322,2024-05-05,Matched,None,0.0,0.0,0,2024-05-05 00:00:00
RECON003407,HDFC2026613835,2024-05-05,Matched,None,0.0,0.0,0,2024-05-05 00:00:00
RECON003408,HDFC2026581498,2024-05-05,Matched,None,0.0,0.0,0,2024-05-05 00:00:00
RECON003409,HDFC2026460086,2024-05-05,Matched,None,0.0,0.0,0,2024-05-05 00:00:00
RECON003410,HDFC2026858376,2024-05-05,Unmatched,FX Rate Discrepancy,0.0,-0.88,7,2024-05-12
RECON003411,HDFC2026684143,2024-05-05,Matched,None,0.0,0.0,0,2024-05-05 00:00:00
RECON003412,HDFC2026100511,2024-05-05,Matched,None,0.0,0.0,0,2024-05-05 00:00:00
RECON003413,HDFC2026849276,2024-05-05,Matched,None,0.0,0.0,0,2024-05-05 00:00:00
RECON003414,HDFC2026333795,2024-05-05,Unmatched,Amount Mismatch,2227.0,0.3500961310211582,8,2024-05-13
RECON003415,HDFC2026785753,2024-05-05,Matched,None,0.0,0.0,0,2024-05-05 00:00:00
RECON003416,HDFC2026506977,2024-05-05,Matched,None,0.0,0.0,0,2024-05-05 00:00:00
RECON003417,HDFC2026718228,2024-05-05,Matched,None,0.0,0.0,0,2024-05-05 00:00:00
RECON003418,HDFC2026315611,2024-05-05,Matched,None,0.0,0.0,0,2024-05-05 00:00:00
RECON003419,HDFC2026403922,2024-05-06,Matched,None,0.0,0.0,0,2024-05-06 00:00:00
RECON003420,HDFC2026886421,2024-05-06,Matched,None,0.0,0.0,0,2024-05-06 00:00:00
RECON003421,HDFC2026596759,2024-05-06,Matched,None,0.0,0.0,0,2024-05-06 00:00:00
RECON003422,HDFC2026839699,2024-05-06,Matched,None,0.0,0.0,0,2024-05-06 00:00:00
RECON003423,HDFC2026701757,2024-05-06,Matched,None,0.0,0.0,0,2024-05-06 00:00:00
RECON003424,HDFC2026427623,2024-05-06,Matched,None,0.0,0.0,0,2024-05-06 00:00:00
RECON003425,HDFC2026347075,2024-05-06,Matched,None,0.0,0.0,0,2024-05-06 00:00:00
RECON003426,HDFC2026135219,2024-05-06,Unmatched,Amount Mismatch,4101.0,1.6885924278920388,13,2024-05-19
RECON003427,HDFC2026182029,2024-05-06,Matched,None,0.0,0.0,0,2024-05-06 00:00:00
RECON003428,HDFC2026411317,2024-05-06,Matched,None,0.0,0.0,0,2024-05-06 00:00:00
RECON003429,HDFC2026141683,2024-05-06,Matched,None,0.0,0.0,0,2024-05-06 00:00:00
RECON003430,HDFC2026914534,2024-05-06,Matched,None,0.0,0.0,0,2024-05-06 00:00:00
RECON003431,HDFC2026565823,2024-05-06,Matched,None,0.0,0.0,0,2024-05-06 00:00:00
RECON003432,HDFC2026443598,2024-05-06,Matched,None,0.0,0.0,0,2024-05-06 00:00:00
RECON003433,HDFC2026559045,2024-05-06,Matched,None,0.0,0.0,0,2024-05-06 00:00:00
RECON003434,HDFC2026808267,2024-05-06,Matched,None,0.0,0.0,0,2024-05-06 00:00:00
RECON003435,HDFC2026176368,2024-05-06,Matched,None,0.0,0.0,0,2024-05-06 00:00:00
RECON003436,HDFC2026462420,2024-05-06,Matched,None,0.0,0.0,0,2024-05-06 00:00:00
RECON003437,HDFC2026898867,2024-05-06,Matched,None,0.0,0.0,0,2024-05-06 00:00:00
RECON003438,HDFC2026871939,2024-05-06,Matched,None,0.0,0.0,0,2024-05-06 00:00:00
RECON003439,HDFC2026454779,2024-05-06,Matched,None,0.0,0.0,0,2024-05-06 00:00:00
RECON003440,HDFC2026540889,2024-05-06,Unmatched,Missing Settlement,169152.0,100.0,15,2024-05-21
RECON003441,HDFC2026507233,2024-05-06,Matched,None,0.0,0.0,0,2024-05-06 00:00:00
RECON003442,HDFC2026659922,2024-05-06,Matched,None,0.0,0.0,0,2024-05-06 00:00:00
RECON003443,HDFC2026835005,2024-05-06,Unmatched,Missing Settlement,296878.0,100.0,3,2024-05-09
RECON003444,HDFC2026428345,2024-05-06,Matched,None,0.0,0.0,0,2024-05-06 00:00:00
RECON003445,HDFC2026778946,2024-05-06,Matched,None,0.0,0.0,0,2024-05-06 00:00:00
RECON003446,HDFC2026237489,2024-05-07,Matched,None,0.0,0.0,0,2024-05-07 00:00:00
RECON003447,HDFC2026133956,2024-05-07,Matched,None,0.0,0.0,0,2024-05-07 00:00:00
RECON003448,HDFC2026261794,2024-05-07,Matched,None,0.0,0.0,0,2024-05-07 00:00:00
RECON003449,HDFC2026363492,2024-05-07,Matched,None,0.0,0.0,0,2024-05-07 00:00:00
RECON003450,HDFC2026897044,2024-05-07,Matched,None,0.0,0.0,0,2024-05-07 00:00:00
RECON003451,HDFC2026103485,2024-05-07,Matched,None,0.0,0.0,0,2024-05-07 00:00:00
RECON003452,HDFC2026601755,2024-05-07,Matched,None,0.0,0.0,0,2024-05-07 00:00:00
RECON003453,HDFC2026127363,2024-05-07,Matched,None,0.0,0.0,0,2024-05-07 00:00:00
RECON003454,HDFC2026985501,2024-05-07,Matched,None,0.0,0.0,0,2024-05-07 00:00:00
RECON003455,HDFC2026106725,2024-05-07,Matched,None,0.0,0.0,0,2024-05-07 00:00:00
RECON003456,HDFC2026609049,2024-05-07,Matched,None,0.0,0.0,0,2024-05-07 00:00:00
RECON003457,HDFC2026818439,2024-05-07,Matched,None,0.0,0.0,0,2024-05-07 00:00:00
RECON003458,HDFC2026307513,2024-05-07,Matched,None,0.0,0.0,0,2024-05-07 00:00:00
RECON003459,HDFC2026813972,2024-05-07,Matched,None,0.0,0.0,0,2024-05-07 00:00:00
RECON003460,HDFC2026919890,2024-05-07,Matched,None,0.0,0.0,0,2024-05-07 00:00:00
RECON003461,HDFC2026467289,2024-05-07,Matched,None,0.0,0.0,0,2024-05-07 00:00:00
RECON003462,HDFC2026999652,2024-05-07,Matched,None,0.0,0.0,0,2024-05-07 00:00:00
RECON003463,HDFC2026803153,2024-05-07,Matched,None,0.0,0.0,0,2024-05-07 00:00:00
RECON003464,HDFC2026470054,2024-05-07,Matched,None,0.0,0.0,0,2024-05-07 00:00:00
RECON003465,HDFC2026854793,2024-05-07,Matched,None,0.0,0.0,0,2024-05-07 00:00:00
RECON003466,HDFC2026155621,2024-05-07,Matched,None,0.0,0.0,0,2024-05-07 00:00:00
RECON003467,HDFC2026270373,2024-05-07,Matched,None,0.0,0.0,0,2024-05-07 00:00:00
RECON003468,HDFC2026746968,2024-05-07,Matched,None,0.0,0.0,0,2024-05-07 00:00:00
RECON003469,HDFC2026381356,2024-05-08,Matched,None,0.0,0.0,0,2024-05-08 00:00:00
RECON003470,HDFC2026874343,2024-05-08,Matched,None,0.0,0.0,0,2024-05-08 00:00:00
RECON003471,HDFC2026944539,2024-05-08,Unmatched,FX Rate Discrepancy,0.0,0.33,5,2024-05-13
RECON003472,HDFC2026302432,2024-05-08,Matched,None,0.0,0.0,0,2024-05-08 00:00:00
RECON003473,HDFC2026247129,2024-05-08,Matched,None,0.0,0.0,0,2024-05-08 00:00:00
RECON003474,HDFC2026100519,2024-05-08,Matched,None,0.0,0.0,0,2024-05-08 00:00:00
RECON003475,HDFC2026536521,2024-05-08,Matched,None,0.0,0.0,0,2024-05-08 00:00:00
RECON003476,HDFC2026675551,2024-05-08,Matched,None,0.0,0.0,0,2024-05-08 00:00:00
RECON003477,HDFC2026955648,2024-05-08,Matched,None,0.0,0.0,0,2024-05-08 00:00:00
RECON003478,HDFC2026693097,2024-05-08,Unmatched,Amount Mismatch,2211.0,1.3524921089334214,2,2024-05-10
RECON003479,HDFC2026733039,2024-05-08,Matched,None,0.0,0.0,0,2024-05-08 00:00:00
RECON003480,HDFC2026628700,2024-05-08,Matched,None,0.0,0.0,0,2024-05-08 00:00:00
RECON003481,HDFC2026604249,2024-05-08,Matched,None,0.0,0.0,0,2024-05-08 00:00:00
RECON003482,HDFC2026916101,2024-05-08,Unmatched,Missing Settlement,149859.0,100.0,4,2024-05-12
RECON003483,HDFC2026520343,2024-05-08,Unmatched,Amount Mismatch,4685.0,3.184258818731734,3,2024-05-11
RECON003484,HDFC2026918812,2024-05-08,Matched,None,0.0,0.0,0,2024-05-08 00:00:00
RECON003485,HDFC2026542453,2024-05-08,Matched,None,0.0,0.0,0,2024-05-08 00:00:00
RECON003486,HDFC2026194560,2024-05-08,Matched,None,0.0,0.0,0,2024-05-08 00:00:00
RECON003487,HDFC2026928673,2024-05-08,Matched,None,0.0,0.0,0,2024-05-08 00:00:00
RECON003488,HDFC2026562879,2024-05-08,Unmatched,Missing Settlement,109508.0,100.0,12,2024-05-20
RECON003489,HDFC2026658856,2024-05-08,Matched,None,0.0,0.0,0,2024-05-08 00:00:00
RECON003490,HDFC2026298962,2024-05-08,Unmatched,Missing Settlement,135829.0,100.0,15,2024-05-23
RECON003491,HDFC2026296389,2024-05-08,Matched,None,0.0,0.0,0,2024-05-08 00:00:00
RECON003492,HDFC2026638545,2024-05-08,Matched,None,0.0,0.0,0,2024-05-08 00:00:00
RECON003493,HDFC2026113595,2024-05-08,Unmatched,Missing Settlement,90496.0,100.0,6,2024-05-14
RECON003494,HDFC2026769026,2024-05-08,Matched,None,0.0,0.0,0,2024-05-08 00:00:00
RECON003495,HDFC2026571690,2024-05-08,Matched,None,0.0,0.0,0,2024-05-08 00:00:00
RECON003496,HDFC2026461125,2024-05-08,Duplicate,Duplicate Transaction,0.0,0.0,15,2024-05-23
RECON003497,HDFC2026633479,2024-05-09,Matched,None,0.0,0.0,0,2024-05-09 00:00:00
RECON003498,HDFC2026227211,2024-05-09,Matched,None,0.0,0.0,0,2024-05-09 00:00:00
RECON003499,HDFC2026510702,2024-05-09,Matched,None,0.0,0.0,0,2024-05-09 00:00:00
RECON003500,HDFC2026828458,2024-05-09,Matched,None,0.0,0.0,0,2024-05-09 00:00:00
RECON003501,HDFC2026569556,2024-05-09,Matched,None,0.0,0.0,0,2024-05-09 00:00:00
RECON003502,HDFC2026159790,2024-05-09,Duplicate,Duplicate Transaction,0.0,0.0,3,2024-05-12
RECON003503,HDFC2026681157,2024-05-09,Matched,None,0.0,0.0,0,2024-05-09 00:00:00
RECON003504,HDFC2026694381,2024-05-09,Matched,None,0.0,0.0,0,2024-05-09 00:00:00
RECON003505,HDFC2026981979,2024-05-09,Matched,None,0.0,0.0,0,2024-05-09 00:00:00
RECON003506,HDFC2026725119,2024-05-09,Matched,None,0.0,0.0,0,2024-05-09 00:00:00
RECON003507,HDFC2026105621,2024-05-09,Matched,None,0.0,0.0,0,2024-05-09 00:00:00
RECON003508,HDFC2026938479,2024-05-09,Matched,None,0.0,0.0,0,2024-05-09 00:00:00
RECON003509,HDFC2026609440,2024-05-09,Matched,None,0.0,0.0,0,2024-05-09 00:00:00
RECON003510,HDFC2026501155,2024-05-09,Matched,None,0.0,0.0,0,2024-05-09 00:00:00
RECON003511,HDFC2026326106,2024-05-09,Matched,None,0.0,0.0,0,2024-05-09 00:00:00
RECON003512,HDFC2026844984,2024-05-09,Matched,None,0.0,0.0,0,2024-05-09 00:00:00
RECON003513,HDFC2026162033,2024-05-09,Matched,None,0.0,0.0,0,2024-05-09 00:00:00
RECON003514,HDFC2026126163,2024-05-09,Unmatched,Amount Mismatch,2916.0,5.832,7,2024-05-16
RECON003515,HDFC2026635231,2024-05-09,Matched,None,0.0,0.0,0,2024-05-09 00:00:00
RECON003516,HDFC2026377768,2024-05-09,Duplicate,Duplicate Transaction,0.0,0.0,12,2024-05-21
RECON003517,HDFC2026557307,2024-05-09,Matched,None,0.0,0.0,0,2024-05-09 00:00:00
RECON003518,HDFC2026208232,2024-05-10,Matched,None,0.0,0.0,0,2024-05-10 00:00:00
RECON003519,HDFC2026333280,2024-05-10,Matched,None,0.0,0.0,0,2024-05-10 00:00:00
RECON003520,HDFC2026757277,2024-05-10,Matched,None,0.0,0.0,0,2024-05-10 00:00:00
RECON003521,HDFC2026751850,2024-05-10,Unmatched,FX Rate Discrepancy,0.0,-1.92,1,2024-05-11
RECON003522,HDFC2026842597,2024-05-10,Matched,None,0.0,0.0,0,2024-05-10 00:00:00
RECON003523,HDFC2026101727,2024-05-10,Matched,None,0.0,0.0,0,2024-05-10 00:00:00
RECON003524,HDFC2026372837,2024-05-10,Matched,None,0.0,0.0,0,2024-05-10 00:00:00
RECON003525,HDFC2026558607,2024-05-10,Matched,None,0.0,0.0,0,2024-05-10 00:00:00
RECON003526,HDFC2026287949,2024-05-10,Unmatched,Missing Settlement,193017.0,100.0,9,2024-05-19
RECON003527,HDFC2026944273,2024-05-10,Matched,None,0.0,0.0,0,2024-05-10 00:00:00
RECON003528,HDFC2026365470,2024-05-10,Matched,None,0.0,0.0,0,2024-05-10 00:00:00
RECON003529,HDFC2026164066,2024-05-10,Matched,None,0.0,0.0,0,2024-05-10 00:00:00
RECON003530,HDFC2026268709,2024-05-10,Matched,None,0.0,0.0,0,2024-05-10 00:00:00
RECON003531,HDFC2026946450,2024-05-10,Matched,None,0.0,0.0,0,2024-05-10 00:00:00
RECON003532,HDFC2026903433,2024-05-10,Unmatched,Amount Mismatch,-1557.0,-0.23776691512316694,14,2024-05-24
RECON003533,HDFC2026295370,2024-05-10,Matched,None,0.0,0.0,0,2024-05-10 00:00:00
RECON003534,HDFC2026472724,2024-05-10,Matched,None,0.0,0.0,0,2024-05-10 00:00:00
RECON003535,HDFC2026740931,2024-05-10,Matched,None,0.0,0.0,0,2024-05-10 00:00:00
RECON003536,HDFC2026736490,2024-05-10,Matched,None,0.0,0.0,0,2024-05-10 00:00:00
RECON003537,HDFC2026134790,2024-05-10,Matched,None,0.0,0.0,0,2024-05-10 00:00:00
RECON003538,HDFC2026759921,2024-05-10,Unmatched,Missing Settlement,480108.0,100.0,3,2024-05-13
RECON003539,HDFC2026620461,2024-05-10,Matched,None,0.0,0.0,0,2024-05-10 00:00:00
RECON003540,HDFC2026504276,2024-05-10,Matched,None,0.0,0.0,0,2024-05-10 00:00:00
RECON003541,HDFC2026454071,2024-05-10,Matched,None,0.0,0.0,0,2024-05-10 00:00:00
RECON003542,HDFC2026659271,2024-05-10,Matched,None,0.0,0.0,0,2024-05-10 00:00:00
RECON003543,HDFC2026647386,2024-05-10,Matched,None,0.0,0.0,0,2024-05-10 00:00:00
RECON003544,HDFC2026527348,2024-05-10,Matched,None,0.0,0.0,0,2024-05-10 00:00:00
RECON003545,HDFC2026899813,2024-05-10,Matched,None,0.0,0.0,0,2024-05-10 00:00:00
RECON003546,HDFC2026325933,2024-05-10,Matched,None,0.0,0.0,0,2024-05-10 00:00:00
RECON003547,HDFC2026565786,2024-05-10,Matched,None,0.0,0.0,0,2024-05-10 00:00:00
RECON003548,HDFC2026822530,2024-05-10,Unmatched,Missing Settlement,195449.0,100.0,9,2024-05-19
RECON003549,HDFC2026212157,2024-05-10,Matched,None,0.0,0.0,0,2024-05-10 00:00:00
RECON003550,HDFC2026474165,2024-05-10,Matched,None,0.0,0.0,0,2024-05-10 00:00:00
RECON003551,HDFC2026768891,2024-05-10,Matched,None,0.0,0.0,0,2024-05-10 00:00:00
RECON003552,HDFC2026506648,2024-05-10,Matched,None,0.0,0.0,0,2024-05-10 00:00:00
RECON003553,HDFC2026802230,2024-05-10,Matched,None,0.0,0.0,0,2024-05-10 00:00:00
RECON003554,HDFC2026959776,2024-05-10,Matched,None,0.0,0.0,0,2024-05-10 00:00:00
RECON003555,HDFC2026590421,2024-05-11,Matched,None,0.0,0.0,0,2024-05-11 00:00:00
RECON003556,HDFC2026535827,2024-05-11,Matched,None,0.0,0.0,0,2024-05-11 00:00:00
RECON003557,HDFC2026576207,2024-05-11,Matched,None,0.0,0.0,0,2024-05-11 00:00:00
RECON003558,HDFC2026715710,2024-05-11,Unmatched,Amount Mismatch,1704.0,0.6881122947575858,7,2024-05-18
RECON003559,HDFC2026789196,2024-05-11,Matched,None,0.0,0.0,0,2024-05-11 00:00:00
RECON003560,HDFC2026831284,2024-05-11,Matched,None,0.0,0.0,0,2024-05-11 00:00:00
RECON003561,HDFC2026207171,2024-05-11,Matched,None,0.0,0.0,0,2024-05-11 00:00:00
RECON003562,HDFC2026502890,2024-05-11,Duplicate,Duplicate Transaction,0.0,0.0,12,2024-05-23
RECON003563,HDFC2026876043,2024-05-11,Duplicate,Duplicate Transaction,0.0,0.0,4,2024-05-15
RECON003564,HDFC2026614591,2024-05-11,Matched,None,0.0,0.0,0,2024-05-11 00:00:00
RECON003565,HDFC2026863523,2024-05-11,Matched,None,0.0,0.0,0,2024-05-11 00:00:00
RECON003566,HDFC2026756234,2024-05-11,Matched,None,0.0,0.0,0,2024-05-11 00:00:00
RECON003567,HDFC2026467506,2024-05-11,Matched,None,0.0,0.0,0,2024-05-11 00:00:00
RECON003568,HDFC2026570949,2024-05-11,Matched,None,0.0,0.0,0,2024-05-11 00:00:00
RECON003569,HDFC2026447805,2024-05-11,Matched,None,0.0,0.0,0,2024-05-11 00:00:00
RECON003570,HDFC2026741539,2024-05-11,Matched,None,0.0,0.0,0,2024-05-11 00:00:00
RECON003571,HDFC2026232077,2024-05-11,Matched,None,0.0,0.0,0,2024-05-11 00:00:00
RECON003572,HDFC2026883041,2024-05-11,Matched,None,0.0,0.0,0,2024-05-11 00:00:00
RECON003573,HDFC2026948854,2024-05-11,Matched,None,0.0,0.0,0,2024-05-11 00:00:00
RECON003574,HDFC2026507321,2024-05-11,Matched,None,0.0,0.0,0,2024-05-11 00:00:00
RECON003575,HDFC2026370912,2024-05-11,Matched,None,0.0,0.0,0,2024-05-11 00:00:00
RECON003576,HDFC2026507729,2024-05-12,Matched,None,0.0,0.0,0,2024-05-12 00:00:00
RECON003577,HDFC2026257805,2024-05-12,Matched,None,0.0,0.0,0,2024-05-12 00:00:00
RECON003578,HDFC2026864265,2024-05-12,Matched,None,0.0,0.0,0,2024-05-12 00:00:00
RECON003579,HDFC2026681069,2024-05-12,Matched,None,0.0,0.0,0,2024-05-12 00:00:00
RECON003580,HDFC2026601756,2024-05-12,Matched,None,0.0,0.0,0,2024-05-12 00:00:00
RECON003581,HDFC2026764545,2024-05-12,Matched,None,0.0,0.0,0,2024-05-12 00:00:00
RECON003582,HDFC2026700536,2024-05-12,Matched,None,0.0,0.0,0,2024-05-12 00:00:00
RECON003583,HDFC2026862653,2024-05-12,Matched,None,0.0,0.0,0,2024-05-12 00:00:00
RECON003584,HDFC2026731550,2024-05-12,Matched,None,0.0,0.0,0,2024-05-12 00:00:00
RECON003585,HDFC2026524832,2024-05-12,Matched,None,0.0,0.0,0,2024-05-12 00:00:00
RECON003586,HDFC2026132498,2024-05-12,Matched,None,0.0,0.0,0,2024-05-12 00:00:00
RECON003587,HDFC2026787752,2024-05-12,Matched,None,0.0,0.0,0,2024-05-12 00:00:00
RECON003588,HDFC2026973673,2024-05-12,Matched,None,0.0,0.0,0,2024-05-12 00:00:00
RECON003589,HDFC2026419784,2024-05-12,Matched,None,0.0,0.0,0,2024-05-12 00:00:00
RECON003590,HDFC2026609378,2024-05-12,Matched,None,0.0,0.0,0,2024-05-12 00:00:00
RECON003591,HDFC2026453904,2024-05-12,Matched,None,0.0,0.0,0,2024-05-12 00:00:00
RECON003592,HDFC2026211774,2024-05-12,Matched,None,0.0,0.0,0,2024-05-12 00:00:00
RECON003593,HDFC2026922882,2024-05-12,Matched,None,0.0,0.0,0,2024-05-12 00:00:00
RECON003594,HDFC2026904898,2024-05-12,Unmatched,Amount Mismatch,2797.0,3.2246163778692396,10,2024-05-22
RECON003595,HDFC2026860666,2024-05-12,Matched,None,0.0,0.0,0,2024-05-12 00:00:00
RECON003596,HDFC2026685750,2024-05-12,Matched,None,0.0,0.0,0,2024-05-12 00:00:00
RECON003597,HDFC2026697725,2024-05-12,Matched,None,0.0,0.0,0,2024-05-12 00:00:00
RECON003598,HDFC2026475398,2024-05-12,Matched,None,0.0,0.0,0,2024-05-12 00:00:00
RECON003599,HDFC2026654295,2024-05-12,Duplicate,Duplicate Transaction,0.0,0.0,10,2024-05-22
RECON003600,HDFC2026298302,2024-05-12,Matched,None,0.0,0.0,0,2024-05-12 00:00:00
RECON003601,HDFC2026618650,2024-05-13,Matched,None,0.0,0.0,0,2024-05-13 00:00:00
RECON003602,HDFC2026980163,2024-05-13,Matched,None,0.0,0.0,0,2024-05-13 00:00:00
RECON003603,HDFC2026686434,2024-05-13,Matched,None,0.0,0.0,0,2024-05-13 00:00:00
RECON003604,HDFC2026794634,2024-05-13,Matched,None,0.0,0.0,0,2024-05-13 00:00:00
RECON003605,HDFC2026189693,2024-05-13,Matched,None,0.0,0.0,0,2024-05-13 00:00:00
RECON003606,HDFC2026556752,2024-05-13,Unmatched,Amount Mismatch,4134.0,0.714810620142305,13,2024-05-26
RECON003607,HDFC2026275803,2024-05-13,Matched,None,0.0,0.0,0,2024-05-13 00:00:00
RECON003608,HDFC2026685061,2024-05-13,Matched,None,0.0,0.0,0,2024-05-13 00:00:00
RECON003609,HDFC2026444440,2024-05-13,Duplicate,Duplicate Transaction,0.0,0.0,9,2024-05-22
RECON003610,HDFC2026646258,2024-05-13,Matched,None,0.0,0.0,0,2024-05-13 00:00:00
RECON003611,HDFC2026438792,2024-05-13,Matched,None,0.0,0.0,0,2024-05-13 00:00:00
RECON003612,HDFC2026762361,2024-05-13,Unmatched,Amount Mismatch,2995.0,1.2011277366261746,11,2024-05-24
RECON003613,HDFC2026436713,2024-05-13,Matched,None,0.0,0.0,0,2024-05-13 00:00:00
RECON003614,HDFC2026458815,2024-05-13,Matched,None,0.0,0.0,0,2024-05-13 00:00:00
RECON003615,HDFC2026698626,2024-05-13,Unmatched,Amount Mismatch,721.0,0.16664663517099193,7,2024-05-20
RECON003616,HDFC2026273218,2024-05-13,Matched,None,0.0,0.0,0,2024-05-13 00:00:00
RECON003617,HDFC2026238027,2024-05-13,Matched,None,0.0,0.0,0,2024-05-13 00:00:00
RECON003618,HDFC2026347981,2024-05-13,Matched,None,0.0,0.0,0,2024-05-13 00:00:00
RECON003619,HDFC2026750085,2024-05-13,Matched,None,0.0,0.0,0,2024-05-13 00:00:00
RECON003620,HDFC2026629798,2024-05-13,Matched,None,0.0,0.0,0,2024-05-13 00:00:00
RECON003621,HDFC2026787535,2024-05-13,Unmatched,Missing Settlement,50000.0,100.0,4,2024-05-17
RECON003622,HDFC2026925020,2024-05-13,Matched,None,0.0,0.0,0,2024-05-13 00:00:00
RECON003623,HDFC2026671735,2024-05-13,Unmatched,Amount Mismatch,-510.0,-0.10757587263016681,11,2024-05-24
RECON003624,HDFC2026107161,2024-05-13,Matched,None,0.0,0.0,0,2024-05-13 00:00:00
RECON003625,HDFC2026456760,2024-05-13,Matched,None,0.0,0.0,0,2024-05-13 00:00:00
RECON003626,HDFC2026249585,2024-05-13,Matched,None,0.0,0.0,0,2024-05-13 00:00:00
RECON003627,HDFC2026184606,2024-05-13,Matched,None,0.0,0.0,0,2024-05-13 00:00:00
RECON003628,HDFC2026220016,2024-05-13,Matched,None,0.0,0.0,0,2024-05-13 00:00:00
RECON003629,HDFC2026752280,2024-05-13,Matched,None,0.0,0.0,0,2024-05-13 00:00:00
RECON003630,HDFC2026252642,2024-05-13,Matched,None,0.0,0.0,0,2024-05-13 00:00:00
RECON003631,HDFC2026192450,2024-05-13,Matched,None,0.0,0.0,0,2024-05-13 00:00:00
RECON003632,HDFC2026802416,2024-05-13,Matched,None,0.0,0.0,0,2024-05-13 00:00:00
RECON003633,HDFC2026804615,2024-05-13,Unmatched,Missing Settlement,262359.0,100.0,4,2024-05-17
RECON003634,HDFC2026489737,2024-05-13,Matched,None,0.0,0.0,0,2024-05-13 00:00:00
RECON003635,HDFC2026429707,2024-05-13,Matched,None,0.0,0.0,0,2024-05-13 00:00:00
RECON003636,HDFC2026947220,2024-05-13,Matched,None,0.0,0.0,0,2024-05-13 00:00:00
RECON003637,HDFC2026339834,2024-05-14,Matched,None,0.0,0.0,0,2024-05-14 00:00:00
RECON003638,HDFC2026993605,2024-05-14,Matched,None,0.0,0.0,0,2024-05-14 00:00:00
RECON003639,HDFC2026897934,2024-05-14,Unmatched,Amount Mismatch,-4737.0,-1.4562882940491084,12,2024-05-26
RECON003640,HDFC2026942453,2024-05-14,Unmatched,Amount Mismatch,2888.0,3.7459304512497247,1,2024-05-15
RECON003641,HDFC2026771579,2024-05-14,Matched,None,0.0,0.0,0,2024-05-14 00:00:00
RECON003642,HDFC2026593842,2024-05-14,Matched,None,0.0,0.0,0,2024-05-14 00:00:00
RECON003643,HDFC2026441782,2024-05-14,Unmatched,Amount Mismatch,890.0,0.4828506635127657,9,2024-05-23
RECON003644,HDFC2026937962,2024-05-14,Unmatched,Missing Settlement,435491.0,100.0,5,2024-05-19
RECON003645,HDFC2026833633,2024-05-14,Matched,None,0.0,0.0,0,2024-05-14 00:00:00
RECON003646,HDFC2026651059,2024-05-14,Matched,None,0.0,0.0,0,2024-05-14 00:00:00
RECON003647,HDFC2026847986,2024-05-14,Matched,None,0.0,0.0,0,2024-05-14 00:00:00
RECON003648,HDFC2026736398,2024-05-14,Matched,None,0.0,0.0,0,2024-05-14 00:00:00
RECON003649,HDFC2026162128,2024-05-14,Matched,None,0.0,0.0,0,2024-05-14 00:00:00
RECON003650,HDFC2026992450,2024-05-14,Matched,None,0.0,0.0,0,2024-05-14 00:00:00
RECON003651,HDFC2026100258,2024-05-14,Unmatched,Missing Settlement,98743.0,100.0,7,2024-05-21
RECON003652,HDFC2026256960,2024-05-14,Matched,None,0.0,0.0,0,2024-05-14 00:00:00
RECON003653,HDFC2026270374,2024-05-14,Matched,None,0.0,0.0,0,2024-05-14 00:00:00
RECON003654,HDFC2026571578,2024-05-14,Matched,None,0.0,0.0,0,2024-05-14 00:00:00
RECON003655,HDFC2026886552,2024-05-14,Matched,None,0.0,0.0,0,2024-05-14 00:00:00
RECON003656,HDFC2026114463,2024-05-14,Unmatched,Amount Mismatch,887.0,0.8877012840143713,8,2024-05-22
RECON003657,HDFC2026148903,2024-05-14,Matched,None,0.0,0.0,0,2024-05-14 00:00:00
RECON003658,HDFC2026414552,2024-05-14,Matched,None,0.0,0.0,0,2024-05-14 00:00:00
RECON003659,HDFC2026203517,2024-05-14,Matched,None,0.0,0.0,0,2024-05-14 00:00:00
RECON003660,HDFC2026803742,2024-05-14,Matched,None,0.0,0.0,0,2024-05-14 00:00:00
RECON003661,HDFC2026597643,2024-05-14,Matched,None,0.0,0.0,0,2024-05-14 00:00:00
RECON003662,HDFC2026931026,2024-05-14,Matched,None,0.0,0.0,0,2024-05-14 00:00:00
RECON003663,HDFC2026934103,2024-05-14,Matched,None,0.0,0.0,0,2024-05-14 00:00:00
RECON003664,HDFC2026204675,2024-05-14,Matched,None,0.0,0.0,0,2024-05-14 00:00:00
RECON003665,HDFC2026793613,2024-05-14,Matched,None,0.0,0.0,0,2024-05-14 00:00:00
RECON003666,HDFC2026441415,2024-05-14,Matched,None,0.0,0.0,0,2024-05-14 00:00:00
RECON003667,HDFC2026182359,2024-05-14,Matched,None,0.0,0.0,0,2024-05-14 00:00:00
RECON003668,HDFC2026568452,2024-05-14,Matched,None,0.0,0.0,0,2024-05-14 00:00:00
RECON003669,HDFC2026291351,2024-05-15,Matched,None,0.0,0.0,0,2024-05-15 00:00:00
RECON003670,HDFC2026836256,2024-05-15,Matched,None,0.0,0.0,0,2024-05-15 00:00:00
RECON003671,HDFC2026804085,2024-05-15,Matched,None,0.0,0.0,0,2024-05-15 00:00:00
RECON003672,HDFC2026276105,2024-05-15,Matched,None,0.0,0.0,0,2024-05-15 00:00:00
RECON003673,HDFC2026221651,2024-05-15,Matched,None,0.0,0.0,0,2024-05-15 00:00:00
RECON003674,HDFC2026422142,2024-05-15,Matched,None,0.0,0.0,0,2024-05-15 00:00:00
RECON003675,HDFC2026108674,2024-05-15,Matched,None,0.0,0.0,0,2024-05-15 00:00:00
RECON003676,HDFC2026142698,2024-05-15,Matched,None,0.0,0.0,0,2024-05-15 00:00:00
RECON003677,HDFC2026959802,2024-05-15,Matched,None,0.0,0.0,0,2024-05-15 00:00:00
RECON003678,HDFC2026407804,2024-05-15,Matched,None,0.0,0.0,0,2024-05-15 00:00:00
RECON003679,HDFC2026438239,2024-05-15,Matched,None,0.0,0.0,0,2024-05-15 00:00:00
RECON003680,HDFC2026450730,2024-05-15,Unmatched,Amount Mismatch,4224.0,1.672877912387772,5,2024-05-20
RECON003681,HDFC2026412973,2024-05-15,Matched,None,0.0,0.0,0,2024-05-15 00:00:00
RECON003682,HDFC2026784856,2024-05-15,Matched,None,0.0,0.0,0,2024-05-15 00:00:00
RECON003683,HDFC2026515786,2024-05-15,Matched,None,0.0,0.0,0,2024-05-15 00:00:00
RECON003684,HDFC2026583098,2024-05-15,Matched,None,0.0,0.0,0,2024-05-15 00:00:00
RECON003685,HDFC2026720264,2024-05-15,Matched,None,0.0,0.0,0,2024-05-15 00:00:00
RECON003686,HDFC2026438361,2024-05-15,Duplicate,Duplicate Transaction,0.0,0.0,14,2024-05-29
RECON003687,HDFC2026158071,2024-05-15,Matched,None,0.0,0.0,0,2024-05-15 00:00:00
RECON003688,HDFC2026513990,2024-05-15,Matched,None,0.0,0.0,0,2024-05-15 00:00:00
RECON003689,HDFC2026178687,2024-05-15,Matched,None,0.0,0.0,0,2024-05-15 00:00:00
RECON003690,HDFC2026699456,2024-05-15,Matched,None,0.0,0.0,0,2024-05-15 00:00:00
RECON003691,HDFC2026255073,2024-05-15,Duplicate,Duplicate Transaction,0.0,0.0,7,2024-05-22
RECON003692,HDFC2026967178,2024-05-15,Unmatched,Amount Mismatch,-3449.0,-2.2021312595373543,13,2024-05-28
RECON003693,HDFC2026509955,2024-05-15,Matched,None,0.0,0.0,0,2024-05-15 00:00:00
RECON003694,HDFC2026752440,2024-05-15,Matched,None,0.0,0.0,0,2024-05-15 00:00:00
RECON003695,HDFC2026754112,2024-05-15,Matched,None,0.0,0.0,0,2024-05-15 00:00:00
RECON003696,HDFC2026313446,2024-05-16,Matched,None,0.0,0.0,0,2024-05-16 00:00:00
RECON003697,HDFC2026556909,2024-05-16,Matched,None,0.0,0.0,0,2024-05-16 00:00:00
RECON003698,HDFC2026797557,2024-05-16,Unmatched,Amount Mismatch,-1629.0,-1.8457459464971615,7,2024-05-23
RECON003699,HDFC2026275974,2024-05-16,Matched,None,0.0,0.0,0,2024-05-16 00:00:00
RECON003700,HDFC2026827432,2024-05-16,Matched,None,0.0,0.0,0,2024-05-16 00:00:00
RECON003701,HDFC2026553139,2024-05-16,Matched,None,0.0,0.0,0,2024-05-16 00:00:00
RECON003702,HDFC2026222894,2024-05-16,Unmatched,Amount Mismatch,-1968.0,-1.6444537288489658,2,2024-05-18
RECON003703,HDFC2026861393,2024-05-16,Matched,None,0.0,0.0,0,2024-05-16 00:00:00
RECON003704,HDFC2026986345,2024-05-16,Unmatched,Missing Settlement,143237.0,100.0,7,2024-05-23
RECON003705,HDFC2026695130,2024-05-16,Matched,None,0.0,0.0,0,2024-05-16 00:00:00
RECON003706,HDFC2026893062,2024-05-16,Matched,None,0.0,0.0,0,2024-05-16 00:00:00
RECON003707,HDFC2026388115,2024-05-16,Duplicate,Duplicate Transaction,0.0,0.0,14,2024-05-30
RECON003708,HDFC2026459972,2024-05-16,Matched,None,0.0,0.0,0,2024-05-16 00:00:00
RECON003709,HDFC2026296114,2024-05-16,Matched,None,0.0,0.0,0,2024-05-16 00:00:00
RECON003710,HDFC2026846283,2024-05-16,Matched,None,0.0,0.0,0,2024-05-16 00:00:00
RECON003711,HDFC2026833243,2024-05-16,Matched,None,0.0,0.0,0,2024-05-16 00:00:00
RECON003712,HDFC2026200301,2024-05-16,Matched,None,0.0,0.0,0,2024-05-16 00:00:00
RECON003713,HDFC2026311400,2024-05-16,Matched,None,0.0,0.0,0,2024-05-16 00:00:00
RECON003714,HDFC2026489008,2024-05-16,Matched,None,0.0,0.0,0,2024-05-16 00:00:00
RECON003715,HDFC2026208559,2024-05-16,Matched,None,0.0,0.0,0,2024-05-16 00:00:00
RECON003716,HDFC2026784455,2024-05-16,Matched,None,0.0,0.0,0,2024-05-16 00:00:00
RECON003717,HDFC2026245397,2024-05-16,Matched,None,0.0,0.0,0,2024-05-16 00:00:00
RECON003718,HDFC2026594532,2024-05-16,Matched,None,0.0,0.0,0,2024-05-16 00:00:00
RECON003719,HDFC2026333770,2024-05-16,Matched,None,0.0,0.0,0,2024-05-16 00:00:00
RECON003720,HDFC2026206742,2024-05-16,Matched,None,0.0,0.0,0,2024-05-16 00:00:00
RECON003721,HDFC2026908971,2024-05-16,Duplicate,Duplicate Transaction,0.0,0.0,10,2024-05-26
RECON003722,HDFC2026854793,2024-05-16,Matched,None,0.0,0.0,0,2024-05-16 00:00:00
RECON003723,HDFC2026511352,2024-05-16,Matched,None,0.0,0.0,0,2024-05-16 00:00:00
RECON003724,HDFC2026111681,2024-05-16,Matched,None,0.0,0.0,0,2024-05-16 00:00:00
RECON003725,HDFC2026330405,2024-05-17,Matched,None,0.0,0.0,0,2024-05-17 00:00:00
RECON003726,HDFC2026490928,2024-05-17,Matched,None,0.0,0.0,0,2024-05-17 00:00:00
RECON003727,HDFC2026683384,2024-05-17,Matched,None,0.0,0.0,0,2024-05-17 00:00:00
RECON003728,HDFC2026479615,2024-05-17,Matched,None,0.0,0.0,0,2024-05-17 00:00:00
RECON003729,HDFC2026923076,2024-05-17,Matched,None,0.0,0.0,0,2024-05-17 00:00:00
RECON003730,HDFC2026873799,2024-05-17,Matched,None,0.0,0.0,0,2024-05-17 00:00:00
RECON003731,HDFC2026964754,2024-05-17,Unmatched,Missing Settlement,195578.0,100.0,8,2024-05-25
RECON003732,HDFC2026119527,2024-05-17,Matched,None,0.0,0.0,0,2024-05-17 00:00:00
RECON003733,HDFC2026852701,2024-05-17,Matched,None,0.0,0.0,0,2024-05-17 00:00:00
RECON003734,HDFC2026596771,2024-05-17,Matched,None,0.0,0.0,0,2024-05-17 00:00:00
RECON003735,HDFC2026673833,2024-05-17,Matched,None,0.0,0.0,0,2024-05-17 00:00:00
RECON003736,HDFC2026352009,2024-05-17,Matched,None,0.0,0.0,0,2024-05-17 00:00:00
RECON003737,HDFC2026357600,2024-05-17,Matched,None,0.0,0.0,0,2024-05-17 00:00:00
RECON003738,HDFC2026158252,2024-05-17,Matched,None,0.0,0.0,0,2024-05-17 00:00:00
RECON003739,HDFC2026220671,2024-05-17,Matched,None,0.0,0.0,0,2024-05-17 00:00:00
RECON003740,HDFC2026105842,2024-05-17,Matched,None,0.0,0.0,0,2024-05-17 00:00:00
RECON003741,HDFC2026828142,2024-05-17,Matched,None,0.0,0.0,0,2024-05-17 00:00:00
RECON003742,HDFC2026734907,2024-05-17,Matched,None,0.0,0.0,0,2024-05-17 00:00:00
RECON003743,HDFC2026394241,2024-05-17,Matched,None,0.0,0.0,0,2024-05-17 00:00:00
RECON003744,HDFC2026798621,2024-05-17,Matched,None,0.0,0.0,0,2024-05-17 00:00:00
RECON003745,HDFC2026286064,2024-05-17,Matched,None,0.0,0.0,0,2024-05-17 00:00:00
RECON003746,HDFC2026657854,2024-05-17,Matched,None,0.0,0.0,0,2024-05-17 00:00:00
RECON003747,HDFC2026504059,2024-05-17,Matched,None,0.0,0.0,0,2024-05-17 00:00:00
RECON003748,HDFC2026410127,2024-05-17,Matched,None,0.0,0.0,0,2024-05-17 00:00:00
RECON003749,HDFC2026383743,2024-05-17,Matched,None,0.0,0.0,0,2024-05-17 00:00:00
RECON003750,HDFC2026464033,2024-05-17,Matched,None,0.0,0.0,0,2024-05-17 00:00:00
RECON003751,HDFC2026759681,2024-05-17,Matched,None,0.0,0.0,0,2024-05-17 00:00:00
RECON003752,HDFC2026972146,2024-05-18,Matched,None,0.0,0.0,0,2024-05-18 00:00:00
RECON003753,HDFC2026218238,2024-05-18,Matched,None,0.0,0.0,0,2024-05-18 00:00:00
RECON003754,HDFC2026896183,2024-05-18,Unmatched,Amount Mismatch,1922.0,0.1279715772596771,9,2024-05-27
RECON003755,HDFC2026183026,2024-05-18,Matched,None,0.0,0.0,0,2024-05-18 00:00:00
RECON003756,HDFC2026826836,2024-05-18,Matched,None,0.0,0.0,0,2024-05-18 00:00:00
RECON003757,HDFC2026892321,2024-05-18,Unmatched,Missing Settlement,206863.0,100.0,14,2024-06-01
RECON003758,HDFC2026112314,2024-05-18,Matched,None,0.0,0.0,0,2024-05-18 00:00:00
RECON003759,HDFC2026157349,2024-05-18,Matched,None,0.0,0.0,0,2024-05-18 00:00:00
RECON003760,HDFC2026955123,2024-05-18,Unmatched,Amount Mismatch,4862.0,4.7580368938689634,11,2024-05-29
RECON003761,HDFC2026108999,2024-05-18,Matched,None,0.0,0.0,0,2024-05-18 00:00:00
RECON003762,HDFC2026958045,2024-05-18,Matched,None,0.0,0.0,0,2024-05-18 00:00:00
RECON003763,HDFC2026289947,2024-05-18,Unmatched,Missing Settlement,165581.0,100.0,8,2024-05-26
RECON003764,HDFC2026588034,2024-05-18,Matched,None,0.0,0.0,0,2024-05-18 00:00:00
RECON003765,HDFC2026122822,2024-05-18,Matched,None,0.0,0.0,0,2024-05-18 00:00:00
RECON003766,HDFC2026924850,2024-05-18,Unmatched,Amount Mismatch,-3979.0,-0.3767624938097894,7,2024-05-25
RECON003767,HDFC2026429349,2024-05-18,Matched,None,0.0,0.0,0,2024-05-18 00:00:00
RECON003768,HDFC2026147481,2024-05-18,Unmatched,Missing Settlement,116921.0,100.0,6,2024-05-24
RECON003769,HDFC2026214686,2024-05-18,Matched,None,0.0,0.0,0,2024-05-18 00:00:00
RECON003770,HDFC2026111244,2024-05-18,Matched,None,0.0,0.0,0,2024-05-18 00:00:00
RECON003771,HDFC2026256081,2024-05-18,Matched,None,0.0,0.0,0,2024-05-18 00:00:00
RECON003772,HDFC2026986768,2024-05-18,Matched,None,0.0,0.0,0,2024-05-18 00:00:00
RECON003773,HDFC2026409290,2024-05-18,Matched,None,0.0,0.0,0,2024-05-18 00:00:00
RECON003774,HDFC2026810109,2024-05-18,Matched,None,0.0,0.0,0,2024-05-18 00:00:00
RECON003775,HDFC2026867911,2024-05-18,Matched,None,0.0,0.0,0,2024-05-18 00:00:00
RECON003776,HDFC2026845380,2024-05-18,Matched,None,0.0,0.0,0,2024-05-18 00:00:00
RECON003777,HDFC2026635441,2024-05-18,Matched,None,0.0,0.0,0,2024-05-18 00:00:00
RECON003778,HDFC2026791808,2024-05-18,Matched,None,0.0,0.0,0,2024-05-18 00:00:00
RECON003779,HDFC2026888595,2024-05-18,Matched,None,0.0,0.0,0,2024-05-18 00:00:00
RECON003780,HDFC2026427606,2024-05-18,Matched,None,0.0,0.0,0,2024-05-18 00:00:00
RECON003781,HDFC2026451238,2024-05-18,Matched,None,0.0,0.0,0,2024-05-18 00:00:00
RECON003782,HDFC2026930586,2024-05-19,Duplicate,Duplicate Transaction,0.0,0.0,9,2024-05-28
RECON003783,HDFC2026649843,2024-05-19,Matched,None,0.0,0.0,0,2024-05-19 00:00:00
RECON003784,HDFC2026165469,2024-05-19,Matched,None,0.0,0.0,0,2024-05-19 00:00:00
RECON003785,HDFC2026142420,2024-05-19,Matched,None,0.0,0.0,0,2024-05-19 00:00:00
RECON003786,HDFC2026734644,2024-05-19,Matched,None,0.0,0.0,0,2024-05-19 00:00:00
RECON003787,HDFC2026136194,2024-05-19,Matched,None,0.0,0.0,0,2024-05-19 00:00:00
RECON003788,HDFC2026448461,2024-05-19,Matched,None,0.0,0.0,0,2024-05-19 00:00:00
RECON003789,HDFC2026174242,2024-05-19,Matched,None,0.0,0.0,0,2024-05-19 00:00:00
RECON003790,HDFC2026736249,2024-05-19,Unmatched,Missing Settlement,233992.0,100.0,7,2024-05-26
RECON003791,HDFC2026695006,2024-05-19,Matched,None,0.0,0.0,0,2024-05-19 00:00:00
RECON003792,HDFC2026815263,2024-05-19,Matched,None,0.0,0.0,0,2024-05-19 00:00:00
RECON003793,HDFC2026345986,2024-05-19,Matched,None,0.0,0.0,0,2024-05-19 00:00:00
RECON003794,HDFC2026835930,2024-05-19,Matched,None,0.0,0.0,0,2024-05-19 00:00:00
RECON003795,HDFC2026753789,2024-05-19,Matched,None,0.0,0.0,0,2024-05-19 00:00:00
RECON003796,HDFC2026853270,2024-05-19,Matched,None,0.0,0.0,0,2024-05-19 00:00:00
RECON003797,HDFC2026849252,2024-05-19,Matched,None,0.0,0.0,0,2024-05-19 00:00:00
RECON003798,HDFC2026397914,2024-05-19,Matched,None,0.0,0.0,0,2024-05-19 00:00:00
RECON003799,HDFC2026182121,2024-05-19,Matched,None,0.0,0.0,0,2024-05-19 00:00:00
RECON003800,HDFC2026431725,2024-05-19,Duplicate,Duplicate Transaction,0.0,0.0,5,2024-05-24
RECON003801,HDFC2026814901,2024-05-19,Matched,None,0.0,0.0,0,2024-05-19 00:00:00
RECON003802,HDFC2026254164,2024-05-19,Matched,None,0.0,0.0,0,2024-05-19 00:00:00
RECON003803,HDFC2026411325,2024-05-19,Matched,None,0.0,0.0,0,2024-05-19 00:00:00
RECON003804,HDFC2026749704,2024-05-19,Matched,None,0.0,0.0,0,2024-05-19 00:00:00
RECON003805,HDFC2026829837,2024-05-19,Unmatched,Amount Mismatch,-3899.0,-0.9339436663576676,8,2024-05-27
RECON003806,HDFC2026474882,2024-05-19,Matched,None,0.0,0.0,0,2024-05-19 00:00:00
RECON003807,HDFC2026661140,2024-05-19,Matched,None,0.0,0.0,0,2024-05-19 00:00:00
RECON003808,HDFC2026426137,2024-05-19,Matched,None,0.0,0.0,0,2024-05-19 00:00:00
RECON003809,HDFC2026712451,2024-05-19,Matched,None,0.0,0.0,0,2024-05-19 00:00:00
RECON003810,HDFC2026473263,2024-05-19,Matched,None,0.0,0.0,0,2024-05-19 00:00:00
RECON003811,HDFC2026981537,2024-05-19,Matched,None,0.0,0.0,0,2024-05-19 00:00:00
RECON003812,HDFC2026261987,2024-05-20,Matched,None,0.0,0.0,0,2024-05-20 00:00:00
RECON003813,HDFC2026352232,2024-05-20,Matched,None,0.0,0.0,0,2024-05-20 00:00:00
RECON003814,HDFC2026252839,2024-05-20,Matched,None,0.0,0.0,0,2024-05-20 00:00:00
RECON003815,HDFC2026572371,2024-05-20,Matched,None,0.0,0.0,0,2024-05-20 00:00:00
RECON003816,HDFC2026959945,2024-05-20,Matched,None,0.0,0.0,0,2024-05-20 00:00:00
RECON003817,HDFC2026635354,2024-05-20,Matched,None,0.0,0.0,0,2024-05-20 00:00:00
RECON003818,HDFC2026212978,2024-05-20,Matched,None,0.0,0.0,0,2024-05-20 00:00:00
RECON003819,HDFC2026690978,2024-05-20,Unmatched,Amount Mismatch,3344.0,2.6816574310940746,1,2024-05-21
RECON003820,HDFC2026751339,2024-05-20,Matched,None,0.0,0.0,0,2024-05-20 00:00:00
RECON003821,HDFC2026728258,2024-05-20,Matched,None,0.0,0.0,0,2024-05-20 00:00:00
RECON003822,HDFC2026566679,2024-05-20,Unmatched,Amount Mismatch,4082.0,3.800744878957169,3,2024-05-23
RECON003823,HDFC2026170326,2024-05-20,Matched,None,0.0,0.0,0,2024-05-20 00:00:00
RECON003824,HDFC2026536761,2024-05-20,Matched,None,0.0,0.0,0,2024-05-20 00:00:00
RECON003825,HDFC2026799713,2024-05-20,Duplicate,Duplicate Transaction,0.0,0.0,14,2024-06-03
RECON003826,HDFC2026324747,2024-05-20,Duplicate,Duplicate Transaction,0.0,0.0,9,2024-05-29
RECON003827,HDFC2026617375,2024-05-20,Matched,None,0.0,0.0,0,2024-05-20 00:00:00
RECON003828,HDFC2026782449,2024-05-20,Matched,None,0.0,0.0,0,2024-05-20 00:00:00
RECON003829,HDFC2026649623,2024-05-20,Matched,None,0.0,0.0,0,2024-05-20 00:00:00
RECON003830,HDFC2026434035,2024-05-20,Matched,None,0.0,0.0,0,2024-05-20 00:00:00
RECON003831,HDFC2026153779,2024-05-20,Matched,None,0.0,0.0,0,2024-05-20 00:00:00
RECON003832,HDFC2026399131,2024-05-20,Matched,None,0.0,0.0,0,2024-05-20 00:00:00
RECON003833,HDFC2026854315,2024-05-20,Duplicate,Duplicate Transaction,0.0,0.0,13,2024-06-02
RECON003834,HDFC2026736506,2024-05-20,Matched,None,0.0,0.0,0,2024-05-20 00:00:00
RECON003835,HDFC2026138903,2024-05-20,Matched,None,0.0,0.0,0,2024-05-20 00:00:00
RECON003836,HDFC2026415098,2024-05-20,Matched,None,0.0,0.0,0,2024-05-20 00:00:00
RECON003837,HDFC2026641671,2024-05-20,Matched,None,0.0,0.0,0,2024-05-20 00:00:00
RECON003838,HDFC2026647893,2024-05-20,Unmatched,Amount Mismatch,-3818.0,-1.8755956416226998,3,2024-05-23
RECON003839,HDFC2026515981,2024-05-21,Matched,None,0.0,0.0,0,2024-05-21 00:00:00
RECON003840,HDFC2026975078,2024-05-21,Matched,None,0.0,0.0,0,2024-05-21 00:00:00
RECON003841,HDFC2026646361,2024-05-21,Matched,None,0.0,0.0,0,2024-05-21 00:00:00
RECON003842,HDFC2026127612,2024-05-21,Matched,None,0.0,0.0,0,2024-05-21 00:00:00
RECON003843,HDFC2026715473,2024-05-21,Matched,None,0.0,0.0,0,2024-05-21 00:00:00
RECON003844,HDFC2026502457,2024-05-21,Matched,None,0.0,0.0,0,2024-05-21 00:00:00
RECON003845,HDFC2026182200,2024-05-21,Matched,None,0.0,0.0,0,2024-05-21 00:00:00
RECON003846,HDFC2026278242,2024-05-21,Unmatched,Amount Mismatch,-4620.0,-0.22627426203734993,9,2024-05-30
RECON003847,HDFC2026872338,2024-05-21,Matched,None,0.0,0.0,0,2024-05-21 00:00:00
RECON003848,HDFC2026343900,2024-05-21,Matched,None,0.0,0.0,0,2024-05-21 00:00:00
RECON003849,HDFC2026983241,2024-05-21,Matched,None,0.0,0.0,0,2024-05-21 00:00:00
RECON003850,HDFC2026456918,2024-05-21,Matched,None,0.0,0.0,0,2024-05-21 00:00:00
RECON003851,HDFC2026919812,2024-05-21,Matched,None,0.0,0.0,0,2024-05-21 00:00:00
RECON003852,HDFC2026289050,2024-05-21,Matched,None,0.0,0.0,0,2024-05-21 00:00:00
RECON003853,HDFC2026286905,2024-05-21,Unmatched,Missing Settlement,881461.0,100.0,8,2024-05-29
RECON003854,HDFC2026603186,2024-05-21,Matched,None,0.0,0.0,0,2024-05-21 00:00:00
RECON003855,HDFC2026225923,2024-05-21,Duplicate,Duplicate Transaction,0.0,0.0,12,2024-06-02
RECON003856,HDFC2026925811,2024-05-21,Matched,None,0.0,0.0,0,2024-05-21 00:00:00
RECON003857,HDFC2026484657,2024-05-21,Duplicate,Duplicate Transaction,0.0,0.0,10,2024-05-31
RECON003858,HDFC2026162165,2024-05-21,Unmatched,Amount Mismatch,879.0,1.2308338584331022,3,2024-05-24
RECON003859,HDFC2026617162,2024-05-21,Matched,None,0.0,0.0,0,2024-05-21 00:00:00
RECON003860,HDFC2026508800,2024-05-21,Matched,None,0.0,0.0,0,2024-05-21 00:00:00
RECON003861,HDFC2026906448,2024-05-21,Matched,None,0.0,0.0,0,2024-05-21 00:00:00
RECON003862,HDFC2026464354,2024-05-21,Matched,None,0.0,0.0,0,2024-05-21 00:00:00
RECON003863,HDFC2026919234,2024-05-22,Matched,None,0.0,0.0,0,2024-05-22 00:00:00
RECON003864,HDFC2026934987,2024-05-22,Matched,None,0.0,0.0,0,2024-05-22 00:00:00
RECON003865,HDFC2026603856,2024-05-22,Matched,None,0.0,0.0,0,2024-05-22 00:00:00
RECON003866,HDFC2026272585,2024-05-22,Unmatched,Amount Mismatch,2143.0,0.6229560616851499,9,2024-05-31
RECON003867,HDFC2026370273,2024-05-22,Matched,None,0.0,0.0,0,2024-05-22 00:00:00
RECON003868,HDFC2026146557,2024-05-22,Unmatched,FX Rate Discrepancy,0.0,1.46,10,2024-06-01
RECON003869,HDFC2026348697,2024-05-22,Unmatched,Amount Mismatch,-1519.0,-0.8074547368197235,3,2024-05-25
RECON003870,HDFC2026157430,2024-05-22,Matched,None,0.0,0.0,0,2024-05-22 00:00:00
RECON003871,HDFC2026387193,2024-05-22,Unmatched,Missing Settlement,285835.0,100.0,9,2024-05-31
RECON003872,HDFC2026245129,2024-05-22,Matched,None,0.0,0.0,0,2024-05-22 00:00:00
RECON003873,HDFC2026255756,2024-05-22,Matched,None,0.0,0.0,0,2024-05-22 00:00:00
RECON003874,HDFC2026138611,2024-05-22,Matched,None,0.0,0.0,0,2024-05-22 00:00:00
RECON003875,HDFC2026222233,2024-05-22,Matched,None,0.0,0.0,0,2024-05-22 00:00:00
RECON003876,HDFC2026871660,2024-05-22,Matched,None,0.0,0.0,0,2024-05-22 00:00:00
RECON003877,HDFC2026281991,2024-05-22,Matched,None,0.0,0.0,0,2024-05-22 00:00:00
RECON003878,HDFC2026406733,2024-05-22,Matched,None,0.0,0.0,0,2024-05-22 00:00:00
RECON003879,HDFC2026485935,2024-05-22,Matched,None,0.0,0.0,0,2024-05-22 00:00:00
RECON003880,HDFC2026882991,2024-05-22,Matched,None,0.0,0.0,0,2024-05-22 00:00:00
RECON003881,HDFC2026764795,2024-05-22,Matched,None,0.0,0.0,0,2024-05-22 00:00:00
RECON003882,HDFC2026142399,2024-05-22,Matched,None,0.0,0.0,0,2024-05-22 00:00:00
RECON003883,HDFC2026458635,2024-05-22,Matched,None,0.0,0.0,0,2024-05-22 00:00:00
RECON003884,HDFC2026764261,2024-05-22,Matched,None,0.0,0.0,0,2024-05-22 00:00:00
RECON003885,HDFC2026873451,2024-05-22,Matched,None,0.0,0.0,0,2024-05-22 00:00:00
RECON003886,HDFC2026542885,2024-05-22,Matched,None,0.0,0.0,0,2024-05-22 00:00:00
RECON003887,HDFC2026543089,2024-05-22,Unmatched,Missing Settlement,611731.0,100.0,15,2024-06-06
RECON003888,HDFC2026610594,2024-05-22,Matched,None,0.0,0.0,0,2024-05-22 00:00:00
RECON003889,HDFC2026192265,2024-05-22,Unmatched,Missing Settlement,178616.0,100.0,10,2024-06-01
RECON003890,HDFC2026162621,2024-05-22,Matched,None,0.0,0.0,0,2024-05-22 00:00:00
RECON003891,HDFC2026239177,2024-05-22,Matched,None,0.0,0.0,0,2024-05-22 00:00:00
RECON003892,HDFC2026798806,2024-05-22,Matched,None,0.0,0.0,0,2024-05-22 00:00:00
RECON003893,HDFC2026498591,2024-05-22,Matched,None,0.0,0.0,0,2024-05-22 00:00:00
RECON003894,HDFC2026179796,2024-05-23,Matched,None,0.0,0.0,0,2024-05-23 00:00:00
RECON003895,HDFC2026659284,2024-05-23,Matched,None,0.0,0.0,0,2024-05-23 00:00:00
RECON003896,HDFC2026569488,2024-05-23,Matched,None,0.0,0.0,0,2024-05-23 00:00:00
RECON003897,HDFC2026103471,2024-05-23,Matched,None,0.0,0.0,0,2024-05-23 00:00:00
RECON003898,HDFC2026971391,2024-05-23,Matched,None,0.0,0.0,0,2024-05-23 00:00:00
RECON003899,HDFC2026696724,2024-05-23,Unmatched,Amount Mismatch,2422.0,4.274771435631332,14,2024-06-06
RECON003900,HDFC2026593955,2024-05-23,Matched,None,0.0,0.0,0,2024-05-23 00:00:00
RECON003901,HDFC2026156046,2024-05-23,Unmatched,FX Rate Discrepancy,0.0,1.81,8,2024-05-31
RECON003902,HDFC2026960922,2024-05-23,Matched,None,0.0,0.0,0,2024-05-23 00:00:00
RECON003903,HDFC2026226120,2024-05-23,Matched,None,0.0,0.0,0,2024-05-23 00:00:00
RECON003904,HDFC2026788579,2024-05-23,Matched,None,0.0,0.0,0,2024-05-23 00:00:00
RECON003905,HDFC2026128778,2024-05-23,Matched,None,0.0,0.0,0,2024-05-23 00:00:00
RECON003906,HDFC2026636900,2024-05-23,Matched,None,0.0,0.0,0,2024-05-23 00:00:00
RECON003907,HDFC2026108414,2024-05-23,Matched,None,0.0,0.0,0,2024-05-23 00:00:00
RECON003908,HDFC2026838236,2024-05-23,Matched,None,0.0,0.0,0,2024-05-23 00:00:00
RECON003909,HDFC2026579235,2024-05-23,Unmatched,Amount Mismatch,-2808.0,-0.19556946024082625,12,2024-06-04
RECON003910,HDFC2026426053,2024-05-23,Matched,None,0.0,0.0,0,2024-05-23 00:00:00
RECON003911,HDFC2026512370,2024-05-23,Matched,None,0.0,0.0,0,2024-05-23 00:00:00
RECON003912,HDFC2026681896,2024-05-23,Unmatched,Missing Settlement,537224.0,100.0,10,2024-06-02
RECON003913,HDFC2026612001,2024-05-23,Unmatched,Missing Settlement,78213.0,100.0,11,2024-06-03
RECON003914,HDFC2026130726,2024-05-23,Duplicate,Duplicate Transaction,0.0,0.0,2,2024-05-25
RECON003915,HDFC2026278741,2024-05-23,Matched,None,0.0,0.0,0,2024-05-23 00:00:00
RECON003916,HDFC2026186777,2024-05-23,Matched,None,0.0,0.0,0,2024-05-23 00:00:00
RECON003917,HDFC2026283888,2024-05-23,Matched,None,0.0,0.0,0,2024-05-23 00:00:00
RECON003918,HDFC2026262261,2024-05-23,Matched,None,0.0,0.0,0,2024-05-23 00:00:00
RECON003919,HDFC2026748415,2024-05-24,Matched,None,0.0,0.0,0,2024-05-24 00:00:00
RECON003920,HDFC2026661708,2024-05-24,Duplicate,Duplicate Transaction,0.0,0.0,10,2024-06-03
RECON003921,HDFC2026774885,2024-05-24,Matched,None,0.0,0.0,0,2024-05-24 00:00:00
RECON003922,HDFC2026795093,2024-05-24,Duplicate,Duplicate Transaction,0.0,0.0,10,2024-06-03
RECON003923,HDFC2026297540,2024-05-24,Matched,None,0.0,0.0,0,2024-05-24 00:00:00
RECON003924,HDFC2026247999,2024-05-24,Matched,None,0.0,0.0,0,2024-05-24 00:00:00
RECON003925,HDFC2026896087,2024-05-24,Matched,None,0.0,0.0,0,2024-05-24 00:00:00
RECON003926,HDFC2026187327,2024-05-24,Matched,None,0.0,0.0,0,2024-05-24 00:00:00
RECON003927,HDFC2026156810,2024-05-24,Matched,None,0.0,0.0,0,2024-05-24 00:00:00
RECON003928,HDFC2026999221,2024-05-24,Matched,None,0.0,0.0,0,2024-05-24 00:00:00
RECON003929,HDFC2026776081,2024-05-24,Unmatched,Amount Mismatch,4997.0,1.6934505452795532,14,2024-06-07
RECON003930,HDFC2026648104,2024-05-24,Matched,None,0.0,0.0,0,2024-05-24 00:00:00
RECON003931,HDFC2026110928,2024-05-24,Matched,None,0.0,0.0,0,2024-05-24 00:00:00
RECON003932,HDFC2026979721,2024-05-24,Matched,None,0.0,0.0,0,2024-05-24 00:00:00
RECON003933,HDFC2026823535,2024-05-24,Matched,None,0.0,0.0,0,2024-05-24 00:00:00
RECON003934,HDFC2026693853,2024-05-24,Matched,None,0.0,0.0,0,2024-05-24 00:00:00
RECON003935,HDFC2026139354,2024-05-24,Matched,None,0.0,0.0,0,2024-05-24 00:00:00
RECON003936,HDFC2026937071,2024-05-24,Matched,None,0.0,0.0,0,2024-05-24 00:00:00
RECON003937,HDFC2026657322,2024-05-24,Matched,None,0.0,0.0,0,2024-05-24 00:00:00
RECON003938,HDFC2026820370,2024-05-24,Matched,None,0.0,0.0,0,2024-05-24 00:00:00
RECON003939,HDFC2026215027,2024-05-24,Matched,None,0.0,0.0,0,2024-05-24 00:00:00
RECON003940,HDFC2026653485,2024-05-24,Unmatched,FX Rate Discrepancy,0.0,-1.38,11,2024-06-04
RECON003941,HDFC2026668264,2024-05-24,Matched,None,0.0,0.0,0,2024-05-24 00:00:00
RECON003942,HDFC2026406053,2024-05-24,Matched,None,0.0,0.0,0,2024-05-24 00:00:00
RECON003943,HDFC2026584106,2024-05-24,Matched,None,0.0,0.0,0,2024-05-24 00:00:00
RECON003944,HDFC2026621317,2024-05-24,Matched,None,0.0,0.0,0,2024-05-24 00:00:00
RECON003945,HDFC2026764909,2024-05-25,Matched,None,0.0,0.0,0,2024-05-25 00:00:00
RECON003946,HDFC2026611187,2024-05-25,Matched,None,0.0,0.0,0,2024-05-25 00:00:00
RECON003947,HDFC2026127417,2024-05-25,Unmatched,Missing Settlement,83146.0,100.0,11,2024-06-05
RECON003948,HDFC2026347011,2024-05-25,Matched,None,0.0,0.0,0,2024-05-25 00:00:00
RECON003949,HDFC2026584657,2024-05-25,Matched,None,0.0,0.0,0,2024-05-25 00:00:00
RECON003950,HDFC2026454046,2024-05-25,Matched,None,0.0,0.0,0,2024-05-25 00:00:00
RECON003951,HDFC2026918213,2024-05-25,Matched,None,0.0,0.0,0,2024-05-25 00:00:00
RECON003952,HDFC2026426797,2024-05-25,Matched,None,0.0,0.0,0,2024-05-25 00:00:00
RECON003953,HDFC2026463179,2024-05-25,Matched,None,0.0,0.0,0,2024-05-25 00:00:00
RECON003954,HDFC2026387918,2024-05-25,Unmatched,Missing Settlement,50000.0,100.0,7,2024-06-01
RECON003955,HDFC2026308995,2024-05-25,Matched,None,0.0,0.0,0,2024-05-25 00:00:00
RECON003956,HDFC2026882310,2024-05-25,Matched,None,0.0,0.0,0,2024-05-25 00:00:00
RECON003957,HDFC2026251666,2024-05-25,Duplicate,Duplicate Transaction,0.0,0.0,6,2024-05-31
RECON003958,HDFC2026145851,2024-05-25,Matched,None,0.0,0.0,0,2024-05-25 00:00:00
RECON003959,HDFC2026566929,2024-05-25,Matched,None,0.0,0.0,0,2024-05-25 00:00:00
RECON003960,HDFC2026524110,2024-05-25,Duplicate,Duplicate Transaction,0.0,0.0,12,2024-06-06
RECON003961,HDFC2026578641,2024-05-25,Matched,None,0.0,0.0,0,2024-05-25 00:00:00
RECON003962,HDFC2026388118,2024-05-25,Matched,None,0.0,0.0,0,2024-05-25 00:00:00
RECON003963,HDFC2026844657,2024-05-25,Unmatched,Amount Mismatch,-91.0,-0.022927574061103243,15,2024-06-09
RECON003964,HDFC2026376705,2024-05-25,Matched,None,0.0,0.0,0,2024-05-25 00:00:00
RECON003965,HDFC2026144791,2024-05-25,Matched,None,0.0,0.0,0,2024-05-25 00:00:00
RECON003966,HDFC2026600395,2024-05-25,Matched,None,0.0,0.0,0,2024-05-25 00:00:00
RECON003967,HDFC2026812271,2024-05-25,Matched,None,0.0,0.0,0,2024-05-25 00:00:00
RECON003968,HDFC2026439040,2024-05-25,Matched,None,0.0,0.0,0,2024-05-25 00:00:00
RECON003969,HDFC2026946761,2024-05-25,Matched,None,0.0,0.0,0,2024-05-25 00:00:00
RECON003970,HDFC2026812605,2024-05-25,Matched,None,0.0,0.0,0,2024-05-25 00:00:00
RECON003971,HDFC2026205792,2024-05-25,Matched,None,0.0,0.0,0,2024-05-25 00:00:00
RECON003972,HDFC2026393050,2024-05-25,Matched,None,0.0,0.0,0,2024-05-25 00:00:00
RECON003973,HDFC2026671232,2024-05-25,Matched,None,0.0,0.0,0,2024-05-25 00:00:00
RECON003974,HDFC2026132261,2024-05-25,Matched,None,0.0,0.0,0,2024-05-25 00:00:00
RECON003975,HDFC2026120390,2024-05-25,Unmatched,FX Rate Discrepancy,0.0,1.13,4,2024-05-29
RECON003976,HDFC2026754933,2024-05-25,Matched,None,0.0,0.0,0,2024-05-25 00:00:00
RECON003977,HDFC2026849101,2024-05-25,Unmatched,Amount Mismatch,3770.0,7.119924457034939,6,2024-05-31
RECON003978,HDFC2026725290,2024-05-26,Matched,None,0.0,0.0,0,2024-05-26 00:00:00
RECON003979,HDFC2026227746,2024-05-26,Matched,None,0.0,0.0,0,2024-05-26 00:00:00
RECON003980,HDFC2026233331,2024-05-26,Matched,None,0.0,0.0,0,2024-05-26 00:00:00
RECON003981,HDFC2026532632,2024-05-26,Matched,None,0.0,0.0,0,2024-05-26 00:00:00
RECON003982,HDFC2026883747,2024-05-26,Matched,None,0.0,0.0,0,2024-05-26 00:00:00
RECON003983,HDFC2026973294,2024-05-26,Matched,None,0.0,0.0,0,2024-05-26 00:00:00
RECON003984,HDFC2026196636,2024-05-26,Matched,None,0.0,0.0,0,2024-05-26 00:00:00
RECON003985,HDFC2026964578,2024-05-26,Matched,None,0.0,0.0,0,2024-05-26 00:00:00
RECON003986,HDFC2026880339,2024-05-26,Matched,None,0.0,0.0,0,2024-05-26 00:00:00
RECON003987,HDFC2026123802,2024-05-26,Matched,None,0.0,0.0,0,2024-05-26 00:00:00
RECON003988,HDFC2026543351,2024-05-26,Matched,None,0.0,0.0,0,2024-05-26 00:00:00
RECON003989,HDFC2026559437,2024-05-26,Matched,None,0.0,0.0,0,2024-05-26 00:00:00
RECON003990,HDFC2026407392,2024-05-26,Matched,None,0.0,0.0,0,2024-05-26 00:00:00
RECON003991,HDFC2026117213,2024-05-26,Matched,None,0.0,0.0,0,2024-05-26 00:00:00
RECON003992,HDFC2026837038,2024-05-26,Matched,None,0.0,0.0,0,2024-05-26 00:00:00
RECON003993,HDFC2026923914,2024-05-26,Duplicate,Duplicate Transaction,0.0,0.0,14,2024-06-09
RECON003994,HDFC2026174790,2024-05-26,Matched,None,0.0,0.0,0,2024-05-26 00:00:00
RECON003995,HDFC2026228492,2024-05-26,Matched,None,0.0,0.0,0,2024-05-26 00:00:00
RECON003996,HDFC2026435948,2024-05-26,Matched,None,0.0,0.0,0,2024-05-26 00:00:00
RECON003997,HDFC2026967183,2024-05-26,Matched,None,0.0,0.0,0,2024-05-26 00:00:00
RECON003998,HDFC2026616358,2024-05-26,Matched,None,0.0,0.0,0,2024-05-26 00:00:00
RECON003999,HDFC2026937228,2024-05-26,Matched,None,0.0,0.0,0,2024-05-26 00:00:00
RECON004000,HDFC2026234822,2024-05-26,Unmatched,Amount Mismatch,3083.0,3.151062959934587,7,2024-06-02
RECON004001,HDFC2026776887,2024-05-26,Matched,None,0.0,0.0,0,2024-05-26 00:00:00
RECON004002,HDFC2026743473,2024-05-26,Matched,None,0.0,0.0,0,2024-05-26 00:00:00
RECON004003,HDFC2026419348,2024-05-26,Unmatched,Missing Settlement,551365.0,100.0,5,2024-05-31
RECON004004,HDFC2026885837,2024-05-26,Matched,None,0.0,0.0,0,2024-05-26 00:00:00
RECON004005,HDFC2026322274,2024-05-26,Unmatched,Amount Mismatch,-3750.0,-1.4749378559516693,2,2024-05-28
RECON004006,HDFC2026106347,2024-05-26,Unmatched,Missing Settlement,359563.0,100.0,5,2024-05-31
RECON004007,HDFC2026864605,2024-05-26,Matched,None,0.0,0.0,0,2024-05-26 00:00:00
RECON004008,HDFC2026623380,2024-05-26,Matched,None,0.0,0.0,0,2024-05-26 00:00:00
RECON004009,HDFC2026722420,2024-05-26,Matched,None,0.0,0.0,0,2024-05-26 00:00:00
RECON004010,HDFC2026998294,2024-05-26,Unmatched,FX Rate Discrepancy,0.0,0.1,1,2024-05-27
RECON004011,HDFC2026982237,2024-05-27,Duplicate,Duplicate Transaction,0.0,0.0,15,2024-06-11
RECON004012,HDFC2026726250,2024-05-27,Matched,None,0.0,0.0,0,2024-05-27 00:00:00
RECON004013,HDFC2026586172,2024-05-27,Duplicate,Duplicate Transaction,0.0,0.0,2,2024-05-29
RECON004014,HDFC2026507191,2024-05-27,Matched,None,0.0,0.0,0,2024-05-27 00:00:00
RECON004015,HDFC2026450016,2024-05-27,Matched,None,0.0,0.0,0,2024-05-27 00:00:00
RECON004016,HDFC2026202345,2024-05-27,Matched,None,0.0,0.0,0,2024-05-27 00:00:00
RECON004017,HDFC2026592002,2024-05-27,Matched,None,0.0,0.0,0,2024-05-27 00:00:00
RECON004018,HDFC2026905290,2024-05-27,Matched,None,0.0,0.0,0,2024-05-27 00:00:00
RECON004019,HDFC2026779525,2024-05-27,Matched,None,0.0,0.0,0,2024-05-27 00:00:00
RECON004020,HDFC2026217062,2024-05-27,Matched,None,0.0,0.0,0,2024-05-27 00:00:00
RECON004021,HDFC2026411212,2024-05-27,Matched,None,0.0,0.0,0,2024-05-27 00:00:00
RECON004022,HDFC2026895420,2024-05-27,Matched,None,0.0,0.0,0,2024-05-27 00:00:00
RECON004023,HDFC2026382936,2024-05-27,Matched,None,0.0,0.0,0,2024-05-27 00:00:00
RECON004024,HDFC2026956820,2024-05-27,Matched,None,0.0,0.0,0,2024-05-27 00:00:00
RECON004025,HDFC2026978326,2024-05-27,Duplicate,Duplicate Transaction,0.0,0.0,7,2024-06-03
RECON004026,HDFC2026718989,2024-05-27,Duplicate,Duplicate Transaction,0.0,0.0,1,2024-05-28
RECON004027,HDFC2026168263,2024-05-27,Unmatched,FX Rate Discrepancy,0.0,-0.1,9,2024-06-05
RECON004028,HDFC2026718254,2024-05-27,Matched,None,0.0,0.0,0,2024-05-27 00:00:00
RECON004029,HDFC2026187563,2024-05-27,Matched,None,0.0,0.0,0,2024-05-27 00:00:00
RECON004030,HDFC2026507382,2024-05-27,Matched,None,0.0,0.0,0,2024-05-27 00:00:00
RECON004031,HDFC2026165035,2024-05-27,Matched,None,0.0,0.0,0,2024-05-27 00:00:00
RECON004032,HDFC2026766910,2024-05-27,Matched,None,0.0,0.0,0,2024-05-27 00:00:00
RECON004033,HDFC2026951375,2024-05-27,Matched,None,0.0,0.0,0,2024-05-27 00:00:00
RECON004034,HDFC2026823120,2024-05-28,Matched,None,0.0,0.0,0,2024-05-28 00:00:00
RECON004035,HDFC2026176666,2024-05-28,Matched,None,0.0,0.0,0,2024-05-28 00:00:00
RECON004036,HDFC2026444914,2024-05-28,Matched,None,0.0,0.0,0,2024-05-28 00:00:00
RECON004037,HDFC2026743911,2024-05-28,Matched,None,0.0,0.0,0,2024-05-28 00:00:00
RECON004038,HDFC2026300260,2024-05-28,Matched,None,0.0,0.0,0,2024-05-28 00:00:00
RECON004039,HDFC2026830872,2024-05-28,Matched,None,0.0,0.0,0,2024-05-28 00:00:00
RECON004040,HDFC2026219234,2024-05-28,Matched,None,0.0,0.0,0,2024-05-28 00:00:00
RECON004041,HDFC2026783238,2024-05-28,Matched,None,0.0,0.0,0,2024-05-28 00:00:00
RECON004042,HDFC2026343379,2024-05-28,Matched,None,0.0,0.0,0,2024-05-28 00:00:00
RECON004043,HDFC2026462421,2024-05-28,Matched,None,0.0,0.0,0,2024-05-28 00:00:00
RECON004044,HDFC2026683651,2024-05-28,Matched,None,0.0,0.0,0,2024-05-28 00:00:00
RECON004045,HDFC2026800144,2024-05-28,Matched,None,0.0,0.0,0,2024-05-28 00:00:00
RECON004046,HDFC2026562225,2024-05-28,Matched,None,0.0,0.0,0,2024-05-28 00:00:00
RECON004047,HDFC2026344896,2024-05-28,Matched,None,0.0,0.0,0,2024-05-28 00:00:00
RECON004048,HDFC2026635999,2024-05-28,Matched,None,0.0,0.0,0,2024-05-28 00:00:00
RECON004049,HDFC2026113748,2024-05-28,Matched,None,0.0,0.0,0,2024-05-28 00:00:00
RECON004050,HDFC2026400700,2024-05-28,Matched,None,0.0,0.0,0,2024-05-28 00:00:00
RECON004051,HDFC2026807931,2024-05-28,Duplicate,Duplicate Transaction,0.0,0.0,3,2024-05-31
RECON004052,HDFC2026412939,2024-05-28,Matched,None,0.0,0.0,0,2024-05-28 00:00:00
RECON004053,HDFC2026130369,2024-05-28,Matched,None,0.0,0.0,0,2024-05-28 00:00:00
RECON004054,HDFC2026384054,2024-05-28,Matched,None,0.0,0.0,0,2024-05-28 00:00:00
RECON004055,HDFC2026628325,2024-05-29,Duplicate,Duplicate Transaction,0.0,0.0,5,2024-06-03
RECON004056,HDFC2026619071,2024-05-29,Matched,None,0.0,0.0,0,2024-05-29 00:00:00
RECON004057,HDFC2026686192,2024-05-29,Matched,None,0.0,0.0,0,2024-05-29 00:00:00
RECON004058,HDFC2026465493,2024-05-29,Matched,None,0.0,0.0,0,2024-05-29 00:00:00
RECON004059,HDFC2026561175,2024-05-29,Matched,None,0.0,0.0,0,2024-05-29 00:00:00
RECON004060,HDFC2026671286,2024-05-29,Matched,None,0.0,0.0,0,2024-05-29 00:00:00
RECON004061,HDFC2026994399,2024-05-29,Matched,None,0.0,0.0,0,2024-05-29 00:00:00
RECON004062,HDFC2026586329,2024-05-29,Matched,None,0.0,0.0,0,2024-05-29 00:00:00
RECON004063,HDFC2026632006,2024-05-29,Unmatched,Amount Mismatch,-3083.0,-2.835776964256149,2,2024-05-31
RECON004064,HDFC2026789512,2024-05-29,Matched,None,0.0,0.0,0,2024-05-29 00:00:00
RECON004065,HDFC2026515324,2024-05-29,Matched,None,0.0,0.0,0,2024-05-29 00:00:00
RECON004066,HDFC2026742882,2024-05-29,Matched,None,0.0,0.0,0,2024-05-29 00:00:00
RECON004067,HDFC2026936986,2024-05-29,Matched,None,0.0,0.0,0,2024-05-29 00:00:00
RECON004068,HDFC2026494873,2024-05-29,Matched,None,0.0,0.0,0,2024-05-29 00:00:00
RECON004069,HDFC2026364787,2024-05-29,Matched,None,0.0,0.0,0,2024-05-29 00:00:00
RECON004070,HDFC2026895302,2024-05-29,Duplicate,Duplicate Transaction,0.0,0.0,14,2024-06-12
RECON004071,HDFC2026120005,2024-05-29,Matched,None,0.0,0.0,0,2024-05-29 00:00:00
RECON004072,HDFC2026499319,2024-05-29,Matched,None,0.0,0.0,0,2024-05-29 00:00:00
RECON004073,HDFC2026785913,2024-05-30,Matched,None,0.0,0.0,0,2024-05-30 00:00:00
RECON004074,HDFC2026371840,2024-05-30,Matched,None,0.0,0.0,0,2024-05-30 00:00:00
RECON004075,HDFC2026814096,2024-05-30,Matched,None,0.0,0.0,0,2024-05-30 00:00:00
RECON004076,HDFC2026161453,2024-05-30,Matched,None,0.0,0.0,0,2024-05-30 00:00:00
RECON004077,HDFC2026981721,2024-05-30,Matched,None,0.0,0.0,0,2024-05-30 00:00:00
RECON004078,HDFC2026138780,2024-05-30,Matched,None,0.0,0.0,0,2024-05-30 00:00:00
RECON004079,HDFC2026376339,2024-05-30,Matched,None,0.0,0.0,0,2024-05-30 00:00:00
RECON004080,HDFC2026581950,2024-05-30,Matched,None,0.0,0.0,0,2024-05-30 00:00:00
RECON004081,HDFC2026237529,2024-05-30,Unmatched,FX Rate Discrepancy,0.0,-0.22,9,2024-06-08
RECON004082,HDFC2026937199,2024-05-30,Matched,None,0.0,0.0,0,2024-05-30 00:00:00
RECON004083,HDFC2026636042,2024-05-30,Matched,None,0.0,0.0,0,2024-05-30 00:00:00
RECON004084,HDFC2026154535,2024-05-30,Matched,None,0.0,0.0,0,2024-05-30 00:00:00
RECON004085,HDFC2026539328,2024-05-30,Matched,None,0.0,0.0,0,2024-05-30 00:00:00
RECON004086,HDFC2026636146,2024-05-30,Matched,None,0.0,0.0,0,2024-05-30 00:00:00
RECON004087,HDFC2026501157,2024-05-30,Matched,None,0.0,0.0,0,2024-05-30 00:00:00
RECON004088,HDFC2026487078,2024-05-30,Unmatched,FX Rate Discrepancy,0.0,-1.93,11,2024-06-10
RECON004089,HDFC2026443684,2024-05-30,Matched,None,0.0,0.0,0,2024-05-30 00:00:00
RECON004090,HDFC2026727296,2024-05-30,Matched,None,0.0,0.0,0,2024-05-30 00:00:00
RECON004091,HDFC2026895965,2024-05-30,Matched,None,0.0,0.0,0,2024-05-30 00:00:00
RECON004092,HDFC2026850807,2024-05-31,Matched,None,0.0,0.0,0,2024-05-31 00:00:00
RECON004093,HDFC2026744810,2024-05-31,Matched,None,0.0,0.0,0,2024-05-31 00:00:00
RECON004094,HDFC2026206560,2024-05-31,Matched,None,0.0,0.0,0,2024-05-31 00:00:00
RECON004095,HDFC2026945207,2024-05-31,Matched,None,0.0,0.0,0,2024-05-31 00:00:00
RECON004096,HDFC2026343705,2024-05-31,Matched,None,0.0,0.0,0,2024-05-31 00:00:00
RECON004097,HDFC2026260965,2024-05-31,Duplicate,Duplicate Transaction,0.0,0.0,15,2024-06-15
RECON004098,HDFC2026602826,2024-05-31,Matched,None,0.0,0.0,0,2024-05-31 00:00:00
RECON004099,HDFC2026747966,2024-05-31,Unmatched,Amount Mismatch,-1421.0,-0.6969957081545065,1,2024-06-01
RECON004100,HDFC2026433250,2024-05-31,Matched,None,0.0,0.0,0,2024-05-31 00:00:00
RECON004101,HDFC2026563785,2024-05-31,Matched,None,0.0,0.0,0,2024-05-31 00:00:00
RECON004102,HDFC2026111836,2024-05-31,Unmatched,FX Rate Discrepancy,0.0,-1.56,5,2024-06-05
RECON004103,HDFC2026450418,2024-05-31,Matched,None,0.0,0.0,0,2024-05-31 00:00:00
RECON004104,HDFC2026820010,2024-05-31,Matched,None,0.0,0.0,0,2024-05-31 00:00:00
RECON004105,HDFC2026389454,2024-05-31,Matched,None,0.0,0.0,0,2024-05-31 00:00:00
RECON004106,HDFC2026219318,2024-05-31,Matched,None,0.0,0.0,0,2024-05-31 00:00:00
RECON004107,HDFC2026475815,2024-05-31,Matched,None,0.0,0.0,0,2024-05-31 00:00:00
RECON004108,HDFC2026778720,2024-05-31,Matched,None,0.0,0.0,0,2024-05-31 00:00:00
RECON004109,HDFC2026458719,2024-05-31,Unmatched,Missing Settlement,347406.0,100.0,7,2024-06-07
RECON004110,HDFC2026194511,2024-05-31,Matched,None,0.0,0.0,0,2024-05-31 00:00:00
RECON004111,HDFC2026415526,2024-05-31,Matched,None,0.0,0.0,0,2024-05-31 00:00:00
RECON004112,HDFC2026621360,2024-05-31,Matched,None,0.0,0.0,0,2024-05-31 00:00:00
RECON004113,HDFC2026330533,2024-05-31,Duplicate,Duplicate Transaction,0.0,0.0,7,2024-06-07
RECON004114,HDFC2026738676,2024-05-31,Matched,None,0.0,0.0,0,2024-05-31 00:00:00
RECON004115,HDFC2026682849,2024-05-31,Matched,None,0.0,0.0,0,2024-05-31 00:00:00
RECON004116,HDFC2026173936,2024-05-31,Matched,None,0.0,0.0,0,2024-05-31 00:00:00
RECON004117,HDFC2026571213,2024-05-31,Matched,None,0.0,0.0,0,2024-05-31 00:00:00
RECON004118,HDFC2026281917,2024-05-31,Matched,None,0.0,0.0,0,2024-05-31 00:00:00
RECON004119,HDFC2026832207,2024-06-01,Matched,None,0.0,0.0,0,2024-06-01 00:00:00
RECON004120,HDFC2026627386,2024-06-01,Matched,None,0.0,0.0,0,2024-06-01 00:00:00
RECON004121,HDFC2026761453,2024-06-01,Matched,None,0.0,0.0,0,2024-06-01 00:00:00
RECON004122,HDFC2026301862,2024-06-01,Matched,None,0.0,0.0,0,2024-06-01 00:00:00
RECON004123,HDFC2026189755,2024-06-01,Matched,None,0.0,0.0,0,2024-06-01 00:00:00
RECON004124,HDFC2026681140,2024-06-01,Unmatched,Amount Mismatch,2016.0,0.6683175701882627,10,2024-06-11
RECON004125,HDFC2026637370,2024-06-01,Matched,None,0.0,0.0,0,2024-06-01 00:00:00
RECON004126,HDFC2026734007,2024-06-01,Unmatched,Amount Mismatch,-3548.0,-0.3751865093590423,8,2024-06-09
RECON004127,HDFC2026150928,2024-06-01,Matched,None,0.0,0.0,0,2024-06-01 00:00:00
RECON004128,HDFC2026478381,2024-06-01,Matched,None,0.0,0.0,0,2024-06-01 00:00:00
RECON004129,HDFC2026821778,2024-06-01,Matched,None,0.0,0.0,0,2024-06-01 00:00:00
RECON004130,HDFC2026101957,2024-06-01,Matched,None,0.0,0.0,0,2024-06-01 00:00:00
RECON004131,HDFC2026513293,2024-06-01,Matched,None,0.0,0.0,0,2024-06-01 00:00:00
RECON004132,HDFC2026621586,2024-06-01,Matched,None,0.0,0.0,0,2024-06-01 00:00:00
RECON004133,HDFC2026810168,2024-06-01,Matched,None,0.0,0.0,0,2024-06-01 00:00:00
RECON004134,HDFC2026679391,2024-06-01,Matched,None,0.0,0.0,0,2024-06-01 00:00:00
RECON004135,HDFC2026520388,2024-06-01,Matched,None,0.0,0.0,0,2024-06-01 00:00:00
RECON004136,HDFC2026211687,2024-06-01,Matched,None,0.0,0.0,0,2024-06-01 00:00:00
RECON004137,HDFC2026260829,2024-06-01,Matched,None,0.0,0.0,0,2024-06-01 00:00:00
RECON004138,HDFC2026639887,2024-06-01,Matched,None,0.0,0.0,0,2024-06-01 00:00:00
RECON004139,HDFC2026749232,2024-06-01,Matched,None,0.0,0.0,0,2024-06-01 00:00:00
RECON004140,HDFC2026465527,2024-06-01,Matched,None,0.0,0.0,0,2024-06-01 00:00:00
RECON004141,HDFC2026325018,2024-06-01,Matched,None,0.0,0.0,0,2024-06-01 00:00:00
RECON004142,HDFC2026982844,2024-06-01,Matched,None,0.0,0.0,0,2024-06-01 00:00:00
RECON004143,HDFC2026605176,2024-06-01,Matched,None,0.0,0.0,0,2024-06-01 00:00:00
RECON004144,HDFC2026233146,2024-06-01,Matched,None,0.0,0.0,0,2024-06-01 00:00:00
RECON004145,HDFC2026249920,2024-06-01,Matched,None,0.0,0.0,0,2024-06-01 00:00:00
RECON004146,HDFC2026478055,2024-06-01,Matched,None,0.0,0.0,0,2024-06-01 00:00:00
RECON004147,HDFC2026518658,2024-06-01,Unmatched,Amount Mismatch,-4296.0,-1.8352307922335904,4,2024-06-05
RECON004148,HDFC2026570534,2024-06-01,Matched,None,0.0,0.0,0,2024-06-01 00:00:00
RECON004149,HDFC2026953046,2024-06-02,Matched,None,0.0,0.0,0,2024-06-02 00:00:00
RECON004150,HDFC2026700965,2024-06-02,Matched,None,0.0,0.0,0,2024-06-02 00:00:00
RECON004151,HDFC2026180674,2024-06-02,Matched,None,0.0,0.0,0,2024-06-02 00:00:00
RECON004152,HDFC2026597597,2024-06-02,Matched,None,0.0,0.0,0,2024-06-02 00:00:00
RECON004153,HDFC2026185334,2024-06-02,Matched,None,0.0,0.0,0,2024-06-02 00:00:00
RECON004154,HDFC2026317129,2024-06-02,Matched,None,0.0,0.0,0,2024-06-02 00:00:00
RECON004155,HDFC2026776624,2024-06-02,Matched,None,0.0,0.0,0,2024-06-02 00:00:00
RECON004156,HDFC2026945103,2024-06-02,Matched,None,0.0,0.0,0,2024-06-02 00:00:00
RECON004157,HDFC2026322507,2024-06-02,Unmatched,Missing Settlement,388505.0,100.0,8,2024-06-10
RECON004158,HDFC2026555844,2024-06-02,Matched,None,0.0,0.0,0,2024-06-02 00:00:00
RECON004159,HDFC2026970182,2024-06-02,Matched,None,0.0,0.0,0,2024-06-02 00:00:00
RECON004160,HDFC2026982532,2024-06-02,Matched,None,0.0,0.0,0,2024-06-02 00:00:00
RECON004161,HDFC2026280811,2024-06-02,Unmatched,Missing Settlement,197939.0,100.0,12,2024-06-14
RECON004162,HDFC2026448211,2024-06-02,Matched,None,0.0,0.0,0,2024-06-02 00:00:00
RECON004163,HDFC2026778320,2024-06-02,Matched,None,0.0,0.0,0,2024-06-02 00:00:00
RECON004164,HDFC2026106887,2024-06-02,Duplicate,Duplicate Transaction,0.0,0.0,4,2024-06-06
RECON004165,HDFC2026277484,2024-06-02,Matched,None,0.0,0.0,0,2024-06-02 00:00:00
RECON004166,HDFC2026950472,2024-06-02,Matched,None,0.0,0.0,0,2024-06-02 00:00:00
RECON004167,HDFC2026467355,2024-06-02,Matched,None,0.0,0.0,0,2024-06-02 00:00:00
RECON004168,HDFC2026973383,2024-06-02,Matched,None,0.0,0.0,0,2024-06-02 00:00:00
RECON004169,HDFC2026190275,2024-06-03,Matched,None,0.0,0.0,0,2024-06-03 00:00:00
RECON004170,HDFC2026602337,2024-06-03,Matched,None,0.0,0.0,0,2024-06-03 00:00:00
RECON004171,HDFC2026568189,2024-06-03,Matched,None,0.0,0.0,0,2024-06-03 00:00:00
RECON004172,HDFC2026930924,2024-06-03,Matched,None,0.0,0.0,0,2024-06-03 00:00:00
RECON004173,HDFC2026144465,2024-06-03,Matched,None,0.0,0.0,0,2024-06-03 00:00:00
RECON004174,HDFC2026442699,2024-06-03,Matched,None,0.0,0.0,0,2024-06-03 00:00:00
RECON004175,HDFC2026313853,2024-06-03,Unmatched,Amount Mismatch,-4603.0,-4.018578175881546,7,2024-06-10
RECON004176,HDFC2026638323,2024-06-03,Matched,None,0.0,0.0,0,2024-06-03 00:00:00
RECON004177,HDFC2026943726,2024-06-03,Matched,None,0.0,0.0,0,2024-06-03 00:00:00
RECON004178,HDFC2026274096,2024-06-03,Matched,None,0.0,0.0,0,2024-06-03 00:00:00
RECON004179,HDFC2026637910,2024-06-03,Matched,None,0.0,0.0,0,2024-06-03 00:00:00
RECON004180,HDFC2026769387,2024-06-03,Matched,None,0.0,0.0,0,2024-06-03 00:00:00
RECON004181,HDFC2026132155,2024-06-03,Matched,None,0.0,0.0,0,2024-06-03 00:00:00
RECON004182,HDFC2026391941,2024-06-03,Matched,None,0.0,0.0,0,2024-06-03 00:00:00
RECON004183,HDFC2026645955,2024-06-03,Matched,None,0.0,0.0,0,2024-06-03 00:00:00
RECON004184,HDFC2026780600,2024-06-03,Matched,None,0.0,0.0,0,2024-06-03 00:00:00
RECON004185,HDFC2026408729,2024-06-03,Matched,None,0.0,0.0,0,2024-06-03 00:00:00
RECON004186,HDFC2026971375,2024-06-03,Matched,None,0.0,0.0,0,2024-06-03 00:00:00
RECON004187,HDFC2026986184,2024-06-03,Matched,None,0.0,0.0,0,2024-06-03 00:00:00
RECON004188,HDFC2026257612,2024-06-04,Matched,None,0.0,0.0,0,2024-06-04 00:00:00
RECON004189,HDFC2026785080,2024-06-04,Matched,None,0.0,0.0,0,2024-06-04 00:00:00
RECON004190,HDFC2026989461,2024-06-04,Matched,None,0.0,0.0,0,2024-06-04 00:00:00
RECON004191,HDFC2026715145,2024-06-04,Matched,None,0.0,0.0,0,2024-06-04 00:00:00
RECON004192,HDFC2026868510,2024-06-04,Matched,None,0.0,0.0,0,2024-06-04 00:00:00
RECON004193,HDFC2026242071,2024-06-04,Matched,None,0.0,0.0,0,2024-06-04 00:00:00
RECON004194,HDFC2026822652,2024-06-04,Matched,None,0.0,0.0,0,2024-06-04 00:00:00
RECON004195,HDFC2026417452,2024-06-04,Matched,None,0.0,0.0,0,2024-06-04 00:00:00
RECON004196,HDFC2026409986,2024-06-04,Matched,None,0.0,0.0,0,2024-06-04 00:00:00
RECON004197,HDFC2026770043,2024-06-04,Unmatched,Amount Mismatch,4892.0,0.36879032701871617,1,2024-06-05
RECON004198,HDFC2026752719,2024-06-04,Matched,None,0.0,0.0,0,2024-06-04 00:00:00
RECON004199,HDFC2026631893,2024-06-04,Matched,None,0.0,0.0,0,2024-06-04 00:00:00
RECON004200,HDFC2026204849,2024-06-04,Matched,None,0.0,0.0,0,2024-06-04 00:00:00
RECON004201,HDFC2026251602,2024-06-04,Matched,None,0.0,0.0,0,2024-06-04 00:00:00
RECON004202,HDFC2026441349,2024-06-04,Matched,None,0.0,0.0,0,2024-06-04 00:00:00
RECON004203,HDFC2026857634,2024-06-04,Matched,None,0.0,0.0,0,2024-06-04 00:00:00
RECON004204,HDFC2026397567,2024-06-04,Matched,None,0.0,0.0,0,2024-06-04 00:00:00
RECON004205,HDFC2026825208,2024-06-04,Matched,None,0.0,0.0,0,2024-06-04 00:00:00
RECON004206,HDFC2026211186,2024-06-04,Matched,None,0.0,0.0,0,2024-06-04 00:00:00
RECON004207,HDFC2026700969,2024-06-04,Matched,None,0.0,0.0,0,2024-06-04 00:00:00
RECON004208,HDFC2026200510,2024-06-04,Matched,None,0.0,0.0,0,2024-06-04 00:00:00
RECON004209,HDFC2026403815,2024-06-04,Matched,None,0.0,0.0,0,2024-06-04 00:00:00
RECON004210,HDFC2026417283,2024-06-04,Matched,None,0.0,0.0,0,2024-06-04 00:00:00
RECON004211,HDFC2026793478,2024-06-04,Unmatched,Amount Mismatch,-3568.0,-2.6856347145384065,11,2024-06-15
RECON004212,HDFC2026181461,2024-06-04,Matched,None,0.0,0.0,0,2024-06-04 00:00:00
RECON004213,HDFC2026817179,2024-06-04,Matched,None,0.0,0.0,0,2024-06-04 00:00:00
RECON004214,HDFC2026887335,2024-06-04,Matched,None,0.0,0.0,0,2024-06-04 00:00:00
RECON004215,HDFC2026703071,2024-06-04,Unmatched,FX Rate Discrepancy,0.0,-0.55,6,2024-06-10
RECON004216,HDFC2026390176,2024-06-04,Matched,None,0.0,0.0,0,2024-06-04 00:00:00
RECON004217,HDFC2026866737,2024-06-04,Matched,None,0.0,0.0,0,2024-06-04 00:00:00
RECON004218,HDFC2026673741,2024-06-04,Matched,None,0.0,0.0,0,2024-06-04 00:00:00
RECON004219,HDFC2026202467,2024-06-04,Matched,None,0.0,0.0,0,2024-06-04 00:00:00
RECON004220,HDFC2026196967,2024-06-04,Duplicate,Duplicate Transaction,0.0,0.0,10,2024-06-14
RECON004221,HDFC2026580255,2024-06-04,Matched,None,0.0,0.0,0,2024-06-04 00:00:00
RECON004222,HDFC2026318573,2024-06-04,Matched,None,0.0,0.0,0,2024-06-04 00:00:00
RECON004223,HDFC2026780285,2024-06-05,Matched,None,0.0,0.0,0,2024-06-05 00:00:00
RECON004224,HDFC2026353648,2024-06-05,Matched,None,0.0,0.0,0,2024-06-05 00:00:00
RECON004225,HDFC2026766753,2024-06-05,Matched,None,0.0,0.0,0,2024-06-05 00:00:00
RECON004226,HDFC2026391180,2024-06-05,Matched,None,0.0,0.0,0,2024-06-05 00:00:00
RECON004227,HDFC2026986934,2024-06-05,Matched,None,0.0,0.0,0,2024-06-05 00:00:00
RECON004228,HDFC2026906215,2024-06-05,Matched,None,0.0,0.0,0,2024-06-05 00:00:00
RECON004229,HDFC2026844588,2024-06-05,Unmatched,FX Rate Discrepancy,0.0,-1.23,12,2024-06-17
RECON004230,HDFC2026115424,2024-06-05,Unmatched,Amount Mismatch,718.0,0.3882298234040943,10,2024-06-15
RECON004231,HDFC2026519217,2024-06-05,Matched,None,0.0,0.0,0,2024-06-05 00:00:00
RECON004232,HDFC2026292444,2024-06-05,Matched,None,0.0,0.0,0,2024-06-05 00:00:00
RECON004233,HDFC2026568562,2024-06-05,Unmatched,Amount Mismatch,2949.0,1.6484437885698953,5,2024-06-10
RECON004234,HDFC2026151014,2024-06-05,Matched,None,0.0,0.0,0,2024-06-05 00:00:00
RECON004235,HDFC2026727872,2024-06-05,Matched,None,0.0,0.0,0,2024-06-05 00:00:00
RECON004236,HDFC2026885549,2024-06-05,Unmatched,Amount Mismatch,1924.0,0.3681648398750842,3,2024-06-08
RECON004237,HDFC2026828694,2024-06-05,Matched,None,0.0,0.0,0,2024-06-05 00:00:00
RECON004238,HDFC2026465442,2024-06-05,Matched,None,0.0,0.0,0,2024-06-05 00:00:00
RECON004239,HDFC2026135179,2024-06-05,Matched,None,0.0,0.0,0,2024-06-05 00:00:00
RECON004240,HDFC2026431910,2024-06-05,Matched,None,0.0,0.0,0,2024-06-05 00:00:00
RECON004241,HDFC2026874992,2024-06-05,Unmatched,FX Rate Discrepancy,0.0,-0.68,8,2024-06-13
RECON004242,HDFC2026659978,2024-06-05,Matched,None,0.0,0.0,0,2024-06-05 00:00:00
RECON004243,HDFC2026190813,2024-06-05,Matched,None,0.0,0.0,0,2024-06-05 00:00:00
RECON004244,HDFC2026341175,2024-06-05,Matched,None,0.0,0.0,0,2024-06-05 00:00:00
RECON004245,HDFC2026604274,2024-06-05,Matched,None,0.0,0.0,0,2024-06-05 00:00:00
RECON004246,HDFC2026959229,2024-06-06,Matched,None,0.0,0.0,0,2024-06-06 00:00:00
RECON004247,HDFC2026263120,2024-06-06,Matched,None,0.0,0.0,0,2024-06-06 00:00:00
RECON004248,HDFC2026686821,2024-06-06,Matched,None,0.0,0.0,0,2024-06-06 00:00:00
RECON004249,HDFC2026184428,2024-06-06,Matched,None,0.0,0.0,0,2024-06-06 00:00:00
RECON004250,HDFC2026276151,2024-06-06,Matched,None,0.0,0.0,0,2024-06-06 00:00:00
RECON004251,HDFC2026496764,2024-06-06,Matched,None,0.0,0.0,0,2024-06-06 00:00:00
RECON004252,HDFC2026883282,2024-06-06,Matched,None,0.0,0.0,0,2024-06-06 00:00:00
RECON004253,HDFC2026920347,2024-06-06,Matched,None,0.0,0.0,0,2024-06-06 00:00:00
RECON004254,HDFC2026480919,2024-06-06,Matched,None,0.0,0.0,0,2024-06-06 00:00:00
RECON004255,HDFC2026961264,2024-06-06,Matched,None,0.0,0.0,0,2024-06-06 00:00:00
RECON004256,HDFC2026344694,2024-06-06,Matched,None,0.0,0.0,0,2024-06-06 00:00:00
RECON004257,HDFC2026931131,2024-06-06,Matched,None,0.0,0.0,0,2024-06-06 00:00:00
RECON004258,HDFC2026393679,2024-06-06,Matched,None,0.0,0.0,0,2024-06-06 00:00:00
RECON004259,HDFC2026389878,2024-06-06,Matched,None,0.0,0.0,0,2024-06-06 00:00:00
RECON004260,HDFC2026983521,2024-06-06,Matched,None,0.0,0.0,0,2024-06-06 00:00:00
RECON004261,HDFC2026223969,2024-06-06,Matched,None,0.0,0.0,0,2024-06-06 00:00:00
RECON004262,HDFC2026323359,2024-06-06,Matched,None,0.0,0.0,0,2024-06-06 00:00:00
RECON004263,HDFC2026214263,2024-06-06,Unmatched,FX Rate Discrepancy,0.0,1.21,10,2024-06-16
RECON004264,HDFC2026446584,2024-06-06,Matched,None,0.0,0.0,0,2024-06-06 00:00:00
RECON004265,HDFC2026679498,2024-06-06,Matched,None,0.0,0.0,0,2024-06-06 00:00:00
RECON004266,HDFC2026230344,2024-06-06,Matched,None,0.0,0.0,0,2024-06-06 00:00:00
RECON004267,HDFC2026992932,2024-06-06,Matched,None,0.0,0.0,0,2024-06-06 00:00:00
RECON004268,HDFC2026450551,2024-06-06,Duplicate,Duplicate Transaction,0.0,0.0,9,2024-06-15
RECON004269,HDFC2026920528,2024-06-06,Matched,None,0.0,0.0,0,2024-06-06 00:00:00
RECON004270,HDFC2026453172,2024-06-06,Matched,None,0.0,0.0,0,2024-06-06 00:00:00
RECON004271,HDFC2026428371,2024-06-06,Matched,None,0.0,0.0,0,2024-06-06 00:00:00
RECON004272,HDFC2026835933,2024-06-06,Matched,None,0.0,0.0,0,2024-06-06 00:00:00
RECON004273,HDFC2026406731,2024-06-06,Duplicate,Duplicate Transaction,0.0,0.0,9,2024-06-15
RECON004274,HDFC2026421663,2024-06-06,Unmatched,FX Rate Discrepancy,0.0,0.59,4,2024-06-10
RECON004275,HDFC2026495597,2024-06-06,Unmatched,Amount Mismatch,-3150.0,-2.083498690372252,10,2024-06-16
RECON004276,HDFC2026125428,2024-06-07,Matched,None,0.0,0.0,0,2024-06-07 00:00:00
RECON004277,HDFC2026430156,2024-06-07,Matched,None,0.0,0.0,0,2024-06-07 00:00:00
RECON004278,HDFC2026111643,2024-06-07,Matched,None,0.0,0.0,0,2024-06-07 00:00:00
RECON004279,HDFC2026651898,2024-06-07,Matched,None,0.0,0.0,0,2024-06-07 00:00:00
RECON004280,HDFC2026191979,2024-06-07,Matched,None,0.0,0.0,0,2024-06-07 00:00:00
RECON004281,HDFC2026702010,2024-06-07,Matched,None,0.0,0.0,0,2024-06-07 00:00:00
RECON004282,HDFC2026875982,2024-06-07,Unmatched,Amount Mismatch,-4728.0,-2.4483328241270566,6,2024-06-13
RECON004283,HDFC2026533429,2024-06-07,Unmatched,FX Rate Discrepancy,0.0,0.02,5,2024-06-12
RECON004284,HDFC2026186495,2024-06-07,Matched,None,0.0,0.0,0,2024-06-07 00:00:00
RECON004285,HDFC2026309329,2024-06-07,Matched,None,0.0,0.0,0,2024-06-07 00:00:00
RECON004286,HDFC2026328452,2024-06-07,Matched,None,0.0,0.0,0,2024-06-07 00:00:00
RECON004287,HDFC2026871635,2024-06-07,Matched,None,0.0,0.0,0,2024-06-07 00:00:00
RECON004288,HDFC2026839960,2024-06-07,Matched,None,0.0,0.0,0,2024-06-07 00:00:00
RECON004289,HDFC2026168941,2024-06-07,Matched,None,0.0,0.0,0,2024-06-07 00:00:00
RECON004290,HDFC2026483999,2024-06-07,Matched,None,0.0,0.0,0,2024-06-07 00:00:00
RECON004291,HDFC2026935762,2024-06-07,Matched,None,0.0,0.0,0,2024-06-07 00:00:00
RECON004292,HDFC2026302877,2024-06-07,Unmatched,Missing Settlement,448098.0,100.0,2,2024-06-09
RECON004293,HDFC2026144098,2024-06-07,Unmatched,FX Rate Discrepancy,0.0,-0.56,12,2024-06-19
RECON004294,HDFC2026811514,2024-06-07,Matched,None,0.0,0.0,0,2024-06-07 00:00:00
RECON004295,HDFC2026110035,2024-06-07,Matched,None,0.0,0.0,0,2024-06-07 00:00:00
RECON004296,HDFC2026787862,2024-06-07,Matched,None,0.0,0.0,0,2024-06-07 00:00:00
RECON004297,HDFC2026197738,2024-06-07,Matched,None,0.0,0.0,0,2024-06-07 00:00:00
RECON004298,HDFC2026973934,2024-06-07,Unmatched,Missing Settlement,206160.0,100.0,12,2024-06-19
RECON004299,HDFC2026400513,2024-06-07,Matched,None,0.0,0.0,0,2024-06-07 00:00:00
RECON004300,HDFC2026600497,2024-06-07,Matched,None,0.0,0.0,0,2024-06-07 00:00:00
RECON004301,HDFC2026177998,2024-06-07,Matched,None,0.0,0.0,0,2024-06-07 00:00:00
RECON004302,HDFC2026761446,2024-06-07,Duplicate,Duplicate Transaction,0.0,0.0,14,2024-06-21
RECON004303,HDFC2026351471,2024-06-07,Matched,None,0.0,0.0,0,2024-06-07 00:00:00
RECON004304,HDFC2026930174,2024-06-07,Matched,None,0.0,0.0,0,2024-06-07 00:00:00
RECON004305,HDFC2026998913,2024-06-07,Matched,None,0.0,0.0,0,2024-06-07 00:00:00
RECON004306,HDFC2026674010,2024-06-07,Matched,None,0.0,0.0,0,2024-06-07 00:00:00
RECON004307,HDFC2026668458,2024-06-07,Matched,None,0.0,0.0,0,2024-06-07 00:00:00
RECON004308,HDFC2026384885,2024-06-07,Matched,None,0.0,0.0,0,2024-06-07 00:00:00
RECON004309,HDFC2026357110,2024-06-07,Matched,None,0.0,0.0,0,2024-06-07 00:00:00
RECON004310,HDFC2026675835,2024-06-07,Matched,None,0.0,0.0,0,2024-06-07 00:00:00
RECON004311,HDFC2026311825,2024-06-07,Matched,None,0.0,0.0,0,2024-06-07 00:00:00
RECON004312,HDFC2026851644,2024-06-08,Unmatched,Amount Mismatch,-4475.0,-0.467879424074409,12,2024-06-20
RECON004313,HDFC2026176817,2024-06-08,Matched,None,0.0,0.0,0,2024-06-08 00:00:00
RECON004314,HDFC2026236768,2024-06-08,Matched,None,0.0,0.0,0,2024-06-08 00:00:00
RECON004315,HDFC2026761084,2024-06-08,Matched,None,0.0,0.0,0,2024-06-08 00:00:00
RECON004316,HDFC2026180058,2024-06-08,Matched,None,0.0,0.0,0,2024-06-08 00:00:00
RECON004317,HDFC2026216437,2024-06-08,Unmatched,Amount Mismatch,-1638.0,-0.6559687954282419,14,2024-06-22
RECON004318,HDFC2026729575,2024-06-08,Matched,None,0.0,0.0,0,2024-06-08 00:00:00
RECON004319,HDFC2026146920,2024-06-08,Matched,None,0.0,0.0,0,2024-06-08 00:00:00
RECON004320,HDFC2026244975,2024-06-08,Matched,None,0.0,0.0,0,2024-06-08 00:00:00
RECON004321,HDFC2026636085,2024-06-08,Matched,None,0.0,0.0,0,2024-06-08 00:00:00
RECON004322,HDFC2026899992,2024-06-08,Matched,None,0.0,0.0,0,2024-06-08 00:00:00
RECON004323,HDFC2026163488,2024-06-08,Matched,None,0.0,0.0,0,2024-06-08 00:00:00
RECON004324,HDFC2026782354,2024-06-08,Unmatched,Missing Settlement,304360.0,100.0,13,2024-06-21
RECON004325,HDFC2026827770,2024-06-08,Matched,None,0.0,0.0,0,2024-06-08 00:00:00
RECON004326,HDFC2026916693,2024-06-08,Matched,None,0.0,0.0,0,2024-06-08 00:00:00
RECON004327,HDFC2026368125,2024-06-08,Matched,None,0.0,0.0,0,2024-06-08 00:00:00
RECON004328,HDFC2026859541,2024-06-08,Matched,None,0.0,0.0,0,2024-06-08 00:00:00
RECON004329,HDFC2026382523,2024-06-08,Unmatched,Missing Settlement,54348.0,100.0,7,2024-06-15
RECON004330,HDFC2026467067,2024-06-08,Matched,None,0.0,0.0,0,2024-06-08 00:00:00
RECON004331,HDFC2026678614,2024-06-08,Matched,None,0.0,0.0,0,2024-06-08 00:00:00
RECON004332,HDFC2026885314,2024-06-08,Matched,None,0.0,0.0,0,2024-06-08 00:00:00
RECON004333,HDFC2026960032,2024-06-08,Matched,None,0.0,0.0,0,2024-06-08 00:00:00
RECON004334,HDFC2026863934,2024-06-09,Matched,None,0.0,0.0,0,2024-06-09 00:00:00
RECON004335,HDFC2026151751,2024-06-09,Matched,None,0.0,0.0,0,2024-06-09 00:00:00
RECON004336,HDFC2026594563,2024-06-09,Matched,None,0.0,0.0,0,2024-06-09 00:00:00
RECON004337,HDFC2026817448,2024-06-09,Matched,None,0.0,0.0,0,2024-06-09 00:00:00
RECON004338,HDFC2026942434,2024-06-09,Matched,None,0.0,0.0,0,2024-06-09 00:00:00
RECON004339,HDFC2026126059,2024-06-09,Matched,None,0.0,0.0,0,2024-06-09 00:00:00
RECON004340,HDFC2026471458,2024-06-09,Matched,None,0.0,0.0,0,2024-06-09 00:00:00
RECON004341,HDFC2026974038,2024-06-09,Matched,None,0.0,0.0,0,2024-06-09 00:00:00
RECON004342,HDFC2026559000,2024-06-09,Matched,None,0.0,0.0,0,2024-06-09 00:00:00
RECON004343,HDFC2026827851,2024-06-09,Matched,None,0.0,0.0,0,2024-06-09 00:00:00
RECON004344,HDFC2026623347,2024-06-09,Matched,None,0.0,0.0,0,2024-06-09 00:00:00
RECON004345,HDFC2026953402,2024-06-09,Matched,None,0.0,0.0,0,2024-06-09 00:00:00
RECON004346,HDFC2026749999,2024-06-09,Matched,None,0.0,0.0,0,2024-06-09 00:00:00
RECON004347,HDFC2026429125,2024-06-09,Matched,None,0.0,0.0,0,2024-06-09 00:00:00
RECON004348,HDFC2026339481,2024-06-09,Matched,None,0.0,0.0,0,2024-06-09 00:00:00
RECON004349,HDFC2026823180,2024-06-09,Matched,None,0.0,0.0,0,2024-06-09 00:00:00
RECON004350,HDFC2026600607,2024-06-09,Matched,None,0.0,0.0,0,2024-06-09 00:00:00
RECON004351,HDFC2026795880,2024-06-09,Matched,None,0.0,0.0,0,2024-06-09 00:00:00
RECON004352,HDFC2026972319,2024-06-09,Matched,None,0.0,0.0,0,2024-06-09 00:00:00
RECON004353,HDFC2026821206,2024-06-09,Unmatched,FX Rate Discrepancy,0.0,0.61,2,2024-06-11
RECON004354,HDFC2026859193,2024-06-09,Matched,None,0.0,0.0,0,2024-06-09 00:00:00
RECON004355,HDFC2026726556,2024-06-09,Unmatched,Missing Settlement,56726.0,100.0,11,2024-06-20
RECON004356,HDFC2026856601,2024-06-09,Matched,None,0.0,0.0,0,2024-06-09 00:00:00
RECON004357,HDFC2026693818,2024-06-09,Matched,None,0.0,0.0,0,2024-06-09 00:00:00
RECON004358,HDFC2026241268,2024-06-09,Matched,None,0.0,0.0,0,2024-06-09 00:00:00
RECON004359,HDFC2026855185,2024-06-09,Matched,None,0.0,0.0,0,2024-06-09 00:00:00
RECON004360,HDFC2026582329,2024-06-09,Matched,None,0.0,0.0,0,2024-06-09 00:00:00
RECON004361,HDFC2026757685,2024-06-10,Matched,None,0.0,0.0,0,2024-06-10 00:00:00
RECON004362,HDFC2026244779,2024-06-10,Matched,None,0.0,0.0,0,2024-06-10 00:00:00
RECON004363,HDFC2026802424,2024-06-10,Matched,None,0.0,0.0,0,2024-06-10 00:00:00
RECON004364,HDFC2026653792,2024-06-10,Matched,None,0.0,0.0,0,2024-06-10 00:00:00
RECON004365,HDFC2026422046,2024-06-10,Matched,None,0.0,0.0,0,2024-06-10 00:00:00
RECON004366,HDFC2026284766,2024-06-10,Matched,None,0.0,0.0,0,2024-06-10 00:00:00
RECON004367,HDFC2026726335,2024-06-10,Matched,None,0.0,0.0,0,2024-06-10 00:00:00
RECON004368,HDFC2026469438,2024-06-10,Matched,None,0.0,0.0,0,2024-06-10 00:00:00
RECON004369,HDFC2026334576,2024-06-10,Matched,None,0.0,0.0,0,2024-06-10 00:00:00
RECON004370,HDFC2026778124,2024-06-10,Matched,None,0.0,0.0,0,2024-06-10 00:00:00
RECON004371,HDFC2026978865,2024-06-10,Matched,None,0.0,0.0,0,2024-06-10 00:00:00
RECON004372,HDFC2026345165,2024-06-10,Matched,None,0.0,0.0,0,2024-06-10 00:00:00
RECON004373,HDFC2026197592,2024-06-10,Unmatched,Missing Settlement,368179.0,100.0,2,2024-06-12
RECON004374,HDFC2026272998,2024-06-10,Matched,None,0.0,0.0,0,2024-06-10 00:00:00
RECON004375,HDFC2026642514,2024-06-10,Matched,None,0.0,0.0,0,2024-06-10 00:00:00
RECON004376,HDFC2026225748,2024-06-10,Matched,None,0.0,0.0,0,2024-06-10 00:00:00
RECON004377,HDFC2026715641,2024-06-10,Matched,None,0.0,0.0,0,2024-06-10 00:00:00
RECON004378,HDFC2026658784,2024-06-10,Matched,None,0.0,0.0,0,2024-06-10 00:00:00
RECON004379,HDFC2026850022,2024-06-10,Matched,None,0.0,0.0,0,2024-06-10 00:00:00
RECON004380,HDFC2026745733,2024-06-10,Matched,None,0.0,0.0,0,2024-06-10 00:00:00
RECON004381,HDFC2026969512,2024-06-10,Matched,None,0.0,0.0,0,2024-06-10 00:00:00
RECON004382,HDFC2026657842,2024-06-10,Matched,None,0.0,0.0,0,2024-06-10 00:00:00
RECON004383,HDFC2026392736,2024-06-10,Matched,None,0.0,0.0,0,2024-06-10 00:00:00
RECON004384,HDFC2026420942,2024-06-10,Matched,None,0.0,0.0,0,2024-06-10 00:00:00
RECON004385,HDFC2026591261,2024-06-10,Matched,None,0.0,0.0,0,2024-06-10 00:00:00
RECON004386,HDFC2026228083,2024-06-10,Matched,None,0.0,0.0,0,2024-06-10 00:00:00
RECON004387,HDFC2026413339,2024-06-11,Matched,None,0.0,0.0,0,2024-06-11 00:00:00
RECON004388,HDFC2026796827,2024-06-11,Matched,None,0.0,0.0,0,2024-06-11 00:00:00
RECON004389,HDFC2026900261,2024-06-11,Matched,None,0.0,0.0,0,2024-06-11 00:00:00
RECON004390,HDFC2026584829,2024-06-11,Matched,None,0.0,0.0,0,2024-06-11 00:00:00
RECON004391,HDFC2026555398,2024-06-11,Matched,None,0.0,0.0,0,2024-06-11 00:00:00
RECON004392,HDFC2026757372,2024-06-11,Matched,None,0.0,0.0,0,2024-06-11 00:00:00
RECON004393,HDFC2026110415,2024-06-11,Unmatched,FX Rate Discrepancy,0.0,-0.61,5,2024-06-16
RECON004394,HDFC2026293079,2024-06-11,Unmatched,Missing Settlement,759019.0,100.0,5,2024-06-16
RECON004395,HDFC2026658956,2024-06-11,Matched,None,0.0,0.0,0,2024-06-11 00:00:00
RECON004396,HDFC2026339612,2024-06-11,Matched,None,0.0,0.0,0,2024-06-11 00:00:00
RECON004397,HDFC2026135617,2024-06-11,Matched,None,0.0,0.0,0,2024-06-11 00:00:00
RECON004398,HDFC2026562669,2024-06-11,Matched,None,0.0,0.0,0,2024-06-11 00:00:00
RECON004399,HDFC2026999213,2024-06-11,Matched,None,0.0,0.0,0,2024-06-11 00:00:00
RECON004400,HDFC2026243659,2024-06-11,Matched,None,0.0,0.0,0,2024-06-11 00:00:00
RECON004401,HDFC2026334669,2024-06-11,Matched,None,0.0,0.0,0,2024-06-11 00:00:00
RECON004402,HDFC2026407624,2024-06-11,Matched,None,0.0,0.0,0,2024-06-11 00:00:00
RECON004403,HDFC2026238236,2024-06-11,Matched,None,0.0,0.0,0,2024-06-11 00:00:00
RECON004404,HDFC2026231414,2024-06-11,Matched,None,0.0,0.0,0,2024-06-11 00:00:00
RECON004405,HDFC2026737882,2024-06-11,Matched,None,0.0,0.0,0,2024-06-11 00:00:00
RECON004406,HDFC2026676659,2024-06-11,Matched,None,0.0,0.0,0,2024-06-11 00:00:00
RECON004407,HDFC2026494119,2024-06-11,Matched,None,0.0,0.0,0,2024-06-11 00:00:00
RECON004408,HDFC2026780714,2024-06-11,Matched,None,0.0,0.0,0,2024-06-11 00:00:00
RECON004409,HDFC2026279041,2024-06-11,Matched,None,0.0,0.0,0,2024-06-11 00:00:00
RECON004410,HDFC2026720140,2024-06-11,Matched,None,0.0,0.0,0,2024-06-11 00:00:00
RECON004411,HDFC2026606275,2024-06-11,Matched,None,0.0,0.0,0,2024-06-11 00:00:00
RECON004412,HDFC2026623706,2024-06-11,Matched,None,0.0,0.0,0,2024-06-11 00:00:00
RECON004413,HDFC2026273448,2024-06-11,Matched,None,0.0,0.0,0,2024-06-11 00:00:00
RECON004414,HDFC2026152113,2024-06-11,Matched,None,0.0,0.0,0,2024-06-11 00:00:00
RECON004415,HDFC2026676051,2024-06-12,Matched,None,0.0,0.0,0,2024-06-12 00:00:00
RECON004416,HDFC2026771041,2024-06-12,Matched,None,0.0,0.0,0,2024-06-12 00:00:00
RECON004417,HDFC2026176510,2024-06-12,Matched,None,0.0,0.0,0,2024-06-12 00:00:00
RECON004418,HDFC2026613392,2024-06-12,Matched,None,0.0,0.0,0,2024-06-12 00:00:00
RECON004419,HDFC2026529743,2024-06-12,Matched,None,0.0,0.0,0,2024-06-12 00:00:00
RECON004420,HDFC2026935734,2024-06-12,Matched,None,0.0,0.0,0,2024-06-12 00:00:00
RECON004421,HDFC2026821132,2024-06-12,Matched,None,0.0,0.0,0,2024-06-12 00:00:00
RECON004422,HDFC2026451312,2024-06-12,Matched,None,0.0,0.0,0,2024-06-12 00:00:00
RECON004423,HDFC2026727971,2024-06-12,Matched,None,0.0,0.0,0,2024-06-12 00:00:00
RECON004424,HDFC2026163829,2024-06-12,Duplicate,Duplicate Transaction,0.0,0.0,6,2024-06-18
RECON004425,HDFC2026524253,2024-06-12,Matched,None,0.0,0.0,0,2024-06-12 00:00:00
RECON004426,HDFC2026459022,2024-06-12,Matched,None,0.0,0.0,0,2024-06-12 00:00:00
RECON004427,HDFC2026224794,2024-06-12,Matched,None,0.0,0.0,0,2024-06-12 00:00:00
RECON004428,HDFC2026876317,2024-06-12,Matched,None,0.0,0.0,0,2024-06-12 00:00:00
RECON004429,HDFC2026711391,2024-06-12,Matched,None,0.0,0.0,0,2024-06-12 00:00:00
RECON004430,HDFC2026263619,2024-06-12,Matched,None,0.0,0.0,0,2024-06-12 00:00:00
RECON004431,HDFC2026801826,2024-06-12,Matched,None,0.0,0.0,0,2024-06-12 00:00:00
RECON004432,HDFC2026624306,2024-06-12,Duplicate,Duplicate Transaction,0.0,0.0,1,2024-06-13
RECON004433,HDFC2026426005,2024-06-12,Matched,None,0.0,0.0,0,2024-06-12 00:00:00
RECON004434,HDFC2026114950,2024-06-12,Matched,None,0.0,0.0,0,2024-06-12 00:00:00
RECON004435,HDFC2026254350,2024-06-12,Unmatched,Amount Mismatch,3010.0,0.3809393635654912,5,2024-06-17
RECON004436,HDFC2026630196,2024-06-12,Matched,None,0.0,0.0,0,2024-06-12 00:00:00
RECON004437,HDFC2026212418,2024-06-12,Unmatched,Missing Settlement,424596.0,100.0,10,2024-06-22
RECON004438,HDFC2026288238,2024-06-12,Matched,None,0.0,0.0,0,2024-06-12 00:00:00
RECON004439,HDFC2026272602,2024-06-12,Matched,None,0.0,0.0,0,2024-06-12 00:00:00
RECON004440,HDFC2026867503,2024-06-12,Unmatched,Amount Mismatch,-4386.0,-1.6111435592828096,10,2024-06-22
RECON004441,HDFC2026312346,2024-06-12,Matched,None,0.0,0.0,0,2024-06-12 00:00:00
RECON004442,HDFC2026626176,2024-06-12,Matched,None,0.0,0.0,0,2024-06-12 00:00:00
RECON004443,HDFC2026656868,2024-06-12,Matched,None,0.0,0.0,0,2024-06-12 00:00:00
RECON004444,HDFC2026853258,2024-06-12,Matched,None,0.0,0.0,0,2024-06-12 00:00:00
RECON004445,HDFC2026643951,2024-06-12,Matched,None,0.0,0.0,0,2024-06-12 00:00:00
RECON004446,HDFC2026183300,2024-06-12,Matched,None,0.0,0.0,0,2024-06-12 00:00:00
RECON004447,HDFC2026943954,2024-06-12,Matched,None,0.0,0.0,0,2024-06-12 00:00:00
RECON004448,HDFC2026517584,2024-06-12,Unmatched,Amount Mismatch,4022.0,1.0858531317494602,15,2024-06-27
RECON004449,HDFC2026816884,2024-06-12,Unmatched,Amount Mismatch,3199.0,2.9086842272756206,13,2024-06-25
RECON004450,HDFC2026467153,2024-06-13,Matched,None,0.0,0.0,0,2024-06-13 00:00:00
RECON004451,HDFC2026473373,2024-06-13,Matched,None,0.0,0.0,0,2024-06-13 00:00:00
RECON004452,HDFC2026638545,2024-06-13,Matched,None,0.0,0.0,0,2024-06-13 00:00:00
RECON004453,HDFC2026521161,2024-06-13,Matched,None,0.0,0.0,0,2024-06-13 00:00:00
RECON004454,HDFC2026391167,2024-06-13,Matched,None,0.0,0.0,0,2024-06-13 00:00:00
RECON004455,HDFC2026138132,2024-06-13,Matched,None,0.0,0.0,0,2024-06-13 00:00:00
RECON004456,HDFC2026270978,2024-06-13,Matched,None,0.0,0.0,0,2024-06-13 00:00:00
RECON004457,HDFC2026236944,2024-06-13,Unmatched,Amount Mismatch,3265.0,1.143932253984493,9,2024-06-22
RECON004458,HDFC2026745007,2024-06-13,Matched,None,0.0,0.0,0,2024-06-13 00:00:00
RECON004459,HDFC2026396871,2024-06-13,Matched,None,0.0,0.0,0,2024-06-13 00:00:00
RECON004460,HDFC2026222419,2024-06-13,Matched,None,0.0,0.0,0,2024-06-13 00:00:00
RECON004461,HDFC2026609754,2024-06-13,Matched,None,0.0,0.0,0,2024-06-13 00:00:00
RECON004462,HDFC2026335421,2024-06-13,Matched,None,0.0,0.0,0,2024-06-13 00:00:00
RECON004463,HDFC2026901939,2024-06-13,Matched,None,0.0,0.0,0,2024-06-13 00:00:00
RECON004464,HDFC2026176209,2024-06-13,Duplicate,Duplicate Transaction,0.0,0.0,12,2024-06-25
RECON004465,HDFC2026193787,2024-06-13,Matched,None,0.0,0.0,0,2024-06-13 00:00:00
RECON004466,HDFC2026505695,2024-06-13,Matched,None,0.0,0.0,0,2024-06-13 00:00:00
RECON004467,HDFC2026649162,2024-06-13,Matched,None,0.0,0.0,0,2024-06-13 00:00:00
RECON004468,HDFC2026447497,2024-06-13,Unmatched,Amount Mismatch,3358.0,2.5717611739117117,13,2024-06-26
RECON004469,HDFC2026911630,2024-06-13,Matched,None,0.0,0.0,0,2024-06-13 00:00:00
RECON004470,HDFC2026498232,2024-06-13,Matched,None,0.0,0.0,0,2024-06-13 00:00:00
RECON004471,HDFC2026165821,2024-06-13,Matched,None,0.0,0.0,0,2024-06-13 00:00:00
RECON004472,HDFC2026127087,2024-06-13,Matched,None,0.0,0.0,0,2024-06-13 00:00:00
RECON004473,HDFC2026209385,2024-06-13,Duplicate,Duplicate Transaction,0.0,0.0,11,2024-06-24
RECON004474,HDFC2026325796,2024-06-13,Matched,None,0.0,0.0,0,2024-06-13 00:00:00
RECON004475,HDFC2026568046,2024-06-13,Matched,None,0.0,0.0,0,2024-06-13 00:00:00
RECON004476,HDFC2026765030,2024-06-13,Matched,None,0.0,0.0,0,2024-06-13 00:00:00
RECON004477,HDFC2026276730,2024-06-14,Matched,None,0.0,0.0,0,2024-06-14 00:00:00
RECON004478,HDFC2026922892,2024-06-14,Matched,None,0.0,0.0,0,2024-06-14 00:00:00
RECON004479,HDFC2026977760,2024-06-14,Matched,None,0.0,0.0,0,2024-06-14 00:00:00
RECON004480,HDFC2026611043,2024-06-14,Matched,None,0.0,0.0,0,2024-06-14 00:00:00
RECON004481,HDFC2026606462,2024-06-14,Duplicate,Duplicate Transaction,0.0,0.0,2,2024-06-16
RECON004482,HDFC2026745677,2024-06-14,Matched,None,0.0,0.0,0,2024-06-14 00:00:00
RECON004483,HDFC2026363070,2024-06-14,Unmatched,FX Rate Discrepancy,0.0,-1.66,7,2024-06-21
RECON004484,HDFC2026831663,2024-06-14,Matched,None,0.0,0.0,0,2024-06-14 00:00:00
RECON004485,HDFC2026120327,2024-06-14,Matched,None,0.0,0.0,0,2024-06-14 00:00:00
RECON004486,HDFC2026405641,2024-06-14,Matched,None,0.0,0.0,0,2024-06-14 00:00:00
RECON004487,HDFC2026495766,2024-06-14,Matched,None,0.0,0.0,0,2024-06-14 00:00:00
RECON004488,HDFC2026268440,2024-06-14,Matched,None,0.0,0.0,0,2024-06-14 00:00:00
RECON004489,HDFC2026109796,2024-06-14,Matched,None,0.0,0.0,0,2024-06-14 00:00:00
RECON004490,HDFC2026520166,2024-06-14,Matched,None,0.0,0.0,0,2024-06-14 00:00:00
RECON004491,HDFC2026997653,2024-06-14,Matched,None,0.0,0.0,0,2024-06-14 00:00:00
RECON004492,HDFC2026892935,2024-06-14,Matched,None,0.0,0.0,0,2024-06-14 00:00:00
RECON004493,HDFC2026100073,2024-06-14,Matched,None,0.0,0.0,0,2024-06-14 00:00:00
RECON004494,HDFC2026780027,2024-06-14,Duplicate,Duplicate Transaction,0.0,0.0,5,2024-06-19
RECON004495,HDFC2026305376,2024-06-14,Matched,None,0.0,0.0,0,2024-06-14 00:00:00
RECON004496,HDFC2026930967,2024-06-14,Matched,None,0.0,0.0,0,2024-06-14 00:00:00
RECON004497,HDFC2026391754,2024-06-14,Matched,None,0.0,0.0,0,2024-06-14 00:00:00
RECON004498,HDFC2026222504,2024-06-14,Unmatched,Amount Mismatch,1589.0,0.7148480554243426,8,2024-06-22
RECON004499,HDFC2026706216,2024-06-14,Matched,None,0.0,0.0,0,2024-06-14 00:00:00
RECON004500,HDFC2026740146,2024-06-14,Unmatched,Amount Mismatch,-1443.0,-0.31474663223284705,6,2024-06-20
RECON004501,HDFC2026667965,2024-06-14,Unmatched,Missing Settlement,1205916.0,100.0,15,2024-06-29
RECON004502,HDFC2026399113,2024-06-14,Matched,None,0.0,0.0,0,2024-06-14 00:00:00
RECON004503,HDFC2026350242,2024-06-14,Matched,None,0.0,0.0,0,2024-06-14 00:00:00
RECON004504,HDFC2026355308,2024-06-14,Matched,None,0.0,0.0,0,2024-06-14 00:00:00
RECON004505,HDFC2026579154,2024-06-14,Matched,None,0.0,0.0,0,2024-06-14 00:00:00
RECON004506,HDFC2026677693,2024-06-15,Matched,None,0.0,0.0,0,2024-06-15 00:00:00
RECON004507,HDFC2026331356,2024-06-15,Matched,None,0.0,0.0,0,2024-06-15 00:00:00
RECON004508,HDFC2026791381,2024-06-15,Matched,None,0.0,0.0,0,2024-06-15 00:00:00
RECON004509,HDFC2026957480,2024-06-15,Matched,None,0.0,0.0,0,2024-06-15 00:00:00
RECON004510,HDFC2026644894,2024-06-15,Matched,None,0.0,0.0,0,2024-06-15 00:00:00
RECON004511,HDFC2026819832,2024-06-15,Matched,None,0.0,0.0,0,2024-06-15 00:00:00
RECON004512,HDFC2026486669,2024-06-15,Matched,None,0.0,0.0,0,2024-06-15 00:00:00
RECON004513,HDFC2026437060,2024-06-15,Matched,None,0.0,0.0,0,2024-06-15 00:00:00
RECON004514,HDFC2026338875,2024-06-15,Matched,None,0.0,0.0,0,2024-06-15 00:00:00
RECON004515,HDFC2026817870,2024-06-15,Matched,None,0.0,0.0,0,2024-06-15 00:00:00
RECON004516,HDFC2026123942,2024-06-15,Matched,None,0.0,0.0,0,2024-06-15 00:00:00
RECON004517,HDFC2026771712,2024-06-15,Unmatched,Amount Mismatch,12.0,0.009121313469139556,3,2024-06-18
RECON004518,HDFC2026460110,2024-06-15,Matched,None,0.0,0.0,0,2024-06-15 00:00:00
RECON004519,HDFC2026884491,2024-06-15,Matched,None,0.0,0.0,0,2024-06-15 00:00:00
RECON004520,HDFC2026483561,2024-06-15,Matched,None,0.0,0.0,0,2024-06-15 00:00:00
RECON004521,HDFC2026274654,2024-06-15,Matched,None,0.0,0.0,0,2024-06-15 00:00:00
RECON004522,HDFC2026420798,2024-06-15,Matched,None,0.0,0.0,0,2024-06-15 00:00:00
RECON004523,HDFC2026568894,2024-06-15,Matched,None,0.0,0.0,0,2024-06-15 00:00:00
RECON004524,HDFC2026678870,2024-06-15,Matched,None,0.0,0.0,0,2024-06-15 00:00:00
RECON004525,HDFC2026738626,2024-06-15,Matched,None,0.0,0.0,0,2024-06-15 00:00:00
RECON004526,HDFC2026480011,2024-06-15,Duplicate,Duplicate Transaction,0.0,0.0,13,2024-06-28
RECON004527,HDFC2026208174,2024-06-15,Matched,None,0.0,0.0,0,2024-06-15 00:00:00
RECON004528,HDFC2026709149,2024-06-15,Unmatched,Missing Settlement,234298.0,100.0,15,2024-06-30
RECON004529,HDFC2026821276,2024-06-15,Matched,None,0.0,0.0,0,2024-06-15 00:00:00
RECON004530,HDFC2026367758,2024-06-15,Matched,None,0.0,0.0,0,2024-06-15 00:00:00
RECON004531,HDFC2026505122,2024-06-15,Matched,None,0.0,0.0,0,2024-06-15 00:00:00
RECON004532,HDFC2026192602,2024-06-15,Matched,None,0.0,0.0,0,2024-06-15 00:00:00
RECON004533,HDFC2026261337,2024-06-15,Matched,None,0.0,0.0,0,2024-06-15 00:00:00
RECON004534,HDFC2026726973,2024-06-15,Matched,None,0.0,0.0,0,2024-06-15 00:00:00
RECON004535,HDFC2026268210,2024-06-15,Matched,None,0.0,0.0,0,2024-06-15 00:00:00
RECON004536,HDFC2026966878,2024-06-15,Matched,None,0.0,0.0,0,2024-06-15 00:00:00
RECON004537,HDFC2026187203,2024-06-16,Matched,None,0.0,0.0,0,2024-06-16 00:00:00
RECON004538,HDFC2026318943,2024-06-16,Unmatched,Missing Settlement,219499.0,100.0,3,2024-06-19
RECON004539,HDFC2026643518,2024-06-16,Unmatched,Missing Settlement,524884.0,100.0,9,2024-06-25
RECON004540,HDFC2026328008,2024-06-16,Unmatched,FX Rate Discrepancy,0.0,0.92,11,2024-06-27
RECON004541,HDFC2026656624,2024-06-16,Matched,None,0.0,0.0,0,2024-06-16 00:00:00
RECON004542,HDFC2026913205,2024-06-16,Unmatched,Amount Mismatch,3084.0,3.2393596907692954,13,2024-06-29
RECON004543,HDFC2026110394,2024-06-16,Matched,None,0.0,0.0,0,2024-06-16 00:00:00
RECON004544,HDFC2026976530,2024-06-16,Matched,None,0.0,0.0,0,2024-06-16 00:00:00
RECON004545,HDFC2026319630,2024-06-16,Matched,None,0.0,0.0,0,2024-06-16 00:00:00
RECON004546,HDFC2026253809,2024-06-16,Unmatched,Amount Mismatch,4595.0,4.455627957489722,7,2024-06-23
RECON004547,HDFC2026619577,2024-06-16,Matched,None,0.0,0.0,0,2024-06-16 00:00:00
RECON004548,HDFC2026246318,2024-06-16,Matched,None,0.0,0.0,0,2024-06-16 00:00:00
RECON004549,HDFC2026205814,2024-06-16,Matched,None,0.0,0.0,0,2024-06-16 00:00:00
RECON004550,HDFC2026698294,2024-06-16,Matched,None,0.0,0.0,0,2024-06-16 00:00:00
RECON004551,HDFC2026938234,2024-06-16,Matched,None,0.0,0.0,0,2024-06-16 00:00:00
RECON004552,HDFC2026210338,2024-06-16,Matched,None,0.0,0.0,0,2024-06-16 00:00:00
RECON004553,HDFC2026785188,2024-06-16,Matched,None,0.0,0.0,0,2024-06-16 00:00:00
RECON004554,HDFC2026310722,2024-06-16,Matched,None,0.0,0.0,0,2024-06-16 00:00:00
RECON004555,HDFC2026228109,2024-06-16,Matched,None,0.0,0.0,0,2024-06-16 00:00:00
RECON004556,HDFC2026992377,2024-06-16,Matched,None,0.0,0.0,0,2024-06-16 00:00:00
RECON004557,HDFC2026442640,2024-06-16,Unmatched,FX Rate Discrepancy,0.0,-0.91,11,2024-06-27
RECON004558,HDFC2026655092,2024-06-16,Matched,None,0.0,0.0,0,2024-06-16 00:00:00
RECON004559,HDFC2026497519,2024-06-16,Matched,None,0.0,0.0,0,2024-06-16 00:00:00
RECON004560,HDFC2026808082,2024-06-16,Matched,None,0.0,0.0,0,2024-06-16 00:00:00
RECON004561,HDFC2026593923,2024-06-16,Matched,None,0.0,0.0,0,2024-06-16 00:00:00
RECON004562,HDFC2026618457,2024-06-16,Matched,None,0.0,0.0,0,2024-06-16 00:00:00
RECON004563,HDFC2026437568,2024-06-16,Matched,None,0.0,0.0,0,2024-06-16 00:00:00
RECON004564,HDFC2026692853,2024-06-16,Matched,None,0.0,0.0,0,2024-06-16 00:00:00
RECON004565,HDFC2026897530,2024-06-16,Matched,None,0.0,0.0,0,2024-06-16 00:00:00
RECON004566,HDFC2026821260,2024-06-16,Matched,None,0.0,0.0,0,2024-06-16 00:00:00
RECON004567,HDFC2026519308,2024-06-16,Matched,None,0.0,0.0,0,2024-06-16 00:00:00
RECON004568,HDFC2026306687,2024-06-16,Matched,None,0.0,0.0,0,2024-06-16 00:00:00
RECON004569,HDFC2026148992,2024-06-16,Matched,None,0.0,0.0,0,2024-06-16 00:00:00
RECON004570,HDFC2026169113,2024-06-17,Matched,None,0.0,0.0,0,2024-06-17 00:00:00
RECON004571,HDFC2026261520,2024-06-17,Matched,None,0.0,0.0,0,2024-06-17 00:00:00
RECON004572,HDFC2026776140,2024-06-17,Unmatched,Missing Settlement,107024.0,100.0,3,2024-06-20
RECON004573,HDFC2026537125,2024-06-17,Matched,None,0.0,0.0,0,2024-06-17 00:00:00
RECON004574,HDFC2026986836,2024-06-17,Matched,None,0.0,0.0,0,2024-06-17 00:00:00
RECON004575,HDFC2026658675,2024-06-17,Matched,None,0.0,0.0,0,2024-06-17 00:00:00
RECON004576,HDFC2026577413,2024-06-17,Duplicate,Duplicate Transaction,0.0,0.0,13,2024-06-30
RECON004577,HDFC2026228103,2024-06-17,Matched,None,0.0,0.0,0,2024-06-17 00:00:00
RECON004578,HDFC2026318614,2024-06-17,Unmatched,Amount Mismatch,2280.0,1.478685526392591,14,2024-07-01
RECON004579,HDFC2026327989,2024-06-17,Matched,None,0.0,0.0,0,2024-06-17 00:00:00
RECON004580,HDFC2026636965,2024-06-17,Matched,None,0.0,0.0,0,2024-06-17 00:00:00
RECON004581,HDFC2026795299,2024-06-17,Matched,None,0.0,0.0,0,2024-06-17 00:00:00
RECON004582,HDFC2026718737,2024-06-17,Unmatched,Missing Settlement,481767.0,100.0,1,2024-06-18
RECON004583,HDFC2026683838,2024-06-17,Matched,None,0.0,0.0,0,2024-06-17 00:00:00
RECON004584,HDFC2026694528,2024-06-17,Matched,None,0.0,0.0,0,2024-06-17 00:00:00
RECON004585,HDFC2026875165,2024-06-17,Matched,None,0.0,0.0,0,2024-06-17 00:00:00
RECON004586,HDFC2026977666,2024-06-17,Matched,None,0.0,0.0,0,2024-06-17 00:00:00
RECON004587,HDFC2026388189,2024-06-17,Matched,None,0.0,0.0,0,2024-06-17 00:00:00
RECON004588,HDFC2026517821,2024-06-17,Matched,None,0.0,0.0,0,2024-06-17 00:00:00
RECON004589,HDFC2026723760,2024-06-17,Matched,None,0.0,0.0,0,2024-06-17 00:00:00
RECON004590,HDFC2026411442,2024-06-18,Matched,None,0.0,0.0,0,2024-06-18 00:00:00
RECON004591,HDFC2026731702,2024-06-18,Matched,None,0.0,0.0,0,2024-06-18 00:00:00
RECON004592,HDFC2026782039,2024-06-18,Matched,None,0.0,0.0,0,2024-06-18 00:00:00
RECON004593,HDFC2026889245,2024-06-18,Matched,None,0.0,0.0,0,2024-06-18 00:00:00
RECON004594,HDFC2026941023,2024-06-18,Duplicate,Duplicate Transaction,0.0,0.0,12,2024-06-30
RECON004595,HDFC2026951794,2024-06-18,Matched,None,0.0,0.0,0,2024-06-18 00:00:00
RECON004596,HDFC2026530523,2024-06-18,Matched,None,0.0,0.0,0,2024-06-18 00:00:00
RECON004597,HDFC2026876154,2024-06-18,Matched,None,0.0,0.0,0,2024-06-18 00:00:00
RECON004598,HDFC2026122750,2024-06-18,Matched,None,0.0,0.0,0,2024-06-18 00:00:00
RECON004599,HDFC2026675300,2024-06-18,Matched,None,0.0,0.0,0,2024-06-18 00:00:00
RECON004600,HDFC2026939963,2024-06-18,Matched,None,0.0,0.0,0,2024-06-18 00:00:00
RECON004601,HDFC2026694094,2024-06-18,Matched,None,0.0,0.0,0,2024-06-18 00:00:00
RECON004602,HDFC2026575875,2024-06-18,Matched,None,0.0,0.0,0,2024-06-18 00:00:00
RECON004603,HDFC2026139623,2024-06-18,Matched,None,0.0,0.0,0,2024-06-18 00:00:00
RECON004604,HDFC2026796503,2024-06-18,Matched,None,0.0,0.0,0,2024-06-18 00:00:00
RECON004605,HDFC2026513214,2024-06-18,Matched,None,0.0,0.0,0,2024-06-18 00:00:00
RECON004606,HDFC2026318546,2024-06-18,Matched,None,0.0,0.0,0,2024-06-18 00:00:00
RECON004607,HDFC2026583339,2024-06-18,Matched,None,0.0,0.0,0,2024-06-18 00:00:00
RECON004608,HDFC2026593498,2024-06-18,Matched,None,0.0,0.0,0,2024-06-18 00:00:00
RECON004609,HDFC2026262831,2024-06-18,Matched,None,0.0,0.0,0,2024-06-18 00:00:00
RECON004610,HDFC2026169847,2024-06-18,Matched,None,0.0,0.0,0,2024-06-18 00:00:00
RECON004611,HDFC2026761654,2024-06-18,Matched,None,0.0,0.0,0,2024-06-18 00:00:00
RECON004612,HDFC2026100716,2024-06-18,Matched,None,0.0,0.0,0,2024-06-18 00:00:00
RECON004613,HDFC2026604797,2024-06-18,Matched,None,0.0,0.0,0,2024-06-18 00:00:00
RECON004614,HDFC2026527398,2024-06-18,Matched,None,0.0,0.0,0,2024-06-18 00:00:00
RECON004615,HDFC2026705258,2024-06-18,Matched,None,0.0,0.0,0,2024-06-18 00:00:00
RECON004616,HDFC2026391276,2024-06-18,Matched,None,0.0,0.0,0,2024-06-18 00:00:00
RECON004617,HDFC2026451216,2024-06-18,Matched,None,0.0,0.0,0,2024-06-18 00:00:00
RECON004618,HDFC2026254069,2024-06-18,Unmatched,Missing Settlement,116827.0,100.0,8,2024-06-26
RECON004619,HDFC2026307940,2024-06-18,Matched,None,0.0,0.0,0,2024-06-18 00:00:00
RECON004620,HDFC2026975260,2024-06-18,Matched,None,0.0,0.0,0,2024-06-18 00:00:00
RECON004621,HDFC2026820104,2024-06-18,Matched,None,0.0,0.0,0,2024-06-18 00:00:00
RECON004622,HDFC2026653073,2024-06-18,Matched,None,0.0,0.0,0,2024-06-18 00:00:00
RECON004623,HDFC2026584569,2024-06-18,Matched,None,0.0,0.0,0,2024-06-18 00:00:00
RECON004624,HDFC2026622636,2024-06-18,Matched,None,0.0,0.0,0,2024-06-18 00:00:00
RECON004625,HDFC2026757070,2024-06-19,Matched,None,0.0,0.0,0,2024-06-19 00:00:00
RECON004626,HDFC2026500901,2024-06-19,Matched,None,0.0,0.0,0,2024-06-19 00:00:00
RECON004627,HDFC2026153395,2024-06-19,Matched,None,0.0,0.0,0,2024-06-19 00:00:00
RECON004628,HDFC2026762736,2024-06-19,Matched,None,0.0,0.0,0,2024-06-19 00:00:00
RECON004629,HDFC2026819150,2024-06-19,Matched,None,0.0,0.0,0,2024-06-19 00:00:00
RECON004630,HDFC2026560205,2024-06-19,Matched,None,0.0,0.0,0,2024-06-19 00:00:00
RECON004631,HDFC2026142191,2024-06-19,Matched,None,0.0,0.0,0,2024-06-19 00:00:00
RECON004632,HDFC2026332335,2024-06-19,Matched,None,0.0,0.0,0,2024-06-19 00:00:00
RECON004633,HDFC2026658352,2024-06-19,Matched,None,0.0,0.0,0,2024-06-19 00:00:00
RECON004634,HDFC2026955156,2024-06-19,Unmatched,Amount Mismatch,-3571.0,-2.946928872640848,11,2024-06-30
RECON004635,HDFC2026700505,2024-06-19,Unmatched,Amount Mismatch,2890.0,3.959066810964834,13,2024-07-02
RECON004636,HDFC2026979236,2024-06-19,Duplicate,Duplicate Transaction,0.0,0.0,4,2024-06-23
RECON004637,HDFC2026579585,2024-06-19,Matched,None,0.0,0.0,0,2024-06-19 00:00:00
RECON004638,HDFC2026481937,2024-06-19,Matched,None,0.0,0.0,0,2024-06-19 00:00:00
RECON004639,HDFC2026427617,2024-06-19,Matched,None,0.0,0.0,0,2024-06-19 00:00:00
RECON004640,HDFC2026645793,2024-06-19,Matched,None,0.0,0.0,0,2024-06-19 00:00:00
RECON004641,HDFC2026828770,2024-06-19,Unmatched,FX Rate Discrepancy,0.0,-1.02,10,2024-06-29
RECON004642,HDFC2026440246,2024-06-19,Matched,None,0.0,0.0,0,2024-06-19 00:00:00
RECON004643,HDFC2026983846,2024-06-19,Matched,None,0.0,0.0,0,2024-06-19 00:00:00
RECON004644,HDFC2026229047,2024-06-19,Matched,None,0.0,0.0,0,2024-06-19 00:00:00
RECON004645,HDFC2026154644,2024-06-19,Matched,None,0.0,0.0,0,2024-06-19 00:00:00
RECON004646,HDFC2026370340,2024-06-19,Matched,None,0.0,0.0,0,2024-06-19 00:00:00
RECON004647,HDFC2026973562,2024-06-20,Matched,None,0.0,0.0,0,2024-06-20 00:00:00
RECON004648,HDFC2026638333,2024-06-20,Unmatched,Missing Settlement,50000.0,100.0,4,2024-06-24
RECON004649,HDFC2026814384,2024-06-20,Matched,None,0.0,0.0,0,2024-06-20 00:00:00
RECON004650,HDFC2026846610,2024-06-20,Matched,None,0.0,0.0,0,2024-06-20 00:00:00
RECON004651,HDFC2026755485,2024-06-20,Unmatched,Amount Mismatch,-2044.0,-0.16070723764386208,3,2024-06-23
RECON004652,HDFC2026209804,2024-06-20,Duplicate,Duplicate Transaction,0.0,0.0,5,2024-06-25
RECON004653,HDFC2026812730,2024-06-20,Matched,None,0.0,0.0,0,2024-06-20 00:00:00
RECON004654,HDFC2026179689,2024-06-20,Unmatched,Missing Settlement,445809.0,100.0,14,2024-07-04
RECON004655,HDFC2026369664,2024-06-20,Matched,None,0.0,0.0,0,2024-06-20 00:00:00
RECON004656,HDFC2026115552,2024-06-20,Matched,None,0.0,0.0,0,2024-06-20 00:00:00
RECON004657,HDFC2026232640,2024-06-20,Matched,None,0.0,0.0,0,2024-06-20 00:00:00
RECON004658,HDFC2026712054,2024-06-20,Matched,None,0.0,0.0,0,2024-06-20 00:00:00
RECON004659,HDFC2026846931,2024-06-20,Matched,None,0.0,0.0,0,2024-06-20 00:00:00
RECON004660,HDFC2026227906,2024-06-20,Unmatched,Amount Mismatch,-4688.0,-2.840230950520123,2,2024-06-22
RECON004661,HDFC2026459988,2024-06-20,Matched,None,0.0,0.0,0,2024-06-20 00:00:00
RECON004662,HDFC2026960824,2024-06-20,Unmatched,Missing Settlement,195128.0,100.0,9,2024-06-29
RECON004663,HDFC2026835799,2024-06-20,Matched,None,0.0,0.0,0,2024-06-20 00:00:00
RECON004664,HDFC2026723438,2024-06-20,Matched,None,0.0,0.0,0,2024-06-20 00:00:00
RECON004665,HDFC2026185992,2024-06-20,Matched,None,0.0,0.0,0,2024-06-20 00:00:00
RECON004666,HDFC2026659905,2024-06-20,Matched,None,0.0,0.0,0,2024-06-20 00:00:00
RECON004667,HDFC2026663053,2024-06-20,Matched,None,0.0,0.0,0,2024-06-20 00:00:00
RECON004668,HDFC2026449115,2024-06-20,Matched,None,0.0,0.0,0,2024-06-20 00:00:00
RECON004669,HDFC2026315811,2024-06-20,Matched,None,0.0,0.0,0,2024-06-20 00:00:00
RECON004670,HDFC2026170793,2024-06-20,Matched,None,0.0,0.0,0,2024-06-20 00:00:00
RECON004671,HDFC2026418411,2024-06-20,Unmatched,FX Rate Discrepancy,0.0,0.52,7,2024-06-27
RECON004672,HDFC2026599618,2024-06-21,Matched,None,0.0,0.0,0,2024-06-21 00:00:00
RECON004673,HDFC2026162200,2024-06-21,Matched,None,0.0,0.0,0,2024-06-21 00:00:00
RECON004674,HDFC2026826230,2024-06-21,Matched,None,0.0,0.0,0,2024-06-21 00:00:00
RECON004675,HDFC2026251631,2024-06-21,Matched,None,0.0,0.0,0,2024-06-21 00:00:00
RECON004676,HDFC2026853914,2024-06-21,Matched,None,0.0,0.0,0,2024-06-21 00:00:00
RECON004677,HDFC2026586707,2024-06-21,Matched,None,0.0,0.0,0,2024-06-21 00:00:00
RECON004678,HDFC2026345799,2024-06-21,Matched,None,0.0,0.0,0,2024-06-21 00:00:00
RECON004679,HDFC2026295285,2024-06-21,Unmatched,Amount Mismatch,-115.0,-0.04062958186860746,3,2024-06-24
RECON004680,HDFC2026465400,2024-06-21,Matched,None,0.0,0.0,0,2024-06-21 00:00:00
RECON004681,HDFC2026171059,2024-06-21,Matched,None,0.0,0.0,0,2024-06-21 00:00:00
RECON004682,HDFC2026738309,2024-06-21,Matched,None,0.0,0.0,0,2024-06-21 00:00:00
RECON004683,HDFC2026742978,2024-06-21,Matched,None,0.0,0.0,0,2024-06-21 00:00:00
RECON004684,HDFC2026476219,2024-06-21,Duplicate,Duplicate Transaction,0.0,0.0,10,2024-07-01
RECON004685,HDFC2026794083,2024-06-21,Unmatched,Amount Mismatch,4336.0,2.990159231495976,10,2024-07-01
RECON004686,HDFC2026592126,2024-06-21,Matched,None,0.0,0.0,0,2024-06-21 00:00:00
RECON004687,HDFC2026535026,2024-06-21,Matched,None,0.0,0.0,0,2024-06-21 00:00:00
RECON004688,HDFC2026242157,2024-06-21,Matched,None,0.0,0.0,0,2024-06-21 00:00:00
RECON004689,HDFC2026234143,2024-06-21,Matched,None,0.0,0.0,0,2024-06-21 00:00:00
RECON004690,HDFC2026458804,2024-06-21,Duplicate,Duplicate Transaction,0.0,0.0,1,2024-06-22
RECON004691,HDFC2026893679,2024-06-21,Matched,None,0.0,0.0,0,2024-06-21 00:00:00
RECON004692,HDFC2026451473,2024-06-21,Matched,None,0.0,0.0,0,2024-06-21 00:00:00
RECON004693,HDFC2026492717,2024-06-21,Matched,None,0.0,0.0,0,2024-06-21 00:00:00
RECON004694,HDFC2026114045,2024-06-21,Matched,None,0.0,0.0,0,2024-06-21 00:00:00
RECON004695,HDFC2026409785,2024-06-21,Matched,None,0.0,0.0,0,2024-06-21 00:00:00
RECON004696,HDFC2026168816,2024-06-21,Matched,None,0.0,0.0,0,2024-06-21 00:00:00
RECON004697,HDFC2026332548,2024-06-21,Unmatched,Missing Settlement,862751.0,100.0,11,2024-07-02
RECON004698,HDFC2026975291,2024-06-21,Matched,None,0.0,0.0,0,2024-06-21 00:00:00
RECON004699,HDFC2026244170,2024-06-21,Matched,None,0.0,0.0,0,2024-06-21 00:00:00
RECON004700,HDFC2026482244,2024-06-21,Duplicate,Duplicate Transaction,0.0,0.0,5,2024-06-26
RECON004701,HDFC2026920577,2024-06-21,Matched,None,0.0,0.0,0,2024-06-21 00:00:00
RECON004702,HDFC2026851606,2024-06-22,Matched,None,0.0,0.0,0,2024-06-22 00:00:00
RECON004703,HDFC2026460832,2024-06-22,Matched,None,0.0,0.0,0,2024-06-22 00:00:00
RECON004704,HDFC2026292545,2024-06-22,Matched,None,0.0,0.0,0,2024-06-22 00:00:00
RECON004705,HDFC2026882824,2024-06-22,Matched,None,0.0,0.0,0,2024-06-22 00:00:00
RECON004706,HDFC2026323768,2024-06-22,Matched,None,0.0,0.0,0,2024-06-22 00:00:00
RECON004707,HDFC2026423911,2024-06-22,Matched,None,0.0,0.0,0,2024-06-22 00:00:00
RECON004708,HDFC2026802382,2024-06-22,Matched,None,0.0,0.0,0,2024-06-22 00:00:00
RECON004709,HDFC2026712862,2024-06-22,Matched,None,0.0,0.0,0,2024-06-22 00:00:00
RECON004710,HDFC2026614199,2024-06-22,Matched,None,0.0,0.0,0,2024-06-22 00:00:00
RECON004711,HDFC2026699218,2024-06-22,Matched,None,0.0,0.0,0,2024-06-22 00:00:00
RECON004712,HDFC2026360564,2024-06-22,Matched,None,0.0,0.0,0,2024-06-22 00:00:00
RECON004713,HDFC2026263728,2024-06-22,Matched,None,0.0,0.0,0,2024-06-22 00:00:00
RECON004714,HDFC2026870283,2024-06-22,Matched,None,0.0,0.0,0,2024-06-22 00:00:00
RECON004715,HDFC2026474426,2024-06-22,Matched,None,0.0,0.0,0,2024-06-22 00:00:00
RECON004716,HDFC2026417201,2024-06-22,Matched,None,0.0,0.0,0,2024-06-22 00:00:00
RECON004717,HDFC2026323557,2024-06-22,Matched,None,0.0,0.0,0,2024-06-22 00:00:00
RECON004718,HDFC2026436039,2024-06-22,Matched,None,0.0,0.0,0,2024-06-22 00:00:00
RECON004719,HDFC2026968300,2024-06-22,Matched,None,0.0,0.0,0,2024-06-22 00:00:00
RECON004720,HDFC2026924265,2024-06-22,Unmatched,Amount Mismatch,4690.0,9.379999999999999,15,2024-07-07
RECON004721,HDFC2026873459,2024-06-22,Duplicate,Duplicate Transaction,0.0,0.0,14,2024-07-06
RECON004722,HDFC2026417543,2024-06-22,Matched,None,0.0,0.0,0,2024-06-22 00:00:00
RECON004723,HDFC2026401466,2024-06-22,Matched,None,0.0,0.0,0,2024-06-22 00:00:00
RECON004724,HDFC2026497343,2024-06-22,Matched,None,0.0,0.0,0,2024-06-22 00:00:00
RECON004725,HDFC2026428283,2024-06-22,Matched,None,0.0,0.0,0,2024-06-22 00:00:00
RECON004726,HDFC2026245952,2024-06-22,Matched,None,0.0,0.0,0,2024-06-22 00:00:00
RECON004727,HDFC2026125886,2024-06-22,Matched,None,0.0,0.0,0,2024-06-22 00:00:00
RECON004728,HDFC2026208990,2024-06-22,Matched,None,0.0,0.0,0,2024-06-22 00:00:00
RECON004729,HDFC2026886864,2024-06-22,Unmatched,Missing Settlement,70301.0,100.0,9,2024-07-01
RECON004730,HDFC2026627833,2024-06-23,Matched,None,0.0,0.0,0,2024-06-23 00:00:00
RECON004731,HDFC2026440306,2024-06-23,Matched,None,0.0,0.0,0,2024-06-23 00:00:00
RECON004732,HDFC2026306417,2024-06-23,Matched,None,0.0,0.0,0,2024-06-23 00:00:00
RECON004733,HDFC2026770384,2024-06-23,Matched,None,0.0,0.0,0,2024-06-23 00:00:00
RECON004734,HDFC2026137322,2024-06-23,Matched,None,0.0,0.0,0,2024-06-23 00:00:00
RECON004735,HDFC2026544212,2024-06-23,Matched,None,0.0,0.0,0,2024-06-23 00:00:00
RECON004736,HDFC2026334275,2024-06-23,Unmatched,FX Rate Discrepancy,0.0,0.51,2,2024-06-25
RECON004737,HDFC2026871171,2024-06-23,Matched,None,0.0,0.0,0,2024-06-23 00:00:00
RECON004738,HDFC2026576119,2024-06-23,Matched,None,0.0,0.0,0,2024-06-23 00:00:00
RECON004739,HDFC2026852818,2024-06-23,Matched,None,0.0,0.0,0,2024-06-23 00:00:00
RECON004740,HDFC2026846290,2024-06-23,Matched,None,0.0,0.0,0,2024-06-23 00:00:00
RECON004741,HDFC2026980413,2024-06-23,Matched,None,0.0,0.0,0,2024-06-23 00:00:00
RECON004742,HDFC2026443226,2024-06-23,Matched,None,0.0,0.0,0,2024-06-23 00:00:00
RECON004743,HDFC2026719020,2024-06-23,Matched,None,0.0,0.0,0,2024-06-23 00:00:00
RECON004744,HDFC2026695539,2024-06-23,Matched,None,0.0,0.0,0,2024-06-23 00:00:00
RECON004745,HDFC2026119560,2024-06-23,Matched,None,0.0,0.0,0,2024-06-23 00:00:00
RECON004746,HDFC2026320887,2024-06-23,Duplicate,Duplicate Transaction,0.0,0.0,6,2024-06-29
RECON004747,HDFC2026223432,2024-06-23,Matched,None,0.0,0.0,0,2024-06-23 00:00:00
RECON004748,HDFC2026651786,2024-06-23,Unmatched,Amount Mismatch,4804.0,0.7601289877499613,7,2024-06-30
RECON004749,HDFC2026383731,2024-06-23,Matched,None,0.0,0.0,0,2024-06-23 00:00:00
RECON004750,HDFC2026899070,2024-06-23,Matched,None,0.0,0.0,0,2024-06-23 00:00:00
RECON004751,HDFC2026961617,2024-06-23,Matched,None,0.0,0.0,0,2024-06-23 00:00:00
RECON004752,HDFC2026592842,2024-06-23,Matched,None,0.0,0.0,0,2024-06-23 00:00:00
RECON004753,HDFC2026545986,2024-06-23,Unmatched,FX Rate Discrepancy,0.0,-1.22,5,2024-06-28
RECON004754,HDFC2026394301,2024-06-23,Matched,None,0.0,0.0,0,2024-06-23 00:00:00
RECON004755,HDFC2026454766,2024-06-24,Matched,None,0.0,0.0,0,2024-06-24 00:00:00
RECON004756,HDFC2026307331,2024-06-24,Matched,None,0.0,0.0,0,2024-06-24 00:00:00
RECON004757,HDFC2026928452,2024-06-24,Matched,None,0.0,0.0,0,2024-06-24 00:00:00
RECON004758,HDFC2026407870,2024-06-24,Unmatched,Amount Mismatch,-4852.0,-0.8570833024203948,6,2024-06-30
RECON004759,HDFC2026982281,2024-06-24,Matched,None,0.0,0.0,0,2024-06-24 00:00:00
RECON004760,HDFC2026385940,2024-06-24,Matched,None,0.0,0.0,0,2024-06-24 00:00:00
RECON004761,HDFC2026114400,2024-06-24,Unmatched,Missing Settlement,176028.0,100.0,6,2024-06-30
RECON004762,HDFC2026294754,2024-06-24,Matched,None,0.0,0.0,0,2024-06-24 00:00:00
RECON004763,HDFC2026956235,2024-06-24,Matched,None,0.0,0.0,0,2024-06-24 00:00:00
RECON004764,HDFC2026835397,2024-06-24,Matched,None,0.0,0.0,0,2024-06-24 00:00:00
RECON004765,HDFC2026914540,2024-06-24,Matched,None,0.0,0.0,0,2024-06-24 00:00:00
RECON004766,HDFC2026429938,2024-06-24,Matched,None,0.0,0.0,0,2024-06-24 00:00:00
RECON004767,HDFC2026427028,2024-06-24,Matched,None,0.0,0.0,0,2024-06-24 00:00:00
RECON004768,HDFC2026608006,2024-06-24,Matched,None,0.0,0.0,0,2024-06-24 00:00:00
RECON004769,HDFC2026654493,2024-06-24,Matched,None,0.0,0.0,0,2024-06-24 00:00:00
RECON004770,HDFC2026317523,2024-06-24,Matched,None,0.0,0.0,0,2024-06-24 00:00:00
RECON004771,HDFC2026252895,2024-06-24,Matched,None,0.0,0.0,0,2024-06-24 00:00:00
RECON004772,HDFC2026670538,2024-06-24,Matched,None,0.0,0.0,0,2024-06-24 00:00:00
RECON004773,HDFC2026108017,2024-06-24,Matched,None,0.0,0.0,0,2024-06-24 00:00:00
RECON004774,HDFC2026274025,2024-06-24,Matched,None,0.0,0.0,0,2024-06-24 00:00:00
RECON004775,HDFC2026167423,2024-06-24,Matched,None,0.0,0.0,0,2024-06-24 00:00:00
RECON004776,HDFC2026145417,2024-06-25,Matched,None,0.0,0.0,0,2024-06-25 00:00:00
RECON004777,HDFC2026955295,2024-06-25,Unmatched,Missing Settlement,88438.0,100.0,15,2024-07-10
RECON004778,HDFC2026655992,2024-06-25,Matched,None,0.0,0.0,0,2024-06-25 00:00:00
RECON004779,HDFC2026921474,2024-06-25,Matched,None,0.0,0.0,0,2024-06-25 00:00:00
RECON004780,HDFC2026569165,2024-06-25,Matched,None,0.0,0.0,0,2024-06-25 00:00:00
RECON004781,HDFC2026149161,2024-06-25,Matched,None,0.0,0.0,0,2024-06-25 00:00:00
RECON004782,HDFC2026312460,2024-06-25,Matched,None,0.0,0.0,0,2024-06-25 00:00:00
RECON004783,HDFC2026947838,2024-06-25,Matched,None,0.0,0.0,0,2024-06-25 00:00:00
RECON004784,HDFC2026935356,2024-06-25,Matched,None,0.0,0.0,0,2024-06-25 00:00:00
RECON004785,HDFC2026216665,2024-06-25,Matched,None,0.0,0.0,0,2024-06-25 00:00:00
RECON004786,HDFC2026481449,2024-06-25,Matched,None,0.0,0.0,0,2024-06-25 00:00:00
RECON004787,HDFC2026496515,2024-06-25,Matched,None,0.0,0.0,0,2024-06-25 00:00:00
RECON004788,HDFC2026381672,2024-06-25,Matched,None,0.0,0.0,0,2024-06-25 00:00:00
RECON004789,HDFC2026179310,2024-06-25,Matched,None,0.0,0.0,0,2024-06-25 00:00:00
RECON004790,HDFC2026496252,2024-06-25,Matched,None,0.0,0.0,0,2024-06-25 00:00:00
RECON004791,HDFC2026341679,2024-06-25,Matched,None,0.0,0.0,0,2024-06-25 00:00:00
RECON004792,HDFC2026592034,2024-06-25,Matched,None,0.0,0.0,0,2024-06-25 00:00:00
RECON004793,HDFC2026903258,2024-06-25,Matched,None,0.0,0.0,0,2024-06-25 00:00:00
RECON004794,HDFC2026751583,2024-06-25,Matched,None,0.0,0.0,0,2024-06-25 00:00:00
RECON004795,HDFC2026241997,2024-06-25,Matched,None,0.0,0.0,0,2024-06-25 00:00:00
RECON004796,HDFC2026716222,2024-06-25,Matched,None,0.0,0.0,0,2024-06-25 00:00:00
RECON004797,HDFC2026853102,2024-06-25,Unmatched,Amount Mismatch,-19.0,-0.0043304152412383164,4,2024-06-29
RECON004798,HDFC2026180455,2024-06-25,Matched,None,0.0,0.0,0,2024-06-25 00:00:00
RECON004799,HDFC2026298331,2024-06-25,Matched,None,0.0,0.0,0,2024-06-25 00:00:00
RECON004800,HDFC2026245932,2024-06-25,Matched,None,0.0,0.0,0,2024-06-25 00:00:00
RECON004801,HDFC2026902693,2024-06-25,Matched,None,0.0,0.0,0,2024-06-25 00:00:00
RECON004802,HDFC2026111662,2024-06-25,Matched,None,0.0,0.0,0,2024-06-25 00:00:00
RECON004803,HDFC2026507873,2024-06-25,Matched,None,0.0,0.0,0,2024-06-25 00:00:00
RECON004804,HDFC2026129141,2024-06-25,Matched,None,0.0,0.0,0,2024-06-25 00:00:00
RECON004805,HDFC2026964940,2024-06-25,Unmatched,FX Rate Discrepancy,0.0,-1.19,10,2024-07-05
RECON004806,HDFC2026944826,2024-06-26,Matched,None,0.0,0.0,0,2024-06-26 00:00:00
RECON004807,HDFC2026575824,2024-06-26,Matched,None,0.0,0.0,0,2024-06-26 00:00:00
RECON004808,HDFC2026620526,2024-06-26,Matched,None,0.0,0.0,0,2024-06-26 00:00:00
RECON004809,HDFC2026209394,2024-06-26,Matched,None,0.0,0.0,0,2024-06-26 00:00:00
RECON004810,HDFC2026596925,2024-06-26,Matched,None,0.0,0.0,0,2024-06-26 00:00:00
RECON004811,HDFC2026856337,2024-06-26,Unmatched,Missing Settlement,83082.0,100.0,8,2024-07-04
RECON004812,HDFC2026172324,2024-06-26,Matched,None,0.0,0.0,0,2024-06-26 00:00:00
RECON004813,HDFC2026795016,2024-06-26,Matched,None,0.0,0.0,0,2024-06-26 00:00:00
RECON004814,HDFC2026540515,2024-06-26,Matched,None,0.0,0.0,0,2024-06-26 00:00:00
RECON004815,HDFC2026700505,2024-06-26,Matched,None,0.0,0.0,0,2024-06-26 00:00:00
RECON004816,HDFC2026914011,2024-06-26,Matched,None,0.0,0.0,0,2024-06-26 00:00:00
RECON004817,HDFC2026907390,2024-06-26,Matched,None,0.0,0.0,0,2024-06-26 00:00:00
RECON004818,HDFC2026325319,2024-06-26,Duplicate,Duplicate Transaction,0.0,0.0,15,2024-07-11
RECON004819,HDFC2026238768,2024-06-26,Matched,None,0.0,0.0,0,2024-06-26 00:00:00
RECON004820,HDFC2026568666,2024-06-26,Matched,None,0.0,0.0,0,2024-06-26 00:00:00
RECON004821,HDFC2026842699,2024-06-26,Matched,None,0.0,0.0,0,2024-06-26 00:00:00
RECON004822,HDFC2026940422,2024-06-26,Unmatched,Missing Settlement,569632.0,100.0,12,2024-07-08
RECON004823,HDFC2026408635,2024-06-26,Unmatched,Missing Settlement,196843.0,100.0,7,2024-07-03
RECON004824,HDFC2026747480,2024-06-26,Matched,None,0.0,0.0,0,2024-06-26 00:00:00
RECON004825,HDFC2026768940,2024-06-26,Matched,None,0.0,0.0,0,2024-06-26 00:00:00
RECON004826,HDFC2026106002,2024-06-26,Matched,None,0.0,0.0,0,2024-06-26 00:00:00
RECON004827,HDFC2026395536,2024-06-26,Matched,None,0.0,0.0,0,2024-06-26 00:00:00
RECON004828,HDFC2026781076,2024-06-26,Unmatched,Amount Mismatch,3914.0,4.192059292897919,9,2024-07-05
RECON004829,HDFC2026693455,2024-06-26,Matched,None,0.0,0.0,0,2024-06-26 00:00:00
RECON004830,HDFC2026760287,2024-06-26,Matched,None,0.0,0.0,0,2024-06-26 00:00:00
RECON004831,HDFC2026568368,2024-06-26,Matched,None,0.0,0.0,0,2024-06-26 00:00:00
RECON004832,HDFC2026900735,2024-06-26,Matched,None,0.0,0.0,0,2024-06-26 00:00:00
RECON004833,HDFC2026504390,2024-06-26,Matched,None,0.0,0.0,0,2024-06-26 00:00:00
RECON004834,HDFC2026262360,2024-06-26,Matched,None,0.0,0.0,0,2024-06-26 00:00:00
RECON004835,HDFC2026542997,2024-06-26,Matched,None,0.0,0.0,0,2024-06-26 00:00:00
RECON004836,HDFC2026236614,2024-06-26,Matched,None,0.0,0.0,0,2024-06-26 00:00:00
RECON004837,HDFC2026841195,2024-06-26,Matched,None,0.0,0.0,0,2024-06-26 00:00:00
RECON004838,HDFC2026304318,2024-06-26,Matched,None,0.0,0.0,0,2024-06-26 00:00:00
RECON004839,HDFC2026890303,2024-06-26,Matched,None,0.0,0.0,0,2024-06-26 00:00:00
RECON004840,HDFC2026697528,2024-06-26,Matched,None,0.0,0.0,0,2024-06-26 00:00:00
RECON004841,HDFC2026156620,2024-06-26,Matched,None,0.0,0.0,0,2024-06-26 00:00:00
RECON004842,HDFC2026925199,2024-06-26,Matched,None,0.0,0.0,0,2024-06-26 00:00:00
RECON004843,HDFC2026148388,2024-06-27,Matched,None,0.0,0.0,0,2024-06-27 00:00:00
RECON004844,HDFC2026617736,2024-06-27,Matched,None,0.0,0.0,0,2024-06-27 00:00:00
RECON004845,HDFC2026333665,2024-06-27,Matched,None,0.0,0.0,0,2024-06-27 00:00:00
RECON004846,HDFC2026870780,2024-06-27,Matched,None,0.0,0.0,0,2024-06-27 00:00:00
RECON004847,HDFC2026855064,2024-06-27,Matched,None,0.0,0.0,0,2024-06-27 00:00:00
RECON004848,HDFC2026713386,2024-06-27,Matched,None,0.0,0.0,0,2024-06-27 00:00:00
RECON004849,HDFC2026294437,2024-06-27,Matched,None,0.0,0.0,0,2024-06-27 00:00:00
RECON004850,HDFC2026700844,2024-06-27,Unmatched,Missing Settlement,340030.0,100.0,15,2024-07-12
RECON004851,HDFC2026699966,2024-06-27,Matched,None,0.0,0.0,0,2024-06-27 00:00:00
RECON004852,HDFC2026703430,2024-06-27,Matched,None,0.0,0.0,0,2024-06-27 00:00:00
RECON004853,HDFC2026916790,2024-06-27,Matched,None,0.0,0.0,0,2024-06-27 00:00:00
RECON004854,HDFC2026196411,2024-06-27,Matched,None,0.0,0.0,0,2024-06-27 00:00:00
RECON004855,HDFC2026875989,2024-06-27,Matched,None,0.0,0.0,0,2024-06-27 00:00:00
RECON004856,HDFC2026229660,2024-06-27,Matched,None,0.0,0.0,0,2024-06-27 00:00:00
RECON004857,HDFC2026557671,2024-06-27,Matched,None,0.0,0.0,0,2024-06-27 00:00:00
RECON004858,HDFC2026269190,2024-06-27,Matched,None,0.0,0.0,0,2024-06-27 00:00:00
RECON004859,HDFC2026138100,2024-06-27,Matched,None,0.0,0.0,0,2024-06-27 00:00:00
RECON004860,HDFC2026830206,2024-06-27,Unmatched,Amount Mismatch,4628.0,0.821571032697746,14,2024-07-11
RECON004861,HDFC2026860652,2024-06-27,Matched,None,0.0,0.0,0,2024-06-27 00:00:00
RECON004862,HDFC2026728155,2024-06-27,Matched,None,0.0,0.0,0,2024-06-27 00:00:00
RECON004863,HDFC2026374676,2024-06-27,Unmatched,FX Rate Discrepancy,0.0,-0.81,7,2024-07-04
RECON004864,HDFC2026785010,2024-06-27,Matched,None,0.0,0.0,0,2024-06-27 00:00:00
RECON004865,HDFC2026130507,2024-06-27,Matched,None,0.0,0.0,0,2024-06-27 00:00:00
RECON004866,HDFC2026238890,2024-06-27,Matched,None,0.0,0.0,0,2024-06-27 00:00:00
RECON004867,HDFC2026258305,2024-06-27,Matched,None,0.0,0.0,0,2024-06-27 00:00:00
RECON004868,HDFC2026130641,2024-06-27,Matched,None,0.0,0.0,0,2024-06-27 00:00:00
RECON004869,HDFC2026347162,2024-06-27,Duplicate,Duplicate Transaction,0.0,0.0,4,2024-07-01
RECON004870,HDFC2026783768,2024-06-27,Matched,None,0.0,0.0,0,2024-06-27 00:00:00
RECON004871,HDFC2026264497,2024-06-27,Matched,None,0.0,0.0,0,2024-06-27 00:00:00
RECON004872,HDFC2026251734,2024-06-28,Matched,None,0.0,0.0,0,2024-06-28 00:00:00
RECON004873,HDFC2026291371,2024-06-28,Matched,None,0.0,0.0,0,2024-06-28 00:00:00
RECON004874,HDFC2026816430,2024-06-28,Matched,None,0.0,0.0,0,2024-06-28 00:00:00
RECON004875,HDFC2026642969,2024-06-28,Matched,None,0.0,0.0,0,2024-06-28 00:00:00
RECON004876,HDFC2026435440,2024-06-28,Matched,None,0.0,0.0,0,2024-06-28 00:00:00
RECON004877,HDFC2026147640,2024-06-28,Matched,None,0.0,0.0,0,2024-06-28 00:00:00
RECON004878,HDFC2026171978,2024-06-28,Matched,None,0.0,0.0,0,2024-06-28 00:00:00
RECON004879,HDFC2026346655,2024-06-28,Matched,None,0.0,0.0,0,2024-06-28 00:00:00
RECON004880,HDFC2026305872,2024-06-28,Matched,None,0.0,0.0,0,2024-06-28 00:00:00
RECON004881,HDFC2026284055,2024-06-28,Matched,None,0.0,0.0,0,2024-06-28 00:00:00
RECON004882,HDFC2026531209,2024-06-28,Matched,None,0.0,0.0,0,2024-06-28 00:00:00
RECON004883,HDFC2026357229,2024-06-28,Matched,None,0.0,0.0,0,2024-06-28 00:00:00
RECON004884,HDFC2026905781,2024-06-28,Matched,None,0.0,0.0,0,2024-06-28 00:00:00
RECON004885,HDFC2026497498,2024-06-28,Unmatched,FX Rate Discrepancy,0.0,-1.27,8,2024-07-06
RECON004886,HDFC2026307643,2024-06-28,Matched,None,0.0,0.0,0,2024-06-28 00:00:00
RECON004887,HDFC2026230485,2024-06-28,Matched,None,0.0,0.0,0,2024-06-28 00:00:00
RECON004888,HDFC2026394184,2024-06-28,Matched,None,0.0,0.0,0,2024-06-28 00:00:00
RECON004889,HDFC2026909329,2024-06-28,Matched,None,0.0,0.0,0,2024-06-28 00:00:00
RECON004890,HDFC2026901203,2024-06-28,Matched,None,0.0,0.0,0,2024-06-28 00:00:00
RECON004891,HDFC2026286063,2024-06-28,Matched,None,0.0,0.0,0,2024-06-28 00:00:00
RECON004892,HDFC2026463509,2024-06-29,Matched,None,0.0,0.0,0,2024-06-29 00:00:00
RECON004893,HDFC2026995513,2024-06-29,Matched,None,0.0,0.0,0,2024-06-29 00:00:00
RECON004894,HDFC2026877107,2024-06-29,Matched,None,0.0,0.0,0,2024-06-29 00:00:00
RECON004895,HDFC2026485760,2024-06-29,Matched,None,0.0,0.0,0,2024-06-29 00:00:00
RECON004896,HDFC2026528084,2024-06-29,Matched,None,0.0,0.0,0,2024-06-29 00:00:00
RECON004897,HDFC2026676411,2024-06-29,Matched,None,0.0,0.0,0,2024-06-29 00:00:00
RECON004898,HDFC2026746460,2024-06-29,Matched,None,0.0,0.0,0,2024-06-29 00:00:00
RECON004899,HDFC2026970980,2024-06-29,Matched,None,0.0,0.0,0,2024-06-29 00:00:00
RECON004900,HDFC2026781755,2024-06-29,Matched,None,0.0,0.0,0,2024-06-29 00:00:00
RECON004901,HDFC2026498200,2024-06-29,Matched,None,0.0,0.0,0,2024-06-29 00:00:00
RECON004902,HDFC2026454955,2024-06-29,Matched,None,0.0,0.0,0,2024-06-29 00:00:00
RECON004903,HDFC2026532459,2024-06-29,Matched,None,0.0,0.0,0,2024-06-29 00:00:00
RECON004904,HDFC2026618996,2024-06-29,Matched,None,0.0,0.0,0,2024-06-29 00:00:00
RECON004905,HDFC2026678275,2024-06-29,Unmatched,Missing Settlement,672673.0,100.0,7,2024-07-06
RECON004906,HDFC2026338267,2024-06-29,Matched,None,0.0,0.0,0,2024-06-29 00:00:00
RECON004907,HDFC2026704490,2024-06-29,Matched,None,0.0,0.0,0,2024-06-29 00:00:00
RECON004908,HDFC2026744910,2024-06-29,Matched,None,0.0,0.0,0,2024-06-29 00:00:00
RECON004909,HDFC2026745262,2024-06-29,Matched,None,0.0,0.0,0,2024-06-29 00:00:00
RECON004910,HDFC2026840967,2024-06-29,Matched,None,0.0,0.0,0,2024-06-29 00:00:00
RECON004911,HDFC2026438649,2024-06-29,Matched,None,0.0,0.0,0,2024-06-29 00:00:00
RECON004912,HDFC2026669461,2024-06-29,Matched,None,0.0,0.0,0,2024-06-29 00:00:00
RECON004913,HDFC2026892404,2024-06-29,Matched,None,0.0,0.0,0,2024-06-29 00:00:00
RECON004914,HDFC2026919260,2024-06-29,Matched,None,0.0,0.0,0,2024-06-29 00:00:00
RECON004915,HDFC2026869038,2024-06-30,Matched,None,0.0,0.0,0,2024-06-30 00:00:00
RECON004916,HDFC2026255627,2024-06-30,Matched,None,0.0,0.0,0,2024-06-30 00:00:00
RECON004917,HDFC2026884996,2024-06-30,Matched,None,0.0,0.0,0,2024-06-30 00:00:00
RECON004918,HDFC2026267299,2024-06-30,Unmatched,FX Rate Discrepancy,0.0,-1.04,4,2024-07-04
RECON004919,HDFC2026598925,2024-06-30,Matched,None,0.0,0.0,0,2024-06-30 00:00:00
RECON004920,HDFC2026613682,2024-06-30,Unmatched,Amount Mismatch,-1520.0,-1.2482036542804351,7,2024-07-07
RECON004921,HDFC2026275928,2024-06-30,Matched,None,0.0,0.0,0,2024-06-30 00:00:00
RECON004922,HDFC2026454753,2024-06-30,Matched,None,0.0,0.0,0,2024-06-30 00:00:00
RECON004923,HDFC2026639904,2024-06-30,Matched,None,0.0,0.0,0,2024-06-30 00:00:00
RECON004924,HDFC2026287315,2024-06-30,Matched,None,0.0,0.0,0,2024-06-30 00:00:00
RECON004925,HDFC2026975290,2024-06-30,Matched,None,0.0,0.0,0,2024-06-30 00:00:00
RECON004926,HDFC2026172491,2024-06-30,Matched,None,0.0,0.0,0,2024-06-30 00:00:00
RECON004927,HDFC2026171019,2024-06-30,Unmatched,Amount Mismatch,4738.0,3.492348969543297,11,2024-07-11
RECON004928,HDFC2026405573,2024-06-30,Matched,None,0.0,0.0,0,2024-06-30 00:00:00
RECON004929,HDFC2026386680,2024-06-30,Matched,None,0.0,0.0,0,2024-06-30 00:00:00
RECON004930,HDFC2026246668,2024-06-30,Matched,None,0.0,0.0,0,2024-06-30 00:00:00
RECON004931,HDFC2026136618,2024-06-30,Matched,None,0.0,0.0,0,2024-06-30 00:00:00
RECON004932,HDFC2026763732,2024-06-30,Matched,None,0.0,0.0,0,2024-06-30 00:00:00
RECON004933,HDFC2026488584,2024-06-30,Duplicate,Duplicate Transaction,0.0,0.0,5,2024-07-05
RECON004934,HDFC2026382781,2024-06-30,Matched,None,0.0,0.0,0,2024-06-30 00:00:00
RECON004935,HDFC2026698673,2024-06-30,Matched,None,0.0,0.0,0,2024-06-30 00:00:00
RECON004936,HDFC2026383412,2024-06-30,Matched,None,0.0,0.0,0,2024-06-30 00:00:00
RECON004937,HDFC2026891730,2024-06-30,Matched,None,0.0,0.0,0,2024-06-30 00:00:00
RECON004938,HDFC2026361890,2024-06-30,Duplicate,Duplicate Transaction,0.0,0.0,12,2024-07-12
RECON004939,HDFC2026741346,2024-06-30,Matched,None,0.0,0.0,0,2024-06-30 00:00:00
RECON004940,HDFC2026484169,2024-07-01,Matched,None,0.0,0.0,0,2024-07-01 00:00:00
RECON004941,HDFC2026844867,2024-07-01,Matched,None,0.0,0.0,0,2024-07-01 00:00:00
RECON004942,HDFC2026211028,2024-07-01,Matched,None,0.0,0.0,0,2024-07-01 00:00:00
RECON004943,HDFC2026345182,2024-07-01,Matched,None,0.0,0.0,0,2024-07-01 00:00:00
RECON004944,HDFC2026271575,2024-07-01,Matched,None,0.0,0.0,0,2024-07-01 00:00:00
RECON004945,HDFC2026446922,2024-07-01,Matched,None,0.0,0.0,0,2024-07-01 00:00:00
RECON004946,HDFC2026248305,2024-07-01,Matched,None,0.0,0.0,0,2024-07-01 00:00:00
RECON004947,HDFC2026723727,2024-07-01,Matched,None,0.0,0.0,0,2024-07-01 00:00:00
RECON004948,HDFC2026747317,2024-07-01,Matched,None,0.0,0.0,0,2024-07-01 00:00:00
RECON004949,HDFC2026943838,2024-07-01,Unmatched,FX Rate Discrepancy,0.0,-1.52,5,2024-07-06
RECON004950,HDFC2026860939,2024-07-01,Matched,None,0.0,0.0,0,2024-07-01 00:00:00
RECON004951,HDFC2026712546,2024-07-01,Matched,None,0.0,0.0,0,2024-07-01 00:00:00
RECON004952,HDFC2026681963,2024-07-01,Unmatched,Missing Settlement,379416.0,100.0,13,2024-07-14
RECON004953,HDFC2026355385,2024-07-01,Matched,None,0.0,0.0,0,2024-07-01 00:00:00
RECON004954,HDFC2026136784,2024-07-01,Matched,None,0.0,0.0,0,2024-07-01 00:00:00
RECON004955,HDFC2026713536,2024-07-01,Matched,None,0.0,0.0,0,2024-07-01 00:00:00
RECON004956,HDFC2026265481,2024-07-01,Matched,None,0.0,0.0,0,2024-07-01 00:00:00
RECON004957,HDFC2026979024,2024-07-01,Unmatched,Amount Mismatch,444.0,0.2600749765698219,4,2024-07-05
RECON004958,HDFC2026263941,2024-07-01,Matched,None,0.0,0.0,0,2024-07-01 00:00:00
RECON004959,HDFC2026851665,2024-07-01,Unmatched,Missing Settlement,330965.0,100.0,8,2024-07-09
RECON004960,HDFC2026411020,2024-07-01,Unmatched,Missing Settlement,270981.0,100.0,15,2024-07-16
RECON004961,HDFC2026619823,2024-07-01,Matched,None,0.0,0.0,0,2024-07-01 00:00:00
RECON004962,HDFC2026726882,2024-07-01,Matched,None,0.0,0.0,0,2024-07-01 00:00:00
RECON004963,HDFC2026196118,2024-07-01,Matched,None,0.0,0.0,0,2024-07-01 00:00:00
RECON004964,HDFC2026402207,2024-07-02,Matched,None,0.0,0.0,0,2024-07-02 00:00:00
RECON004965,HDFC2026760956,2024-07-02,Matched,None,0.0,0.0,0,2024-07-02 00:00:00
RECON004966,HDFC2026913163,2024-07-02,Matched,None,0.0,0.0,0,2024-07-02 00:00:00
RECON004967,HDFC2026706916,2024-07-02,Matched,None,0.0,0.0,0,2024-07-02 00:00:00
RECON004968,HDFC2026262671,2024-07-02,Matched,None,0.0,0.0,0,2024-07-02 00:00:00
RECON004969,HDFC2026460040,2024-07-02,Matched,None,0.0,0.0,0,2024-07-02 00:00:00
RECON004970,HDFC2026284246,2024-07-02,Matched,None,0.0,0.0,0,2024-07-02 00:00:00
RECON004971,HDFC2026730742,2024-07-02,Matched,None,0.0,0.0,0,2024-07-02 00:00:00
RECON004972,HDFC2026374429,2024-07-02,Matched,None,0.0,0.0,0,2024-07-02 00:00:00
RECON004973,HDFC2026625310,2024-07-02,Matched,None,0.0,0.0,0,2024-07-02 00:00:00
RECON004974,HDFC2026295996,2024-07-02,Matched,None,0.0,0.0,0,2024-07-02 00:00:00
RECON004975,HDFC2026407618,2024-07-02,Matched,None,0.0,0.0,0,2024-07-02 00:00:00
RECON004976,HDFC2026448970,2024-07-02,Matched,None,0.0,0.0,0,2024-07-02 00:00:00
RECON004977,HDFC2026824517,2024-07-02,Matched,None,0.0,0.0,0,2024-07-02 00:00:00
RECON004978,HDFC2026426730,2024-07-02,Matched,None,0.0,0.0,0,2024-07-02 00:00:00
RECON004979,HDFC2026501439,2024-07-02,Matched,None,0.0,0.0,0,2024-07-02 00:00:00
RECON004980,HDFC2026444625,2024-07-02,Matched,None,0.0,0.0,0,2024-07-02 00:00:00
RECON004981,HDFC2026367250,2024-07-02,Matched,None,0.0,0.0,0,2024-07-02 00:00:00
RECON004982,HDFC2026483761,2024-07-02,Unmatched,Amount Mismatch,-358.0,-0.3613387702369898,7,2024-07-09
RECON004983,HDFC2026760049,2024-07-02,Unmatched,FX Rate Discrepancy,0.0,1.5,3,2024-07-05
RECON004984,HDFC2026768663,2024-07-02,Matched,None,0.0,0.0,0,2024-07-02 00:00:00
RECON004985,HDFC2026157111,2024-07-03,Unmatched,FX Rate Discrepancy,0.0,-1.46,5,2024-07-08
RECON004986,HDFC2026546626,2024-07-03,Matched,None,0.0,0.0,0,2024-07-03 00:00:00
RECON004987,HDFC2026569519,2024-07-03,Unmatched,Missing Settlement,360646.0,100.0,11,2024-07-14
RECON004988,HDFC2026183902,2024-07-03,Matched,None,0.0,0.0,0,2024-07-03 00:00:00
RECON004989,HDFC2026762215,2024-07-03,Matched,None,0.0,0.0,0,2024-07-03 00:00:00
RECON004990,HDFC2026592016,2024-07-03,Unmatched,Amount Mismatch,-1798.0,-0.9891675698276383,13,2024-07-16
RECON004991,HDFC2026648913,2024-07-03,Duplicate,Duplicate Transaction,0.0,0.0,15,2024-07-18
RECON004992,HDFC2026153015,2024-07-03,Matched,None,0.0,0.0,0,2024-07-03 00:00:00
RECON004993,HDFC2026898376,2024-07-03,Matched,None,0.0,0.0,0,2024-07-03 00:00:00
RECON004994,HDFC2026404969,2024-07-03,Matched,None,0.0,0.0,0,2024-07-03 00:00:00
RECON004995,HDFC2026973389,2024-07-03,Matched,None,0.0,0.0,0,2024-07-03 00:00:00
RECON004996,HDFC2026929130,2024-07-03,Matched,None,0.0,0.0,0,2024-07-03 00:00:00
RECON004997,HDFC2026183195,2024-07-03,Unmatched,Amount Mismatch,1440.0,1.0630601367213455,4,2024-07-07
RECON004998,HDFC2026994889,2024-07-03,Duplicate,Duplicate Transaction,0.0,0.0,1,2024-07-04
RECON004999,HDFC2026802573,2024-07-03,Matched,None,0.0,0.0,0,2024-07-03 00:00:00
RECON005000,HDFC2026808720,2024-07-03,Matched,None,0.0,0.0,0,2024-07-03 00:00:00
RECON005001,HDFC2026505083,2024-07-03,Matched,None,0.0,0.0,0,2024-07-03 00:00:00
RECON005002,HDFC2026277581,2024-07-03,Matched,None,0.0,0.0,0,2024-07-03 00:00:00
RECON005003,HDFC2026855167,2024-07-03,Matched,None,0.0,0.0,0,2024-07-03 00:00:00
RECON005004,HDFC2026873719,2024-07-03,Matched,None,0.0,0.0,0,2024-07-03 00:00:00
RECON005005,HDFC2026111410,2024-07-03,Matched,None,0.0,0.0,0,2024-07-03 00:00:00
RECON005006,HDFC2026224099,2024-07-03,Matched,None,0.0,0.0,0,2024-07-03 00:00:00
RECON005007,HDFC2026512586,2024-07-03,Matched,None,0.0,0.0,0,2024-07-03 00:00:00
RECON005008,HDFC2026514362,2024-07-03,Matched,None,0.0,0.0,0,2024-07-03 00:00:00
RECON005009,HDFC2026713382,2024-07-03,Matched,None,0.0,0.0,0,2024-07-03 00:00:00
RECON005010,HDFC2026234373,2024-07-03,Matched,None,0.0,0.0,0,2024-07-03 00:00:00
RECON005011,HDFC2026368632,2024-07-03,Matched,None,0.0,0.0,0,2024-07-03 00:00:00
RECON005012,HDFC2026377487,2024-07-03,Unmatched,Amount Mismatch,1584.0,1.2202543737337166,8,2024-07-11
RECON005013,HDFC2026939209,2024-07-03,Matched,None,0.0,0.0,0,2024-07-03 00:00:00
RECON005014,HDFC2026462006,2024-07-03,Matched,None,0.0,0.0,0,2024-07-03 00:00:00
RECON005015,HDFC2026682426,2024-07-03,Matched,None,0.0,0.0,0,2024-07-03 00:00:00
RECON005016,HDFC2026333008,2024-07-03,Matched,None,0.0,0.0,0,2024-07-03 00:00:00
RECON005017,HDFC2026884149,2024-07-03,Matched,None,0.0,0.0,0,2024-07-03 00:00:00
RECON005018,HDFC2026179421,2024-07-03,Matched,None,0.0,0.0,0,2024-07-03 00:00:00
RECON005019,HDFC2026217301,2024-07-04,Matched,None,0.0,0.0,0,2024-07-04 00:00:00
RECON005020,HDFC2026960429,2024-07-04,Matched,None,0.0,0.0,0,2024-07-04 00:00:00
RECON005021,HDFC2026828537,2024-07-04,Matched,None,0.0,0.0,0,2024-07-04 00:00:00
RECON005022,HDFC2026228453,2024-07-04,Matched,None,0.0,0.0,0,2024-07-04 00:00:00
RECON005023,HDFC2026477550,2024-07-04,Matched,None,0.0,0.0,0,2024-07-04 00:00:00
RECON005024,HDFC2026985652,2024-07-04,Matched,None,0.0,0.0,0,2024-07-04 00:00:00
RECON005025,HDFC2026546362,2024-07-04,Matched,None,0.0,0.0,0,2024-07-04 00:00:00
RECON005026,HDFC2026614984,2024-07-04,Matched,None,0.0,0.0,0,2024-07-04 00:00:00
RECON005027,HDFC2026997004,2024-07-04,Matched,None,0.0,0.0,0,2024-07-04 00:00:00
RECON005028,HDFC2026382203,2024-07-04,Matched,None,0.0,0.0,0,2024-07-04 00:00:00
RECON005029,HDFC2026587961,2024-07-04,Matched,None,0.0,0.0,0,2024-07-04 00:00:00
RECON005030,HDFC2026992378,2024-07-04,Matched,None,0.0,0.0,0,2024-07-04 00:00:00
RECON005031,HDFC2026115849,2024-07-04,Matched,None,0.0,0.0,0,2024-07-04 00:00:00
RECON005032,HDFC2026938796,2024-07-04,Matched,None,0.0,0.0,0,2024-07-04 00:00:00
RECON005033,HDFC2026509084,2024-07-04,Matched,None,0.0,0.0,0,2024-07-04 00:00:00
RECON005034,HDFC2026647125,2024-07-04,Matched,None,0.0,0.0,0,2024-07-04 00:00:00
RECON005035,HDFC2026631566,2024-07-04,Matched,None,0.0,0.0,0,2024-07-04 00:00:00
RECON005036,HDFC2026708196,2024-07-04,Matched,None,0.0,0.0,0,2024-07-04 00:00:00
RECON005037,HDFC2026476917,2024-07-04,Matched,None,0.0,0.0,0,2024-07-04 00:00:00
RECON005038,HDFC2026554582,2024-07-04,Unmatched,Missing Settlement,535770.0,100.0,5,2024-07-09
RECON005039,HDFC2026648781,2024-07-04,Matched,None,0.0,0.0,0,2024-07-04 00:00:00
RECON005040,HDFC2026107007,2024-07-04,Matched,None,0.0,0.0,0,2024-07-04 00:00:00
RECON005041,HDFC2026479637,2024-07-04,Matched,None,0.0,0.0,0,2024-07-04 00:00:00
RECON005042,HDFC2026289383,2024-07-04,Unmatched,Amount Mismatch,569.0,0.11599343587234608,6,2024-07-10
RECON005043,HDFC2026954320,2024-07-04,Matched,None,0.0,0.0,0,2024-07-04 00:00:00
RECON005044,HDFC2026419187,2024-07-04,Matched,None,0.0,0.0,0,2024-07-04 00:00:00
RECON005045,HDFC2026619647,2024-07-04,Matched,None,0.0,0.0,0,2024-07-04 00:00:00
RECON005046,HDFC2026201283,2024-07-04,Matched,None,0.0,0.0,0,2024-07-04 00:00:00
RECON005047,HDFC2026350222,2024-07-04,Unmatched,FX Rate Discrepancy,0.0,0.74,9,2024-07-13
RECON005048,HDFC2026171736,2024-07-04,Matched,None,0.0,0.0,0,2024-07-04 00:00:00
RECON005049,HDFC2026786376,2024-07-04,Unmatched,FX Rate Discrepancy,0.0,0.94,6,2024-07-10
RECON005050,HDFC2026238424,2024-07-05,Matched,None,0.0,0.0,0,2024-07-05 00:00:00
RECON005051,HDFC2026543843,2024-07-05,Matched,None,0.0,0.0,0,2024-07-05 00:00:00
RECON005052,HDFC2026953309,2024-07-05,Matched,None,0.0,0.0,0,2024-07-05 00:00:00
RECON005053,HDFC2026227557,2024-07-05,Matched,None,0.0,0.0,0,2024-07-05 00:00:00
RECON005054,HDFC2026622670,2024-07-05,Matched,None,0.0,0.0,0,2024-07-05 00:00:00
RECON005055,HDFC2026533676,2024-07-05,Matched,None,0.0,0.0,0,2024-07-05 00:00:00
RECON005056,HDFC2026850630,2024-07-05,Matched,None,0.0,0.0,0,2024-07-05 00:00:00
RECON005057,HDFC2026355565,2024-07-05,Matched,None,0.0,0.0,0,2024-07-05 00:00:00
RECON005058,HDFC2026703226,2024-07-05,Matched,None,0.0,0.0,0,2024-07-05 00:00:00
RECON005059,HDFC2026456793,2024-07-05,Matched,None,0.0,0.0,0,2024-07-05 00:00:00
RECON005060,HDFC2026546470,2024-07-05,Matched,None,0.0,0.0,0,2024-07-05 00:00:00
RECON005061,HDFC2026640132,2024-07-05,Matched,None,0.0,0.0,0,2024-07-05 00:00:00
RECON005062,HDFC2026379282,2024-07-05,Unmatched,Amount Mismatch,-1400.0,-0.593580008225323,2,2024-07-07
RECON005063,HDFC2026807842,2024-07-05,Matched,None,0.0,0.0,0,2024-07-05 00:00:00
RECON005064,HDFC2026352631,2024-07-05,Matched,None,0.0,0.0,0,2024-07-05 00:00:00
RECON005065,HDFC2026423232,2024-07-05,Matched,None,0.0,0.0,0,2024-07-05 00:00:00
RECON005066,HDFC2026560299,2024-07-05,Matched,None,0.0,0.0,0,2024-07-05 00:00:00
RECON005067,HDFC2026722476,2024-07-05,Unmatched,FX Rate Discrepancy,0.0,0.36,15,2024-07-20
RECON005068,HDFC2026281860,2024-07-05,Matched,None,0.0,0.0,0,2024-07-05 00:00:00
RECON005069,HDFC2026724756,2024-07-05,Matched,None,0.0,0.0,0,2024-07-05 00:00:00
RECON005070,HDFC2026365852,2024-07-05,Matched,None,0.0,0.0,0,2024-07-05 00:00:00
RECON005071,HDFC2026510360,2024-07-05,Matched,None,0.0,0.0,0,2024-07-05 00:00:00
RECON005072,HDFC2026955604,2024-07-05,Matched,None,0.0,0.0,0,2024-07-05 00:00:00
RECON005073,HDFC2026343458,2024-07-06,Matched,None,0.0,0.0,0,2024-07-06 00:00:00
RECON005074,HDFC2026232465,2024-07-06,Unmatched,Missing Settlement,279086.0,100.0,2,2024-07-08
RECON005075,HDFC2026951112,2024-07-06,Matched,None,0.0,0.0,0,2024-07-06 00:00:00
RECON005076,HDFC2026562241,2024-07-06,Unmatched,Amount Mismatch,-4589.0,-9.178,3,2024-07-09
RECON005077,HDFC2026325820,2024-07-06,Matched,None,0.0,0.0,0,2024-07-06 00:00:00
RECON005078,HDFC2026664495,2024-07-06,Matched,None,0.0,0.0,0,2024-07-06 00:00:00
RECON005079,HDFC2026302657,2024-07-06,Unmatched,Amount Mismatch,-4553.0,-6.0948020829150105,6,2024-07-12
RECON005080,HDFC2026655178,2024-07-06,Matched,None,0.0,0.0,0,2024-07-06 00:00:00
RECON005081,HDFC2026151470,2024-07-06,Matched,None,0.0,0.0,0,2024-07-06 00:00:00
RECON005082,HDFC2026760078,2024-07-06,Matched,None,0.0,0.0,0,2024-07-06 00:00:00
RECON005083,HDFC2026419889,2024-07-06,Matched,None,0.0,0.0,0,2024-07-06 00:00:00
RECON005084,HDFC2026422823,2024-07-06,Matched,None,0.0,0.0,0,2024-07-06 00:00:00
RECON005085,HDFC2026866694,2024-07-06,Matched,None,0.0,0.0,0,2024-07-06 00:00:00
RECON005086,HDFC2026638301,2024-07-06,Matched,None,0.0,0.0,0,2024-07-06 00:00:00
RECON005087,HDFC2026123556,2024-07-06,Matched,None,0.0,0.0,0,2024-07-06 00:00:00
RECON005088,HDFC2026788758,2024-07-06,Matched,None,0.0,0.0,0,2024-07-06 00:00:00
RECON005089,HDFC2026294287,2024-07-06,Matched,None,0.0,0.0,0,2024-07-06 00:00:00
RECON005090,HDFC2026379279,2024-07-06,Matched,None,0.0,0.0,0,2024-07-06 00:00:00
RECON005091,HDFC2026515253,2024-07-06,Matched,None,0.0,0.0,0,2024-07-06 00:00:00
RECON005092,HDFC2026393289,2024-07-06,Matched,None,0.0,0.0,0,2024-07-06 00:00:00
RECON005093,HDFC2026232006,2024-07-06,Matched,None,0.0,0.0,0,2024-07-06 00:00:00
RECON005094,HDFC2026593289,2024-07-06,Matched,None,0.0,0.0,0,2024-07-06 00:00:00
RECON005095,HDFC2026238982,2024-07-06,Matched,None,0.0,0.0,0,2024-07-06 00:00:00
RECON005096,HDFC2026318321,2024-07-06,Unmatched,Amount Mismatch,-3214.0,-1.0490891464644652,13,2024-07-19
RECON005097,HDFC2026684929,2024-07-06,Matched,None,0.0,0.0,0,2024-07-06 00:00:00
RECON005098,HDFC2026544114,2024-07-06,Matched,None,0.0,0.0,0,2024-07-06 00:00:00
RECON005099,HDFC2026940883,2024-07-06,Matched,None,0.0,0.0,0,2024-07-06 00:00:00
RECON005100,HDFC2026944307,2024-07-07,Matched,None,0.0,0.0,0,2024-07-07 00:00:00
RECON005101,HDFC2026938171,2024-07-07,Unmatched,Missing Settlement,209118.0,100.0,11,2024-07-18
RECON005102,HDFC2026643628,2024-07-07,Matched,None,0.0,0.0,0,2024-07-07 00:00:00
RECON005103,HDFC2026831318,2024-07-07,Matched,None,0.0,0.0,0,2024-07-07 00:00:00
RECON005104,HDFC2026554044,2024-07-07,Matched,None,0.0,0.0,0,2024-07-07 00:00:00
RECON005105,HDFC2026375655,2024-07-07,Matched,None,0.0,0.0,0,2024-07-07 00:00:00
RECON005106,HDFC2026798853,2024-07-07,Matched,None,0.0,0.0,0,2024-07-07 00:00:00
RECON005107,HDFC2026586462,2024-07-07,Matched,None,0.0,0.0,0,2024-07-07 00:00:00
RECON005108,HDFC2026482209,2024-07-07,Matched,None,0.0,0.0,0,2024-07-07 00:00:00
RECON005109,HDFC2026160244,2024-07-07,Matched,None,0.0,0.0,0,2024-07-07 00:00:00
RECON005110,HDFC2026998714,2024-07-07,Matched,None,0.0,0.0,0,2024-07-07 00:00:00
RECON005111,HDFC2026128192,2024-07-07,Matched,None,0.0,0.0,0,2024-07-07 00:00:00
RECON005112,HDFC2026843092,2024-07-07,Matched,None,0.0,0.0,0,2024-07-07 00:00:00
RECON005113,HDFC2026863783,2024-07-07,Matched,None,0.0,0.0,0,2024-07-07 00:00:00
RECON005114,HDFC2026223965,2024-07-07,Matched,None,0.0,0.0,0,2024-07-07 00:00:00
RECON005115,HDFC2026404488,2024-07-07,Matched,None,0.0,0.0,0,2024-07-07 00:00:00
RECON005116,HDFC2026123781,2024-07-07,Matched,None,0.0,0.0,0,2024-07-07 00:00:00
RECON005117,HDFC2026193387,2024-07-07,Matched,None,0.0,0.0,0,2024-07-07 00:00:00
RECON005118,HDFC2026118946,2024-07-07,Matched,None,0.0,0.0,0,2024-07-07 00:00:00
RECON005119,HDFC2026453642,2024-07-07,Matched,None,0.0,0.0,0,2024-07-07 00:00:00
RECON005120,HDFC2026613019,2024-07-07,Matched,None,0.0,0.0,0,2024-07-07 00:00:00
RECON005121,HDFC2026505297,2024-07-07,Matched,None,0.0,0.0,0,2024-07-07 00:00:00
RECON005122,HDFC2026182533,2024-07-07,Matched,None,0.0,0.0,0,2024-07-07 00:00:00
RECON005123,HDFC2026244946,2024-07-07,Matched,None,0.0,0.0,0,2024-07-07 00:00:00
RECON005124,HDFC2026511148,2024-07-07,Matched,None,0.0,0.0,0,2024-07-07 00:00:00
RECON005125,HDFC2026160823,2024-07-07,Matched,None,0.0,0.0,0,2024-07-07 00:00:00
RECON005126,HDFC2026877371,2024-07-08,Matched,None,0.0,0.0,0,2024-07-08 00:00:00
RECON005127,HDFC2026346636,2024-07-08,Matched,None,0.0,0.0,0,2024-07-08 00:00:00
RECON005128,HDFC2026193107,2024-07-08,Matched,None,0.0,0.0,0,2024-07-08 00:00:00
RECON005129,HDFC2026926595,2024-07-08,Matched,None,0.0,0.0,0,2024-07-08 00:00:00
RECON005130,HDFC2026189045,2024-07-08,Matched,None,0.0,0.0,0,2024-07-08 00:00:00
RECON005131,HDFC2026300952,2024-07-08,Matched,None,0.0,0.0,0,2024-07-08 00:00:00
RECON005132,HDFC2026770667,2024-07-08,Matched,None,0.0,0.0,0,2024-07-08 00:00:00
RECON005133,HDFC2026711150,2024-07-08,Matched,None,0.0,0.0,0,2024-07-08 00:00:00
RECON005134,HDFC2026488999,2024-07-08,Matched,None,0.0,0.0,0,2024-07-08 00:00:00
RECON005135,HDFC2026270795,2024-07-08,Matched,None,0.0,0.0,0,2024-07-08 00:00:00
RECON005136,HDFC2026780562,2024-07-08,Duplicate,Duplicate Transaction,0.0,0.0,11,2024-07-19
RECON005137,HDFC2026998668,2024-07-08,Matched,None,0.0,0.0,0,2024-07-08 00:00:00
RECON005138,HDFC2026189139,2024-07-08,Matched,None,0.0,0.0,0,2024-07-08 00:00:00
RECON005139,HDFC2026299621,2024-07-08,Matched,None,0.0,0.0,0,2024-07-08 00:00:00
RECON005140,HDFC2026479387,2024-07-08,Matched,None,0.0,0.0,0,2024-07-08 00:00:00
RECON005141,HDFC2026947576,2024-07-08,Matched,None,0.0,0.0,0,2024-07-08 00:00:00
RECON005142,HDFC2026350922,2024-07-08,Matched,None,0.0,0.0,0,2024-07-08 00:00:00
RECON005143,HDFC2026579800,2024-07-08,Matched,None,0.0,0.0,0,2024-07-08 00:00:00
RECON005144,HDFC2026363863,2024-07-08,Unmatched,Amount Mismatch,-4270.0,-0.8884893807832439,1,2024-07-09
RECON005145,HDFC2026571635,2024-07-08,Matched,None,0.0,0.0,0,2024-07-08 00:00:00
RECON005146,HDFC2026187914,2024-07-08,Matched,None,0.0,0.0,0,2024-07-08 00:00:00
RECON005147,HDFC2026686181,2024-07-08,Matched,None,0.0,0.0,0,2024-07-08 00:00:00
RECON005148,HDFC2026293862,2024-07-08,Matched,None,0.0,0.0,0,2024-07-08 00:00:00
RECON005149,HDFC2026954775,2024-07-08,Matched,None,0.0,0.0,0,2024-07-08 00:00:00
RECON005150,HDFC2026468558,2024-07-08,Matched,None,0.0,0.0,0,2024-07-08 00:00:00
RECON005151,HDFC2026223461,2024-07-09,Matched,None,0.0,0.0,0,2024-07-09 00:00:00
RECON005152,HDFC2026464724,2024-07-09,Matched,None,0.0,0.0,0,2024-07-09 00:00:00
RECON005153,HDFC2026481574,2024-07-09,Matched,None,0.0,0.0,0,2024-07-09 00:00:00
RECON005154,HDFC2026438791,2024-07-09,Matched,None,0.0,0.0,0,2024-07-09 00:00:00
RECON005155,HDFC2026247859,2024-07-09,Matched,None,0.0,0.0,0,2024-07-09 00:00:00
RECON005156,HDFC2026950408,2024-07-09,Matched,None,0.0,0.0,0,2024-07-09 00:00:00
RECON005157,HDFC2026219257,2024-07-09,Unmatched,FX Rate Discrepancy,0.0,-1.41,6,2024-07-15
RECON005158,HDFC2026443569,2024-07-09,Unmatched,FX Rate Discrepancy,0.0,1.34,7,2024-07-16
RECON005159,HDFC2026922343,2024-07-09,Matched,None,0.0,0.0,0,2024-07-09 00:00:00
RECON005160,HDFC2026235630,2024-07-09,Matched,None,0.0,0.0,0,2024-07-09 00:00:00
RECON005161,HDFC2026788866,2024-07-09,Matched,None,0.0,0.0,0,2024-07-09 00:00:00
RECON005162,HDFC2026820720,2024-07-09,Matched,None,0.0,0.0,0,2024-07-09 00:00:00
RECON005163,HDFC2026604101,2024-07-09,Matched,None,0.0,0.0,0,2024-07-09 00:00:00
RECON005164,HDFC2026255130,2024-07-09,Matched,None,0.0,0.0,0,2024-07-09 00:00:00
RECON005165,HDFC2026166891,2024-07-09,Unmatched,Amount Mismatch,2913.0,2.082692843916006,4,2024-07-13
RECON005166,HDFC2026151955,2024-07-09,Matched,None,0.0,0.0,0,2024-07-09 00:00:00
RECON005167,HDFC2026744979,2024-07-09,Matched,None,0.0,0.0,0,2024-07-09 00:00:00
RECON005168,HDFC2026876338,2024-07-09,Matched,None,0.0,0.0,0,2024-07-09 00:00:00
RECON005169,HDFC2026594628,2024-07-09,Matched,None,0.0,0.0,0,2024-07-09 00:00:00
RECON005170,HDFC2026514468,2024-07-09,Matched,None,0.0,0.0,0,2024-07-09 00:00:00
RECON005171,HDFC2026881304,2024-07-09,Matched,None,0.0,0.0,0,2024-07-09 00:00:00
RECON005172,HDFC2026435316,2024-07-09,Matched,None,0.0,0.0,0,2024-07-09 00:00:00
RECON005173,HDFC2026397167,2024-07-09,Matched,None,0.0,0.0,0,2024-07-09 00:00:00
RECON005174,HDFC2026675819,2024-07-09,Matched,None,0.0,0.0,0,2024-07-09 00:00:00
RECON005175,HDFC2026211120,2024-07-09,Matched,None,0.0,0.0,0,2024-07-09 00:00:00
RECON005176,HDFC2026243850,2024-07-09,Matched,None,0.0,0.0,0,2024-07-09 00:00:00
RECON005177,HDFC2026666426,2024-07-10,Matched,None,0.0,0.0,0,2024-07-10 00:00:00
RECON005178,HDFC2026391250,2024-07-10,Unmatched,Missing Settlement,192067.0,100.0,10,2024-07-20
RECON005179,HDFC2026357393,2024-07-10,Matched,None,0.0,0.0,0,2024-07-10 00:00:00
RECON005180,HDFC2026186316,2024-07-10,Matched,None,0.0,0.0,0,2024-07-10 00:00:00
RECON005181,HDFC2026126221,2024-07-10,Matched,None,0.0,0.0,0,2024-07-10 00:00:00
RECON005182,HDFC2026524966,2024-07-10,Matched,None,0.0,0.0,0,2024-07-10 00:00:00
RECON005183,HDFC2026367351,2024-07-10,Matched,None,0.0,0.0,0,2024-07-10 00:00:00
RECON005184,HDFC2026256426,2024-07-10,Matched,None,0.0,0.0,0,2024-07-10 00:00:00
RECON005185,HDFC2026122521,2024-07-10,Matched,None,0.0,0.0,0,2024-07-10 00:00:00
RECON005186,HDFC2026567432,2024-07-10,Matched,None,0.0,0.0,0,2024-07-10 00:00:00
RECON005187,HDFC2026728850,2024-07-10,Matched,None,0.0,0.0,0,2024-07-10 00:00:00
RECON005188,HDFC2026260263,2024-07-10,Matched,None,0.0,0.0,0,2024-07-10 00:00:00
RECON005189,HDFC2026783648,2024-07-10,Matched,None,0.0,0.0,0,2024-07-10 00:00:00
RECON005190,HDFC2026641975,2024-07-10,Matched,None,0.0,0.0,0,2024-07-10 00:00:00
RECON005191,HDFC2026268619,2024-07-10,Matched,None,0.0,0.0,0,2024-07-10 00:00:00
RECON005192,HDFC2026413911,2024-07-10,Matched,None,0.0,0.0,0,2024-07-10 00:00:00
RECON005193,HDFC2026463473,2024-07-10,Matched,None,0.0,0.0,0,2024-07-10 00:00:00
RECON005194,HDFC2026524254,2024-07-10,Matched,None,0.0,0.0,0,2024-07-10 00:00:00
RECON005195,HDFC2026621662,2024-07-10,Matched,None,0.0,0.0,0,2024-07-10 00:00:00
RECON005196,HDFC2026150923,2024-07-10,Matched,None,0.0,0.0,0,2024-07-10 00:00:00
RECON005197,HDFC2026768934,2024-07-10,Matched,None,0.0,0.0,0,2024-07-10 00:00:00
RECON005198,HDFC2026448242,2024-07-10,Matched,None,0.0,0.0,0,2024-07-10 00:00:00
RECON005199,HDFC2026886739,2024-07-10,Matched,None,0.0,0.0,0,2024-07-10 00:00:00
RECON005200,HDFC2026388519,2024-07-10,Matched,None,0.0,0.0,0,2024-07-10 00:00:00
RECON005201,HDFC2026388199,2024-07-10,Matched,None,0.0,0.0,0,2024-07-10 00:00:00
RECON005202,HDFC2026156479,2024-07-10,Unmatched,Amount Mismatch,-3187.0,-2.5814447018419218,11,2024-07-21
RECON005203,HDFC2026872919,2024-07-10,Matched,None,0.0,0.0,0,2024-07-10 00:00:00
RECON005204,HDFC2026279699,2024-07-10,Matched,None,0.0,0.0,0,2024-07-10 00:00:00
RECON005205,HDFC2026960487,2024-07-10,Matched,None,0.0,0.0,0,2024-07-10 00:00:00
RECON005206,HDFC2026144935,2024-07-10,Matched,None,0.0,0.0,0,2024-07-10 00:00:00
RECON005207,HDFC2026261443,2024-07-10,Matched,None,0.0,0.0,0,2024-07-10 00:00:00
RECON005208,HDFC2026262810,2024-07-10,Matched,None,0.0,0.0,0,2024-07-10 00:00:00
RECON005209,HDFC2026683283,2024-07-10,Matched,None,0.0,0.0,0,2024-07-10 00:00:00
RECON005210,HDFC2026171919,2024-07-11,Unmatched,FX Rate Discrepancy,0.0,1.62,10,2024-07-21
RECON005211,HDFC2026637403,2024-07-11,Matched,None,0.0,0.0,0,2024-07-11 00:00:00
RECON005212,HDFC2026366121,2024-07-11,Matched,None,0.0,0.0,0,2024-07-11 00:00:00
RECON005213,HDFC2026289052,2024-07-11,Matched,None,0.0,0.0,0,2024-07-11 00:00:00
RECON005214,HDFC2026646509,2024-07-11,Matched,None,0.0,0.0,0,2024-07-11 00:00:00
RECON005215,HDFC2026213598,2024-07-11,Matched,None,0.0,0.0,0,2024-07-11 00:00:00
RECON005216,HDFC2026704223,2024-07-11,Matched,None,0.0,0.0,0,2024-07-11 00:00:00
RECON005217,HDFC2026948302,2024-07-11,Matched,None,0.0,0.0,0,2024-07-11 00:00:00
RECON005218,HDFC2026983758,2024-07-11,Matched,None,0.0,0.0,0,2024-07-11 00:00:00
RECON005219,HDFC2026614760,2024-07-11,Unmatched,Missing Settlement,84086.0,100.0,14,2024-07-25
RECON005220,HDFC2026475666,2024-07-11,Matched,None,0.0,0.0,0,2024-07-11 00:00:00
RECON005221,HDFC2026908828,2024-07-11,Matched,None,0.0,0.0,0,2024-07-11 00:00:00
RECON005222,HDFC2026584638,2024-07-11,Matched,None,0.0,0.0,0,2024-07-11 00:00:00
RECON005223,HDFC2026447600,2024-07-11,Matched,None,0.0,0.0,0,2024-07-11 00:00:00
RECON005224,HDFC2026903694,2024-07-11,Matched,None,0.0,0.0,0,2024-07-11 00:00:00
RECON005225,HDFC2026229090,2024-07-11,Matched,None,0.0,0.0,0,2024-07-11 00:00:00
RECON005226,HDFC2026830706,2024-07-11,Matched,None,0.0,0.0,0,2024-07-11 00:00:00
RECON005227,HDFC2026649643,2024-07-11,Matched,None,0.0,0.0,0,2024-07-11 00:00:00
RECON005228,HDFC2026461651,2024-07-11,Unmatched,Amount Mismatch,-2163.0,-0.6602463332366723,12,2024-07-23
RECON005229,HDFC2026251325,2024-07-11,Matched,None,0.0,0.0,0,2024-07-11 00:00:00
RECON005230,HDFC2026757027,2024-07-11,Matched,None,0.0,0.0,0,2024-07-11 00:00:00
RECON005231,HDFC2026800906,2024-07-11,Unmatched,Amount Mismatch,-3195.0,-0.9490399695831948,2,2024-07-13
RECON005232,HDFC2026247386,2024-07-11,Matched,None,0.0,0.0,0,2024-07-11 00:00:00
RECON005233,HDFC2026574867,2024-07-11,Matched,None,0.0,0.0,0,2024-07-11 00:00:00
RECON005234,HDFC2026560170,2024-07-11,Matched,None,0.0,0.0,0,2024-07-11 00:00:00
RECON005235,HDFC2026685713,2024-07-11,Matched,None,0.0,0.0,0,2024-07-11 00:00:00
RECON005236,HDFC2026845811,2024-07-11,Matched,None,0.0,0.0,0,2024-07-11 00:00:00
RECON005237,HDFC2026844127,2024-07-11,Matched,None,0.0,0.0,0,2024-07-11 00:00:00
RECON005238,HDFC2026669558,2024-07-11,Matched,None,0.0,0.0,0,2024-07-11 00:00:00
RECON005239,HDFC2026564197,2024-07-12,Matched,None,0.0,0.0,0,2024-07-12 00:00:00
RECON005240,HDFC2026505502,2024-07-12,Matched,None,0.0,0.0,0,2024-07-12 00:00:00
RECON005241,HDFC2026560568,2024-07-12,Matched,None,0.0,0.0,0,2024-07-12 00:00:00
RECON005242,HDFC2026232804,2024-07-12,Matched,None,0.0,0.0,0,2024-07-12 00:00:00
RECON005243,HDFC2026964774,2024-07-12,Matched,None,0.0,0.0,0,2024-07-12 00:00:00
RECON005244,HDFC2026681004,2024-07-12,Matched,None,0.0,0.0,0,2024-07-12 00:00:00
RECON005245,HDFC2026730134,2024-07-12,Matched,None,0.0,0.0,0,2024-07-12 00:00:00
RECON005246,HDFC2026625288,2024-07-12,Matched,None,0.0,0.0,0,2024-07-12 00:00:00
RECON005247,HDFC2026620129,2024-07-12,Matched,None,0.0,0.0,0,2024-07-12 00:00:00
RECON005248,HDFC2026152302,2024-07-12,Matched,None,0.0,0.0,0,2024-07-12 00:00:00
RECON005249,HDFC2026303258,2024-07-12,Matched,None,0.0,0.0,0,2024-07-12 00:00:00
RECON005250,HDFC2026242203,2024-07-12,Matched,None,0.0,0.0,0,2024-07-12 00:00:00
RECON005251,HDFC2026609911,2024-07-12,Matched,None,0.0,0.0,0,2024-07-12 00:00:00
RECON005252,HDFC2026617033,2024-07-12,Matched,None,0.0,0.0,0,2024-07-12 00:00:00
RECON005253,HDFC2026207099,2024-07-12,Matched,None,0.0,0.0,0,2024-07-12 00:00:00
RECON005254,HDFC2026170332,2024-07-12,Matched,None,0.0,0.0,0,2024-07-12 00:00:00
RECON005255,HDFC2026642138,2024-07-12,Matched,None,0.0,0.0,0,2024-07-12 00:00:00
RECON005256,HDFC2026115490,2024-07-12,Matched,None,0.0,0.0,0,2024-07-12 00:00:00
RECON005257,HDFC2026700743,2024-07-12,Matched,None,0.0,0.0,0,2024-07-12 00:00:00
RECON005258,HDFC2026325306,2024-07-12,Matched,None,0.0,0.0,0,2024-07-12 00:00:00
RECON005259,HDFC2026157189,2024-07-12,Matched,None,0.0,0.0,0,2024-07-12 00:00:00
RECON005260,HDFC2026959879,2024-07-12,Matched,None,0.0,0.0,0,2024-07-12 00:00:00
RECON005261,HDFC2026861593,2024-07-12,Matched,None,0.0,0.0,0,2024-07-12 00:00:00
RECON005262,HDFC2026576773,2024-07-13,Matched,None,0.0,0.0,0,2024-07-13 00:00:00
RECON005263,HDFC2026200385,2024-07-13,Matched,None,0.0,0.0,0,2024-07-13 00:00:00
RECON005264,HDFC2026108726,2024-07-13,Matched,None,0.0,0.0,0,2024-07-13 00:00:00
RECON005265,HDFC2026495316,2024-07-13,Unmatched,Amount Mismatch,-4146.0,-4.040305605363685,2,2024-07-15
RECON005266,HDFC2026706491,2024-07-13,Matched,None,0.0,0.0,0,2024-07-13 00:00:00
RECON005267,HDFC2026211616,2024-07-13,Unmatched,Amount Mismatch,4604.0,1.803735974424873,14,2024-07-27
RECON005268,HDFC2026412466,2024-07-13,Matched,None,0.0,0.0,0,2024-07-13 00:00:00
RECON005269,HDFC2026645405,2024-07-13,Matched,None,0.0,0.0,0,2024-07-13 00:00:00
RECON005270,HDFC2026973680,2024-07-13,Matched,None,0.0,0.0,0,2024-07-13 00:00:00
RECON005271,HDFC2026394322,2024-07-13,Matched,None,0.0,0.0,0,2024-07-13 00:00:00
RECON005272,HDFC2026184388,2024-07-13,Matched,None,0.0,0.0,0,2024-07-13 00:00:00
RECON005273,HDFC2026818569,2024-07-13,Matched,None,0.0,0.0,0,2024-07-13 00:00:00
RECON005274,HDFC2026726107,2024-07-13,Matched,None,0.0,0.0,0,2024-07-13 00:00:00
RECON005275,HDFC2026789565,2024-07-13,Matched,None,0.0,0.0,0,2024-07-13 00:00:00
RECON005276,HDFC2026252549,2024-07-13,Matched,None,0.0,0.0,0,2024-07-13 00:00:00
RECON005277,HDFC2026313934,2024-07-13,Matched,None,0.0,0.0,0,2024-07-13 00:00:00
RECON005278,HDFC2026200757,2024-07-13,Matched,None,0.0,0.0,0,2024-07-13 00:00:00
RECON005279,HDFC2026799627,2024-07-13,Matched,None,0.0,0.0,0,2024-07-13 00:00:00
RECON005280,HDFC2026798200,2024-07-13,Matched,None,0.0,0.0,0,2024-07-13 00:00:00
RECON005281,HDFC2026525792,2024-07-13,Matched,None,0.0,0.0,0,2024-07-13 00:00:00
RECON005282,HDFC2026657772,2024-07-13,Matched,None,0.0,0.0,0,2024-07-13 00:00:00
RECON005283,HDFC2026569660,2024-07-13,Matched,None,0.0,0.0,0,2024-07-13 00:00:00
RECON005284,HDFC2026586129,2024-07-13,Matched,None,0.0,0.0,0,2024-07-13 00:00:00
RECON005285,HDFC2026933078,2024-07-13,Unmatched,FX Rate Discrepancy,0.0,0.93,9,2024-07-22
RECON005286,HDFC2026725942,2024-07-13,Matched,None,0.0,0.0,0,2024-07-13 00:00:00
RECON005287,HDFC2026856625,2024-07-13,Matched,None,0.0,0.0,0,2024-07-13 00:00:00
RECON005288,HDFC2026941390,2024-07-13,Matched,None,0.0,0.0,0,2024-07-13 00:00:00
RECON005289,HDFC2026238943,2024-07-13,Matched,None,0.0,0.0,0,2024-07-13 00:00:00
RECON005290,HDFC2026520657,2024-07-13,Duplicate,Duplicate Transaction,0.0,0.0,10,2024-07-23
RECON005291,HDFC2026207957,2024-07-13,Matched,None,0.0,0.0,0,2024-07-13 00:00:00
RECON005292,HDFC2026874142,2024-07-13,Matched,None,0.0,0.0,0,2024-07-13 00:00:00
RECON005293,HDFC2026551862,2024-07-13,Duplicate,Duplicate Transaction,0.0,0.0,4,2024-07-17
RECON005294,HDFC2026746656,2024-07-13,Matched,None,0.0,0.0,0,2024-07-13 00:00:00
RECON005295,HDFC2026165338,2024-07-14,Matched,None,0.0,0.0,0,2024-07-14 00:00:00
RECON005296,HDFC2026993902,2024-07-14,Matched,None,0.0,0.0,0,2024-07-14 00:00:00
RECON005297,HDFC2026760274,2024-07-14,Matched,None,0.0,0.0,0,2024-07-14 00:00:00
RECON005298,HDFC2026602894,2024-07-14,Matched,None,0.0,0.0,0,2024-07-14 00:00:00
RECON005299,HDFC2026683021,2024-07-14,Matched,None,0.0,0.0,0,2024-07-14 00:00:00
RECON005300,HDFC2026427215,2024-07-14,Matched,None,0.0,0.0,0,2024-07-14 00:00:00
RECON005301,HDFC2026386281,2024-07-14,Matched,None,0.0,0.0,0,2024-07-14 00:00:00
RECON005302,HDFC2026414342,2024-07-14,Matched,None,0.0,0.0,0,2024-07-14 00:00:00
RECON005303,HDFC2026407805,2024-07-14,Matched,None,0.0,0.0,0,2024-07-14 00:00:00
RECON005304,HDFC2026471300,2024-07-14,Unmatched,Missing Settlement,95419.0,100.0,10,2024-07-24
RECON005305,HDFC2026337419,2024-07-14,Matched,None,0.0,0.0,0,2024-07-14 00:00:00
RECON005306,HDFC2026964753,2024-07-14,Matched,None,0.0,0.0,0,2024-07-14 00:00:00
RECON005307,HDFC2026712955,2024-07-14,Matched,None,0.0,0.0,0,2024-07-14 00:00:00
RECON005308,HDFC2026368247,2024-07-14,Duplicate,Duplicate Transaction,0.0,0.0,4,2024-07-18
RECON005309,HDFC2026147431,2024-07-14,Matched,None,0.0,0.0,0,2024-07-14 00:00:00
RECON005310,HDFC2026893315,2024-07-14,Matched,None,0.0,0.0,0,2024-07-14 00:00:00
RECON005311,HDFC2026503521,2024-07-14,Matched,None,0.0,0.0,0,2024-07-14 00:00:00
RECON005312,HDFC2026373336,2024-07-14,Matched,None,0.0,0.0,0,2024-07-14 00:00:00
RECON005313,HDFC2026542059,2024-07-14,Matched,None,0.0,0.0,0,2024-07-14 00:00:00
RECON005314,HDFC2026453018,2024-07-14,Matched,None,0.0,0.0,0,2024-07-14 00:00:00
RECON005315,HDFC2026839485,2024-07-14,Matched,None,0.0,0.0,0,2024-07-14 00:00:00
RECON005316,HDFC2026283524,2024-07-14,Matched,None,0.0,0.0,0,2024-07-14 00:00:00
RECON005317,HDFC2026445472,2024-07-15,Matched,None,0.0,0.0,0,2024-07-15 00:00:00
RECON005318,HDFC2026216356,2024-07-15,Matched,None,0.0,0.0,0,2024-07-15 00:00:00
RECON005319,HDFC2026902989,2024-07-15,Unmatched,Missing Settlement,129191.0,100.0,9,2024-07-24
RECON005320,HDFC2026718213,2024-07-15,Matched,None,0.0,0.0,0,2024-07-15 00:00:00
RECON005321,HDFC2026379224,2024-07-15,Matched,None,0.0,0.0,0,2024-07-15 00:00:00
RECON005322,HDFC2026125751,2024-07-15,Matched,None,0.0,0.0,0,2024-07-15 00:00:00
RECON005323,HDFC2026201972,2024-07-15,Matched,None,0.0,0.0,0,2024-07-15 00:00:00
RECON005324,HDFC2026266631,2024-07-15,Matched,None,0.0,0.0,0,2024-07-15 00:00:00
RECON005325,HDFC2026587691,2024-07-15,Matched,None,0.0,0.0,0,2024-07-15 00:00:00
RECON005326,HDFC2026616672,2024-07-15,Matched,None,0.0,0.0,0,2024-07-15 00:00:00
RECON005327,HDFC2026554939,2024-07-15,Unmatched,Missing Settlement,253471.0,100.0,3,2024-07-18
RECON005328,HDFC2026481657,2024-07-15,Matched,None,0.0,0.0,0,2024-07-15 00:00:00
RECON005329,HDFC2026244564,2024-07-15,Matched,None,0.0,0.0,0,2024-07-15 00:00:00
RECON005330,HDFC2026340068,2024-07-15,Matched,None,0.0,0.0,0,2024-07-15 00:00:00
RECON005331,HDFC2026433768,2024-07-15,Matched,None,0.0,0.0,0,2024-07-15 00:00:00
RECON005332,HDFC2026921806,2024-07-15,Matched,None,0.0,0.0,0,2024-07-15 00:00:00
RECON005333,HDFC2026991113,2024-07-15,Matched,None,0.0,0.0,0,2024-07-15 00:00:00
RECON005334,HDFC2026611954,2024-07-15,Matched,None,0.0,0.0,0,2024-07-15 00:00:00
RECON005335,HDFC2026111617,2024-07-15,Matched,None,0.0,0.0,0,2024-07-15 00:00:00
RECON005336,HDFC2026859687,2024-07-15,Matched,None,0.0,0.0,0,2024-07-15 00:00:00
RECON005337,HDFC2026442874,2024-07-15,Matched,None,0.0,0.0,0,2024-07-15 00:00:00
RECON005338,HDFC2026321298,2024-07-15,Unmatched,FX Rate Discrepancy,0.0,1.59,6,2024-07-21
RECON005339,HDFC2026555625,2024-07-15,Matched,None,0.0,0.0,0,2024-07-15 00:00:00
RECON005340,HDFC2026992873,2024-07-15,Matched,None,0.0,0.0,0,2024-07-15 00:00:00
RECON005341,HDFC2026445991,2024-07-15,Matched,None,0.0,0.0,0,2024-07-15 00:00:00
RECON005342,HDFC2026308894,2024-07-15,Matched,None,0.0,0.0,0,2024-07-15 00:00:00
RECON005343,HDFC2026405803,2024-07-15,Matched,None,0.0,0.0,0,2024-07-15 00:00:00
RECON005344,HDFC2026462005,2024-07-15,Matched,None,0.0,0.0,0,2024-07-15 00:00:00
RECON005345,HDFC2026949309,2024-07-15,Matched,None,0.0,0.0,0,2024-07-15 00:00:00
RECON005346,HDFC2026783782,2024-07-15,Duplicate,Duplicate Transaction,0.0,0.0,10,2024-07-25
RECON005347,HDFC2026280707,2024-07-15,Matched,None,0.0,0.0,0,2024-07-15 00:00:00
RECON005348,HDFC2026207174,2024-07-16,Matched,None,0.0,0.0,0,2024-07-16 00:00:00
RECON005349,HDFC2026989929,2024-07-16,Matched,None,0.0,0.0,0,2024-07-16 00:00:00
RECON005350,HDFC2026326079,2024-07-16,Matched,None,0.0,0.0,0,2024-07-16 00:00:00
RECON005351,HDFC2026242548,2024-07-16,Matched,None,0.0,0.0,0,2024-07-16 00:00:00
RECON005352,HDFC2026732016,2024-07-16,Matched,None,0.0,0.0,0,2024-07-16 00:00:00
RECON005353,HDFC2026967114,2024-07-16,Unmatched,Amount Mismatch,-1780.0,-0.8627124065798785,3,2024-07-19
RECON005354,HDFC2026869946,2024-07-16,Unmatched,FX Rate Discrepancy,0.0,-0.15,5,2024-07-21
RECON005355,HDFC2026906630,2024-07-16,Unmatched,Missing Settlement,50000.0,100.0,14,2024-07-30
RECON005356,HDFC2026849591,2024-07-16,Matched,None,0.0,0.0,0,2024-07-16 00:00:00
RECON005357,HDFC2026275600,2024-07-16,Matched,None,0.0,0.0,0,2024-07-16 00:00:00
RECON005358,HDFC2026221343,2024-07-16,Matched,None,0.0,0.0,0,2024-07-16 00:00:00
RECON005359,HDFC2026482392,2024-07-16,Matched,None,0.0,0.0,0,2024-07-16 00:00:00
RECON005360,HDFC2026558589,2024-07-16,Matched,None,0.0,0.0,0,2024-07-16 00:00:00
RECON005361,HDFC2026330426,2024-07-16,Matched,None,0.0,0.0,0,2024-07-16 00:00:00
RECON005362,HDFC2026619338,2024-07-16,Unmatched,Missing Settlement,287911.0,100.0,5,2024-07-21
RECON005363,HDFC2026616956,2024-07-16,Matched,None,0.0,0.0,0,2024-07-16 00:00:00
RECON005364,HDFC2026197665,2024-07-16,Matched,None,0.0,0.0,0,2024-07-16 00:00:00
RECON005365,HDFC2026375736,2024-07-16,Matched,None,0.0,0.0,0,2024-07-16 00:00:00
RECON005366,HDFC2026858605,2024-07-16,Matched,None,0.0,0.0,0,2024-07-16 00:00:00
RECON005367,HDFC2026176176,2024-07-17,Matched,None,0.0,0.0,0,2024-07-17 00:00:00
RECON005368,HDFC2026210808,2024-07-17,Matched,None,0.0,0.0,0,2024-07-17 00:00:00
RECON005369,HDFC2026567080,2024-07-17,Unmatched,Amount Mismatch,2906.0,0.4375774531667146,10,2024-07-27
RECON005370,HDFC2026140786,2024-07-17,Matched,None,0.0,0.0,0,2024-07-17 00:00:00
RECON005371,HDFC2026308005,2024-07-17,Matched,None,0.0,0.0,0,2024-07-17 00:00:00
RECON005372,HDFC2026270855,2024-07-17,Matched,None,0.0,0.0,0,2024-07-17 00:00:00
RECON005373,HDFC2026981802,2024-07-17,Matched,None,0.0,0.0,0,2024-07-17 00:00:00
RECON005374,HDFC2026151694,2024-07-17,Matched,None,0.0,0.0,0,2024-07-17 00:00:00
RECON005375,HDFC2026790857,2024-07-17,Duplicate,Duplicate Transaction,0.0,0.0,7,2024-07-24
RECON005376,HDFC2026635638,2024-07-17,Matched,None,0.0,0.0,0,2024-07-17 00:00:00
RECON005377,HDFC2026725969,2024-07-17,Unmatched,Missing Settlement,631091.0,100.0,2,2024-07-19
RECON005378,HDFC2026563912,2024-07-17,Matched,None,0.0,0.0,0,2024-07-17 00:00:00
RECON005379,HDFC2026993867,2024-07-17,Matched,None,0.0,0.0,0,2024-07-17 00:00:00
RECON005380,HDFC2026767360,2024-07-17,Matched,None,0.0,0.0,0,2024-07-17 00:00:00
RECON005381,HDFC2026703656,2024-07-17,Matched,None,0.0,0.0,0,2024-07-17 00:00:00
RECON005382,HDFC2026642895,2024-07-17,Unmatched,Amount Mismatch,460.0,0.03261432917642438,4,2024-07-21
RECON005383,HDFC2026565161,2024-07-17,Matched,None,0.0,0.0,0,2024-07-17 00:00:00
RECON005384,HDFC2026623860,2024-07-17,Matched,None,0.0,0.0,0,2024-07-17 00:00:00
RECON005385,HDFC2026426212,2024-07-17,Unmatched,Missing Settlement,397471.0,100.0,15,2024-08-01
RECON005386,HDFC2026787679,2024-07-17,Duplicate,Duplicate Transaction,0.0,0.0,3,2024-07-20
RECON005387,HDFC2026208584,2024-07-17,Matched,None,0.0,0.0,0,2024-07-17 00:00:00
RECON005388,HDFC2026144648,2024-07-17,Matched,None,0.0,0.0,0,2024-07-17 00:00:00
RECON005389,HDFC2026170666,2024-07-17,Matched,None,0.0,0.0,0,2024-07-17 00:00:00
RECON005390,HDFC2026247100,2024-07-17,Duplicate,Duplicate Transaction,0.0,0.0,7,2024-07-24
RECON005391,HDFC2026521307,2024-07-17,Matched,None,0.0,0.0,0,2024-07-17 00:00:00
RECON005392,HDFC2026558408,2024-07-17,Matched,None,0.0,0.0,0,2024-07-17 00:00:00
RECON005393,HDFC2026962852,2024-07-18,Matched,None,0.0,0.0,0,2024-07-18 00:00:00
RECON005394,HDFC2026715285,2024-07-18,Matched,None,0.0,0.0,0,2024-07-18 00:00:00
RECON005395,HDFC2026555190,2024-07-18,Matched,None,0.0,0.0,0,2024-07-18 00:00:00
RECON005396,HDFC2026829685,2024-07-18,Matched,None,0.0,0.0,0,2024-07-18 00:00:00
RECON005397,HDFC2026296928,2024-07-18,Matched,None,0.0,0.0,0,2024-07-18 00:00:00
RECON005398,HDFC2026285658,2024-07-18,Matched,None,0.0,0.0,0,2024-07-18 00:00:00
RECON005399,HDFC2026536095,2024-07-18,Matched,None,0.0,0.0,0,2024-07-18 00:00:00
RECON005400,HDFC2026597866,2024-07-18,Unmatched,Amount Mismatch,-4912.0,-1.8834428046119809,1,2024-07-19
RECON005401,HDFC2026946451,2024-07-18,Unmatched,Missing Settlement,308620.0,100.0,1,2024-07-19
RECON005402,HDFC2026625318,2024-07-18,Matched,None,0.0,0.0,0,2024-07-18 00:00:00
RECON005403,HDFC2026595793,2024-07-18,Matched,None,0.0,0.0,0,2024-07-18 00:00:00
RECON005404,HDFC2026546608,2024-07-18,Matched,None,0.0,0.0,0,2024-07-18 00:00:00
RECON005405,HDFC2026667759,2024-07-18,Matched,None,0.0,0.0,0,2024-07-18 00:00:00
RECON005406,HDFC2026857611,2024-07-18,Matched,None,0.0,0.0,0,2024-07-18 00:00:00
RECON005407,HDFC2026291528,2024-07-18,Unmatched,Missing Settlement,210212.0,100.0,3,2024-07-21
RECON005408,HDFC2026909549,2024-07-18,Matched,None,0.0,0.0,0,2024-07-18 00:00:00
RECON005409,HDFC2026499540,2024-07-18,Matched,None,0.0,0.0,0,2024-07-18 00:00:00
RECON005410,HDFC2026800912,2024-07-18,Matched,None,0.0,0.0,0,2024-07-18 00:00:00
RECON005411,HDFC2026837661,2024-07-18,Matched,None,0.0,0.0,0,2024-07-18 00:00:00
RECON005412,HDFC2026986210,2024-07-18,Matched,None,0.0,0.0,0,2024-07-18 00:00:00
RECON005413,HDFC2026456705,2024-07-18,Matched,None,0.0,0.0,0,2024-07-18 00:00:00
RECON005414,HDFC2026875584,2024-07-18,Matched,None,0.0,0.0,0,2024-07-18 00:00:00
RECON005415,HDFC2026734561,2024-07-18,Matched,None,0.0,0.0,0,2024-07-18 00:00:00
RECON005416,HDFC2026823285,2024-07-18,Matched,None,0.0,0.0,0,2024-07-18 00:00:00
RECON005417,HDFC2026316826,2024-07-18,Matched,None,0.0,0.0,0,2024-07-18 00:00:00
RECON005418,HDFC2026626236,2024-07-18,Matched,None,0.0,0.0,0,2024-07-18 00:00:00
RECON005419,HDFC2026931569,2024-07-18,Matched,None,0.0,0.0,0,2024-07-18 00:00:00
RECON005420,HDFC2026445320,2024-07-18,Matched,None,0.0,0.0,0,2024-07-18 00:00:00
RECON005421,HDFC2026913755,2024-07-18,Matched,None,0.0,0.0,0,2024-07-18 00:00:00
RECON005422,HDFC2026235822,2024-07-18,Matched,None,0.0,0.0,0,2024-07-18 00:00:00
RECON005423,HDFC2026552870,2024-07-18,Matched,None,0.0,0.0,0,2024-07-18 00:00:00
RECON005424,HDFC2026269717,2024-07-18,Matched,None,0.0,0.0,0,2024-07-18 00:00:00
RECON005425,HDFC2026373150,2024-07-19,Matched,None,0.0,0.0,0,2024-07-19 00:00:00
RECON005426,HDFC2026547181,2024-07-19,Unmatched,FX Rate Discrepancy,0.0,-0.38,13,2024-08-01
RECON005427,HDFC2026636676,2024-07-19,Matched,None,0.0,0.0,0,2024-07-19 00:00:00
RECON005428,HDFC2026489985,2024-07-19,Matched,None,0.0,0.0,0,2024-07-19 00:00:00
RECON005429,HDFC2026778992,2024-07-19,Matched,None,0.0,0.0,0,2024-07-19 00:00:00
RECON005430,HDFC2026596853,2024-07-19,Matched,None,0.0,0.0,0,2024-07-19 00:00:00
RECON005431,HDFC2026429276,2024-07-19,Matched,None,0.0,0.0,0,2024-07-19 00:00:00
RECON005432,HDFC2026537695,2024-07-19,Matched,None,0.0,0.0,0,2024-07-19 00:00:00
RECON005433,HDFC2026884170,2024-07-19,Matched,None,0.0,0.0,0,2024-07-19 00:00:00
RECON005434,HDFC2026185454,2024-07-19,Matched,None,0.0,0.0,0,2024-07-19 00:00:00
RECON005435,HDFC2026329540,2024-07-19,Matched,None,0.0,0.0,0,2024-07-19 00:00:00
RECON005436,HDFC2026207479,2024-07-19,Matched,None,0.0,0.0,0,2024-07-19 00:00:00
RECON005437,HDFC2026419894,2024-07-19,Matched,None,0.0,0.0,0,2024-07-19 00:00:00
RECON005438,HDFC2026123186,2024-07-19,Matched,None,0.0,0.0,0,2024-07-19 00:00:00
RECON005439,HDFC2026556813,2024-07-19,Matched,None,0.0,0.0,0,2024-07-19 00:00:00
RECON005440,HDFC2026353046,2024-07-19,Matched,None,0.0,0.0,0,2024-07-19 00:00:00
RECON005441,HDFC2026258646,2024-07-19,Unmatched,Amount Mismatch,3097.0,1.387942779291553,9,2024-07-28
RECON005442,HDFC2026220570,2024-07-19,Matched,None,0.0,0.0,0,2024-07-19 00:00:00
RECON005443,HDFC2026131544,2024-07-19,Matched,None,0.0,0.0,0,2024-07-19 00:00:00
RECON005444,HDFC2026888925,2024-07-19,Matched,None,0.0,0.0,0,2024-07-19 00:00:00
RECON005445,HDFC2026369891,2024-07-19,Duplicate,Duplicate Transaction,0.0,0.0,10,2024-07-29
RECON005446,HDFC2026542629,2024-07-19,Unmatched,Missing Settlement,171067.0,100.0,10,2024-07-29
RECON005447,HDFC2026862595,2024-07-19,Matched,None,0.0,0.0,0,2024-07-19 00:00:00
RECON005448,HDFC2026525873,2024-07-19,Unmatched,Missing Settlement,138954.0,100.0,10,2024-07-29
RECON005449,HDFC2026634131,2024-07-19,Matched,None,0.0,0.0,0,2024-07-19 00:00:00
RECON005450,HDFC2026369552,2024-07-19,Matched,None,0.0,0.0,0,2024-07-19 00:00:00
RECON005451,HDFC2026793816,2024-07-19,Matched,None,0.0,0.0,0,2024-07-19 00:00:00
RECON005452,HDFC2026136823,2024-07-19,Matched,None,0.0,0.0,0,2024-07-19 00:00:00
RECON005453,HDFC2026543447,2024-07-19,Unmatched,Missing Settlement,50000.0,100.0,9,2024-07-28
RECON005454,HDFC2026805315,2024-07-19,Matched,None,0.0,0.0,0,2024-07-19 00:00:00
RECON005455,HDFC2026729557,2024-07-19,Matched,None,0.0,0.0,0,2024-07-19 00:00:00
RECON005456,HDFC2026835885,2024-07-19,Matched,None,0.0,0.0,0,2024-07-19 00:00:00
RECON005457,HDFC2026503992,2024-07-20,Matched,None,0.0,0.0,0,2024-07-20 00:00:00
RECON005458,HDFC2026434595,2024-07-20,Matched,None,0.0,0.0,0,2024-07-20 00:00:00
RECON005459,HDFC2026701980,2024-07-20,Matched,None,0.0,0.0,0,2024-07-20 00:00:00
RECON005460,HDFC2026967607,2024-07-20,Matched,None,0.0,0.0,0,2024-07-20 00:00:00
RECON005461,HDFC2026265477,2024-07-20,Matched,None,0.0,0.0,0,2024-07-20 00:00:00
RECON005462,HDFC2026956156,2024-07-20,Matched,None,0.0,0.0,0,2024-07-20 00:00:00
RECON005463,HDFC2026810048,2024-07-20,Matched,None,0.0,0.0,0,2024-07-20 00:00:00
RECON005464,HDFC2026311321,2024-07-20,Matched,None,0.0,0.0,0,2024-07-20 00:00:00
RECON005465,HDFC2026719224,2024-07-20,Matched,None,0.0,0.0,0,2024-07-20 00:00:00
RECON005466,HDFC2026851431,2024-07-20,Matched,None,0.0,0.0,0,2024-07-20 00:00:00
RECON005467,HDFC2026695345,2024-07-20,Matched,None,0.0,0.0,0,2024-07-20 00:00:00
RECON005468,HDFC2026190442,2024-07-20,Matched,None,0.0,0.0,0,2024-07-20 00:00:00
RECON005469,HDFC2026499396,2024-07-20,Matched,None,0.0,0.0,0,2024-07-20 00:00:00
RECON005470,HDFC2026270395,2024-07-20,Matched,None,0.0,0.0,0,2024-07-20 00:00:00
RECON005471,HDFC2026457447,2024-07-20,Matched,None,0.0,0.0,0,2024-07-20 00:00:00
RECON005472,HDFC2026751863,2024-07-20,Matched,None,0.0,0.0,0,2024-07-20 00:00:00
RECON005473,HDFC2026394040,2024-07-20,Matched,None,0.0,0.0,0,2024-07-20 00:00:00
RECON005474,HDFC2026996730,2024-07-20,Matched,None,0.0,0.0,0,2024-07-20 00:00:00
RECON005475,HDFC2026542040,2024-07-20,Matched,None,0.0,0.0,0,2024-07-20 00:00:00
RECON005476,HDFC2026510945,2024-07-20,Matched,None,0.0,0.0,0,2024-07-20 00:00:00
RECON005477,HDFC2026975527,2024-07-20,Matched,None,0.0,0.0,0,2024-07-20 00:00:00
RECON005478,HDFC2026404711,2024-07-20,Duplicate,Duplicate Transaction,0.0,0.0,12,2024-08-01
RECON005479,HDFC2026890933,2024-07-20,Unmatched,Missing Settlement,233670.0,100.0,14,2024-08-03
RECON005480,HDFC2026899502,2024-07-20,Matched,None,0.0,0.0,0,2024-07-20 00:00:00
RECON005481,HDFC2026473864,2024-07-20,Matched,None,0.0,0.0,0,2024-07-20 00:00:00
RECON005482,HDFC2026514326,2024-07-20,Matched,None,0.0,0.0,0,2024-07-20 00:00:00
RECON005483,HDFC2026372988,2024-07-20,Matched,None,0.0,0.0,0,2024-07-20 00:00:00
RECON005484,HDFC2026946270,2024-07-20,Matched,None,0.0,0.0,0,2024-07-20 00:00:00
RECON005485,HDFC2026116368,2024-07-20,Matched,None,0.0,0.0,0,2024-07-20 00:00:00
RECON005486,HDFC2026983855,2024-07-20,Matched,None,0.0,0.0,0,2024-07-20 00:00:00
RECON005487,HDFC2026467752,2024-07-20,Unmatched,Amount Mismatch,-736.0,-0.13758809563868168,12,2024-08-01
RECON005488,HDFC2026617824,2024-07-20,Matched,None,0.0,0.0,0,2024-07-20 00:00:00
RECON005489,HDFC2026602811,2024-07-20,Matched,None,0.0,0.0,0,2024-07-20 00:00:00
RECON005490,HDFC2026252702,2024-07-20,Matched,None,0.0,0.0,0,2024-07-20 00:00:00
RECON005491,HDFC2026291352,2024-07-20,Unmatched,Missing Settlement,200264.0,100.0,11,2024-07-31
RECON005492,HDFC2026184715,2024-07-21,Matched,None,0.0,0.0,0,2024-07-21 00:00:00
RECON005493,HDFC2026924763,2024-07-21,Matched,None,0.0,0.0,0,2024-07-21 00:00:00
RECON005494,HDFC2026167141,2024-07-21,Matched,None,0.0,0.0,0,2024-07-21 00:00:00
RECON005495,HDFC2026227197,2024-07-21,Matched,None,0.0,0.0,0,2024-07-21 00:00:00
RECON005496,HDFC2026988681,2024-07-21,Matched,None,0.0,0.0,0,2024-07-21 00:00:00
RECON005497,HDFC2026845330,2024-07-21,Duplicate,Duplicate Transaction,0.0,0.0,14,2024-08-04
RECON005498,HDFC2026870676,2024-07-21,Unmatched,Missing Settlement,131471.0,100.0,9,2024-07-30
RECON005499,HDFC2026936297,2024-07-21,Unmatched,Missing Settlement,481307.0,100.0,3,2024-07-24
RECON005500,HDFC2026423494,2024-07-21,Unmatched,FX Rate Discrepancy,0.0,-0.39,15,2024-08-05
RECON005501,HDFC2026778205,2024-07-21,Matched,None,0.0,0.0,0,2024-07-21 00:00:00
RECON005502,HDFC2026201690,2024-07-21,Matched,None,0.0,0.0,0,2024-07-21 00:00:00
RECON005503,HDFC2026153717,2024-07-21,Matched,None,0.0,0.0,0,2024-07-21 00:00:00
RECON005504,HDFC2026915488,2024-07-21,Matched,None,0.0,0.0,0,2024-07-21 00:00:00
RECON005505,HDFC2026285217,2024-07-21,Matched,None,0.0,0.0,0,2024-07-21 00:00:00
RECON005506,HDFC2026402589,2024-07-21,Matched,None,0.0,0.0,0,2024-07-21 00:00:00
RECON005507,HDFC2026666320,2024-07-21,Matched,None,0.0,0.0,0,2024-07-21 00:00:00
RECON005508,HDFC2026515473,2024-07-21,Matched,None,0.0,0.0,0,2024-07-21 00:00:00
RECON005509,HDFC2026698025,2024-07-21,Matched,None,0.0,0.0,0,2024-07-21 00:00:00
RECON005510,HDFC2026772995,2024-07-21,Matched,None,0.0,0.0,0,2024-07-21 00:00:00
RECON005511,HDFC2026596979,2024-07-21,Matched,None,0.0,0.0,0,2024-07-21 00:00:00
RECON005512,HDFC2026140983,2024-07-22,Unmatched,Amount Mismatch,-3836.0,-1.1069748650910456,10,2024-08-01
RECON005513,HDFC2026112254,2024-07-22,Matched,None,0.0,0.0,0,2024-07-22 00:00:00
RECON005514,HDFC2026552807,2024-07-22,Duplicate,Duplicate Transaction,0.0,0.0,8,2024-07-30
RECON005515,HDFC2026569237,2024-07-22,Unmatched,FX Rate Discrepancy,0.0,-1.99,1,2024-07-23
RECON005516,HDFC2026336456,2024-07-22,Matched,None,0.0,0.0,0,2024-07-22 00:00:00
RECON005517,HDFC2026815209,2024-07-22,Unmatched,Missing Settlement,120710.0,100.0,10,2024-08-01
RECON005518,HDFC2026773660,2024-07-22,Matched,None,0.0,0.0,0,2024-07-22 00:00:00
RECON005519,HDFC2026386886,2024-07-22,Matched,None,0.0,0.0,0,2024-07-22 00:00:00
RECON005520,HDFC2026442468,2024-07-22,Matched,None,0.0,0.0,0,2024-07-22 00:00:00
RECON005521,HDFC2026159419,2024-07-22,Matched,None,0.0,0.0,0,2024-07-22 00:00:00
RECON005522,HDFC2026668000,2024-07-22,Matched,None,0.0,0.0,0,2024-07-22 00:00:00
RECON005523,HDFC2026252236,2024-07-22,Matched,None,0.0,0.0,0,2024-07-22 00:00:00
RECON005524,HDFC2026452214,2024-07-22,Matched,None,0.0,0.0,0,2024-07-22 00:00:00
RECON005525,HDFC2026521947,2024-07-22,Matched,None,0.0,0.0,0,2024-07-22 00:00:00
RECON005526,HDFC2026856348,2024-07-22,Unmatched,FX Rate Discrepancy,0.0,1.91,11,2024-08-02
RECON005527,HDFC2026670799,2024-07-22,Matched,None,0.0,0.0,0,2024-07-22 00:00:00
RECON005528,HDFC2026830824,2024-07-22,Unmatched,Missing Settlement,206462.0,100.0,3,2024-07-25
RECON005529,HDFC2026490264,2024-07-22,Matched,None,0.0,0.0,0,2024-07-22 00:00:00
RECON005530,HDFC2026375672,2024-07-22,Unmatched,Missing Settlement,50000.0,100.0,8,2024-07-30
RECON005531,HDFC2026667524,2024-07-22,Matched,None,0.0,0.0,0,2024-07-22 00:00:00
RECON005532,HDFC2026806972,2024-07-22,Matched,None,0.0,0.0,0,2024-07-22 00:00:00
RECON005533,HDFC2026380310,2024-07-22,Matched,None,0.0,0.0,0,2024-07-22 00:00:00
RECON005534,HDFC2026466055,2024-07-22,Matched,None,0.0,0.0,0,2024-07-22 00:00:00
RECON005535,HDFC2026947768,2024-07-22,Matched,None,0.0,0.0,0,2024-07-22 00:00:00
RECON005536,HDFC2026210520,2024-07-22,Matched,None,0.0,0.0,0,2024-07-22 00:00:00
RECON005537,HDFC2026601970,2024-07-22,Matched,None,0.0,0.0,0,2024-07-22 00:00:00
RECON005538,HDFC2026457861,2024-07-22,Matched,None,0.0,0.0,0,2024-07-22 00:00:00
RECON005539,HDFC2026908500,2024-07-22,Matched,None,0.0,0.0,0,2024-07-22 00:00:00
RECON005540,HDFC2026729776,2024-07-23,Matched,None,0.0,0.0,0,2024-07-23 00:00:00
RECON005541,HDFC2026797385,2024-07-23,Matched,None,0.0,0.0,0,2024-07-23 00:00:00
RECON005542,HDFC2026195631,2024-07-23,Matched,None,0.0,0.0,0,2024-07-23 00:00:00
RECON005543,HDFC2026164234,2024-07-23,Matched,None,0.0,0.0,0,2024-07-23 00:00:00
RECON005544,HDFC2026995705,2024-07-23,Matched,None,0.0,0.0,0,2024-07-23 00:00:00
RECON005545,HDFC2026197046,2024-07-23,Unmatched,Missing Settlement,508186.0,100.0,3,2024-07-26
RECON005546,HDFC2026960837,2024-07-23,Matched,None,0.0,0.0,0,2024-07-23 00:00:00
RECON005547,HDFC2026561601,2024-07-23,Unmatched,Missing Settlement,426987.0,100.0,10,2024-08-02
RECON005548,HDFC2026287375,2024-07-23,Matched,None,0.0,0.0,0,2024-07-23 00:00:00
RECON005549,HDFC2026919091,2024-07-23,Matched,None,0.0,0.0,0,2024-07-23 00:00:00
RECON005550,HDFC2026869520,2024-07-23,Matched,None,0.0,0.0,0,2024-07-23 00:00:00
RECON005551,HDFC2026418188,2024-07-23,Unmatched,Missing Settlement,50000.0,100.0,11,2024-08-03
RECON005552,HDFC2026831016,2024-07-23,Matched,None,0.0,0.0,0,2024-07-23 00:00:00
RECON005553,HDFC2026733992,2024-07-23,Duplicate,Duplicate Transaction,0.0,0.0,5,2024-07-28
RECON005554,HDFC2026543089,2024-07-23,Unmatched,FX Rate Discrepancy,0.0,0.78,13,2024-08-05
RECON005555,HDFC2026979183,2024-07-23,Matched,None,0.0,0.0,0,2024-07-23 00:00:00
RECON005556,HDFC2026984859,2024-07-23,Matched,None,0.0,0.0,0,2024-07-23 00:00:00
RECON005557,HDFC2026212251,2024-07-23,Matched,None,0.0,0.0,0,2024-07-23 00:00:00
RECON005558,HDFC2026165157,2024-07-23,Matched,None,0.0,0.0,0,2024-07-23 00:00:00
RECON005559,HDFC2026633695,2024-07-23,Matched,None,0.0,0.0,0,2024-07-23 00:00:00
RECON005560,HDFC2026467135,2024-07-23,Unmatched,FX Rate Discrepancy,0.0,1.32,4,2024-07-27
RECON005561,HDFC2026750119,2024-07-23,Matched,None,0.0,0.0,0,2024-07-23 00:00:00
RECON005562,HDFC2026866461,2024-07-23,Matched,None,0.0,0.0,0,2024-07-23 00:00:00
RECON005563,HDFC2026196743,2024-07-24,Matched,None,0.0,0.0,0,2024-07-24 00:00:00
RECON005564,HDFC2026538867,2024-07-24,Matched,None,0.0,0.0,0,2024-07-24 00:00:00
RECON005565,HDFC2026893394,2024-07-24,Unmatched,FX Rate Discrepancy,0.0,1.46,1,2024-07-25
RECON005566,HDFC2026858884,2024-07-24,Matched,None,0.0,0.0,0,2024-07-24 00:00:00
RECON005567,HDFC2026534439,2024-07-24,Matched,None,0.0,0.0,0,2024-07-24 00:00:00
RECON005568,HDFC2026720517,2024-07-24,Matched,None,0.0,0.0,0,2024-07-24 00:00:00
RECON005569,HDFC2026934504,2024-07-24,Matched,None,0.0,0.0,0,2024-07-24 00:00:00
RECON005570,HDFC2026219297,2024-07-24,Unmatched,FX Rate Discrepancy,0.0,1.04,15,2024-08-08
RECON005571,HDFC2026234612,2024-07-24,Matched,None,0.0,0.0,0,2024-07-24 00:00:00
RECON005572,HDFC2026586123,2024-07-24,Matched,None,0.0,0.0,0,2024-07-24 00:00:00
RECON005573,HDFC2026964906,2024-07-24,Matched,None,0.0,0.0,0,2024-07-24 00:00:00
RECON005574,HDFC2026298907,2024-07-24,Matched,None,0.0,0.0,0,2024-07-24 00:00:00
RECON005575,HDFC2026103225,2024-07-24,Matched,None,0.0,0.0,0,2024-07-24 00:00:00
RECON005576,HDFC2026104177,2024-07-24,Matched,None,0.0,0.0,0,2024-07-24 00:00:00
RECON005577,HDFC2026517779,2024-07-24,Matched,None,0.0,0.0,0,2024-07-24 00:00:00
RECON005578,HDFC2026143471,2024-07-24,Matched,None,0.0,0.0,0,2024-07-24 00:00:00
RECON005579,HDFC2026582229,2024-07-24,Matched,None,0.0,0.0,0,2024-07-24 00:00:00
RECON005580,HDFC2026876685,2024-07-24,Matched,None,0.0,0.0,0,2024-07-24 00:00:00
RECON005581,HDFC2026215208,2024-07-24,Matched,None,0.0,0.0,0,2024-07-24 00:00:00
RECON005582,HDFC2026772386,2024-07-24,Matched,None,0.0,0.0,0,2024-07-24 00:00:00
RECON005583,HDFC2026222648,2024-07-24,Matched,None,0.0,0.0,0,2024-07-24 00:00:00
RECON005584,HDFC2026597680,2024-07-24,Matched,None,0.0,0.0,0,2024-07-24 00:00:00
RECON005585,HDFC2026122527,2024-07-24,Matched,None,0.0,0.0,0,2024-07-24 00:00:00
RECON005586,HDFC2026620526,2024-07-24,Matched,None,0.0,0.0,0,2024-07-24 00:00:00
RECON005587,HDFC2026610592,2024-07-24,Matched,None,0.0,0.0,0,2024-07-24 00:00:00
RECON005588,HDFC2026660823,2024-07-24,Duplicate,Duplicate Transaction,0.0,0.0,5,2024-07-29
RECON005589,HDFC2026247262,2024-07-24,Matched,None,0.0,0.0,0,2024-07-24 00:00:00
RECON005590,HDFC2026442027,2024-07-25,Matched,None,0.0,0.0,0,2024-07-25 00:00:00
RECON005591,HDFC2026636593,2024-07-25,Matched,None,0.0,0.0,0,2024-07-25 00:00:00
RECON005592,HDFC2026502599,2024-07-25,Duplicate,Duplicate Transaction,0.0,0.0,8,2024-08-02
RECON005593,HDFC2026130401,2024-07-25,Matched,None,0.0,0.0,0,2024-07-25 00:00:00
RECON005594,HDFC2026124786,2024-07-25,Unmatched,FX Rate Discrepancy,0.0,1.04,1,2024-07-26
RECON005595,HDFC2026887686,2024-07-25,Matched,None,0.0,0.0,0,2024-07-25 00:00:00
RECON005596,HDFC2026696838,2024-07-25,Matched,None,0.0,0.0,0,2024-07-25 00:00:00
RECON005597,HDFC2026833723,2024-07-25,Matched,None,0.0,0.0,0,2024-07-25 00:00:00
RECON005598,HDFC2026736446,2024-07-25,Matched,None,0.0,0.0,0,2024-07-25 00:00:00
RECON005599,HDFC2026573850,2024-07-25,Matched,None,0.0,0.0,0,2024-07-25 00:00:00
RECON005600,HDFC2026736207,2024-07-25,Matched,None,0.0,0.0,0,2024-07-25 00:00:00
RECON005601,HDFC2026961949,2024-07-25,Matched,None,0.0,0.0,0,2024-07-25 00:00:00
RECON005602,HDFC2026766180,2024-07-25,Matched,None,0.0,0.0,0,2024-07-25 00:00:00
RECON005603,HDFC2026669726,2024-07-25,Matched,None,0.0,0.0,0,2024-07-25 00:00:00
RECON005604,HDFC2026373806,2024-07-25,Matched,None,0.0,0.0,0,2024-07-25 00:00:00
RECON005605,HDFC2026750436,2024-07-25,Matched,None,0.0,0.0,0,2024-07-25 00:00:00
RECON005606,HDFC2026917208,2024-07-25,Matched,None,0.0,0.0,0,2024-07-25 00:00:00
RECON005607,HDFC2026397466,2024-07-25,Matched,None,0.0,0.0,0,2024-07-25 00:00:00
RECON005608,HDFC2026642133,2024-07-25,Matched,None,0.0,0.0,0,2024-07-25 00:00:00
RECON005609,HDFC2026501166,2024-07-25,Matched,None,0.0,0.0,0,2024-07-25 00:00:00
RECON005610,HDFC2026615558,2024-07-25,Unmatched,Amount Mismatch,988.0,0.42416176533722577,2,2024-07-27
RECON005611,HDFC2026232053,2024-07-25,Matched,None,0.0,0.0,0,2024-07-25 00:00:00
RECON005612,HDFC2026276560,2024-07-25,Matched,None,0.0,0.0,0,2024-07-25 00:00:00
RECON005613,HDFC2026502886,2024-07-25,Matched,None,0.0,0.0,0,2024-07-25 00:00:00
RECON005614,HDFC2026832064,2024-07-25,Matched,None,0.0,0.0,0,2024-07-25 00:00:00
RECON005615,HDFC2026456643,2024-07-25,Matched,None,0.0,0.0,0,2024-07-25 00:00:00
RECON005616,HDFC2026364634,2024-07-25,Duplicate,Duplicate Transaction,0.0,0.0,8,2024-08-02
RECON005617,HDFC2026248195,2024-07-25,Unmatched,Missing Settlement,105332.0,100.0,9,2024-08-03
RECON005618,HDFC2026643973,2024-07-25,Matched,None,0.0,0.0,0,2024-07-25 00:00:00
RECON005619,HDFC2026169163,2024-07-25,Matched,None,0.0,0.0,0,2024-07-25 00:00:00
RECON005620,HDFC2026111782,2024-07-25,Matched,None,0.0,0.0,0,2024-07-25 00:00:00
RECON005621,HDFC2026819427,2024-07-25,Matched,None,0.0,0.0,0,2024-07-25 00:00:00
RECON005622,HDFC2026579710,2024-07-25,Matched,None,0.0,0.0,0,2024-07-25 00:00:00
RECON005623,HDFC2026374221,2024-07-25,Matched,None,0.0,0.0,0,2024-07-25 00:00:00
RECON005624,HDFC2026381091,2024-07-25,Matched,None,0.0,0.0,0,2024-07-25 00:00:00
RECON005625,HDFC2026614960,2024-07-26,Matched,None,0.0,0.0,0,2024-07-26 00:00:00
RECON005626,HDFC2026681837,2024-07-26,Matched,None,0.0,0.0,0,2024-07-26 00:00:00
RECON005627,HDFC2026816339,2024-07-26,Matched,None,0.0,0.0,0,2024-07-26 00:00:00
RECON005628,HDFC2026825411,2024-07-26,Matched,None,0.0,0.0,0,2024-07-26 00:00:00
RECON005629,HDFC2026870643,2024-07-26,Unmatched,Amount Mismatch,-3604.0,-0.26351405201112255,2,2024-07-28
RECON005630,HDFC2026837134,2024-07-26,Unmatched,Amount Mismatch,2066.0,0.5430639743030329,4,2024-07-30
RECON005631,HDFC2026473514,2024-07-26,Matched,None,0.0,0.0,0,2024-07-26 00:00:00
RECON005632,HDFC2026971860,2024-07-26,Matched,None,0.0,0.0,0,2024-07-26 00:00:00
RECON005633,HDFC2026615326,2024-07-26,Matched,None,0.0,0.0,0,2024-07-26 00:00:00
RECON005634,HDFC2026530546,2024-07-26,Matched,None,0.0,0.0,0,2024-07-26 00:00:00
RECON005635,HDFC2026728004,2024-07-26,Matched,None,0.0,0.0,0,2024-07-26 00:00:00
RECON005636,HDFC2026225323,2024-07-26,Matched,None,0.0,0.0,0,2024-07-26 00:00:00
RECON005637,HDFC2026641455,2024-07-26,Matched,None,0.0,0.0,0,2024-07-26 00:00:00
RECON005638,HDFC2026991730,2024-07-26,Unmatched,Amount Mismatch,-4004.0,-0.8472818841653089,2,2024-07-28
RECON005639,HDFC2026461205,2024-07-26,Matched,None,0.0,0.0,0,2024-07-26 00:00:00
RECON005640,HDFC2026754857,2024-07-26,Matched,None,0.0,0.0,0,2024-07-26 00:00:00
RECON005641,HDFC2026835050,2024-07-26,Matched,None,0.0,0.0,0,2024-07-26 00:00:00
RECON005642,HDFC2026346111,2024-07-26,Matched,None,0.0,0.0,0,2024-07-26 00:00:00
RECON005643,HDFC2026888884,2024-07-26,Matched,None,0.0,0.0,0,2024-07-26 00:00:00
RECON005644,HDFC2026576199,2024-07-26,Matched,None,0.0,0.0,0,2024-07-26 00:00:00
RECON005645,HDFC2026486126,2024-07-26,Matched,None,0.0,0.0,0,2024-07-26 00:00:00
RECON005646,HDFC2026690557,2024-07-26,Matched,None,0.0,0.0,0,2024-07-26 00:00:00
RECON005647,HDFC2026725044,2024-07-27,Duplicate,Duplicate Transaction,0.0,0.0,8,2024-08-04
RECON005648,HDFC2026614277,2024-07-27,Matched,None,0.0,0.0,0,2024-07-27 00:00:00
RECON005649,HDFC2026695848,2024-07-27,Unmatched,Amount Mismatch,-926.0,-0.5038167108277066,11,2024-08-07
RECON005650,HDFC2026542897,2024-07-27,Matched,None,0.0,0.0,0,2024-07-27 00:00:00
RECON005651,HDFC2026781526,2024-07-27,Matched,None,0.0,0.0,0,2024-07-27 00:00:00
RECON005652,HDFC2026901231,2024-07-27,Matched,None,0.0,0.0,0,2024-07-27 00:00:00
RECON005653,HDFC2026228992,2024-07-27,Matched,None,0.0,0.0,0,2024-07-27 00:00:00
RECON005654,HDFC2026359705,2024-07-27,Unmatched,Missing Settlement,106081.0,100.0,9,2024-08-05
RECON005655,HDFC2026687974,2024-07-27,Matched,None,0.0,0.0,0,2024-07-27 00:00:00
RECON005656,HDFC2026174458,2024-07-27,Unmatched,Amount Mismatch,4406.0,1.2281772745391546,2,2024-07-29
RECON005657,HDFC2026648898,2024-07-27,Matched,None,0.0,0.0,0,2024-07-27 00:00:00
RECON005658,HDFC2026486014,2024-07-27,Matched,None,0.0,0.0,0,2024-07-27 00:00:00
RECON005659,HDFC2026409668,2024-07-27,Matched,None,0.0,0.0,0,2024-07-27 00:00:00
RECON005660,HDFC2026457960,2024-07-27,Matched,None,0.0,0.0,0,2024-07-27 00:00:00
RECON005661,HDFC2026155613,2024-07-27,Matched,None,0.0,0.0,0,2024-07-27 00:00:00
RECON005662,HDFC2026912002,2024-07-27,Unmatched,Amount Mismatch,-4094.0,-2.143567726058956,8,2024-08-04
RECON005663,HDFC2026986447,2024-07-27,Matched,None,0.0,0.0,0,2024-07-27 00:00:00
RECON005664,HDFC2026595789,2024-07-27,Matched,None,0.0,0.0,0,2024-07-27 00:00:00
RECON005665,HDFC2026174297,2024-07-27,Unmatched,Amount Mismatch,1848.0,1.9640560733757746,1,2024-07-28
RECON005666,HDFC2026426529,2024-07-27,Matched,None,0.0,0.0,0,2024-07-27 00:00:00
RECON005667,HDFC2026962870,2024-07-27,Matched,None,0.0,0.0,0,2024-07-27 00:00:00
RECON005668,HDFC2026247044,2024-07-27,Matched,None,0.0,0.0,0,2024-07-27 00:00:00
RECON005669,HDFC2026429784,2024-07-27,Matched,None,0.0,0.0,0,2024-07-27 00:00:00
RECON005670,HDFC2026708571,2024-07-27,Matched,None,0.0,0.0,0,2024-07-27 00:00:00
RECON005671,HDFC2026944013,2024-07-27,Matched,None,0.0,0.0,0,2024-07-27 00:00:00
RECON005672,HDFC2026704587,2024-07-27,Matched,None,0.0,0.0,0,2024-07-27 00:00:00
RECON005673,HDFC2026702235,2024-07-27,Matched,None,0.0,0.0,0,2024-07-27 00:00:00
RECON005674,HDFC2026934861,2024-07-28,Matched,None,0.0,0.0,0,2024-07-28 00:00:00
RECON005675,HDFC2026275493,2024-07-28,Matched,None,0.0,0.0,0,2024-07-28 00:00:00
RECON005676,HDFC2026157428,2024-07-28,Matched,None,0.0,0.0,0,2024-07-28 00:00:00
RECON005677,HDFC2026615601,2024-07-28,Matched,None,0.0,0.0,0,2024-07-28 00:00:00
RECON005678,HDFC2026391155,2024-07-28,Unmatched,Amount Mismatch,-1531.0,-3.0620000000000003,14,2024-08-11
RECON005679,HDFC2026172541,2024-07-28,Unmatched,Missing Settlement,373939.0,100.0,13,2024-08-10
RECON005680,HDFC2026288802,2024-07-28,Matched,None,0.0,0.0,0,2024-07-28 00:00:00
RECON005681,HDFC2026102805,2024-07-28,Unmatched,Amount Mismatch,4448.0,0.8307341762695405,7,2024-08-04
RECON005682,HDFC2026943058,2024-07-28,Matched,None,0.0,0.0,0,2024-07-28 00:00:00
RECON005683,HDFC2026900128,2024-07-28,Matched,None,0.0,0.0,0,2024-07-28 00:00:00
RECON005684,HDFC2026490076,2024-07-28,Matched,None,0.0,0.0,0,2024-07-28 00:00:00
RECON005685,HDFC2026312752,2024-07-28,Unmatched,Amount Mismatch,4565.0,1.3031426719991321,12,2024-08-09
RECON005686,HDFC2026422694,2024-07-28,Unmatched,Amount Mismatch,-4846.0,-1.5910329566422177,8,2024-08-05
RECON005687,HDFC2026935928,2024-07-28,Unmatched,Missing Settlement,180162.0,100.0,15,2024-08-12
RECON005688,HDFC2026777120,2024-07-28,Matched,None,0.0,0.0,0,2024-07-28 00:00:00
RECON005689,HDFC2026826084,2024-07-28,Matched,None,0.0,0.0,0,2024-07-28 00:00:00
RECON005690,HDFC2026357058,2024-07-28,Duplicate,Duplicate Transaction,0.0,0.0,12,2024-08-09
RECON005691,HDFC2026676790,2024-07-28,Matched,None,0.0,0.0,0,2024-07-28 00:00:00
RECON005692,HDFC2026880373,2024-07-28,Matched,None,0.0,0.0,0,2024-07-28 00:00:00
RECON005693,HDFC2026157994,2024-07-28,Matched,None,0.0,0.0,0,2024-07-28 00:00:00
RECON005694,HDFC2026299212,2024-07-28,Matched,None,0.0,0.0,0,2024-07-28 00:00:00
RECON005695,HDFC2026748591,2024-07-28,Matched,None,0.0,0.0,0,2024-07-28 00:00:00
RECON005696,HDFC2026884143,2024-07-28,Matched,None,0.0,0.0,0,2024-07-28 00:00:00
RECON005697,HDFC2026440398,2024-07-28,Matched,None,0.0,0.0,0,2024-07-28 00:00:00
RECON005698,HDFC2026517326,2024-07-28,Matched,None,0.0,0.0,0,2024-07-28 00:00:00
RECON005699,HDFC2026190674,2024-07-29,Matched,None,0.0,0.0,0,2024-07-29 00:00:00
RECON005700,HDFC2026833872,2024-07-29,Matched,None,0.0,0.0,0,2024-07-29 00:00:00
RECON005701,HDFC2026510448,2024-07-29,Unmatched,Missing Settlement,164329.0,100.0,2,2024-07-31
RECON005702,HDFC2026778700,2024-07-29,Duplicate,Duplicate Transaction,0.0,0.0,6,2024-08-04
RECON005703,HDFC2026534166,2024-07-29,Matched,None,0.0,0.0,0,2024-07-29 00:00:00
RECON005704,HDFC2026364266,2024-07-29,Matched,None,0.0,0.0,0,2024-07-29 00:00:00
RECON005705,HDFC2026458829,2024-07-29,Matched,None,0.0,0.0,0,2024-07-29 00:00:00
RECON005706,HDFC2026825201,2024-07-29,Matched,None,0.0,0.0,0,2024-07-29 00:00:00
RECON005707,HDFC2026109720,2024-07-29,Matched,None,0.0,0.0,0,2024-07-29 00:00:00
RECON005708,HDFC2026719584,2024-07-29,Matched,None,0.0,0.0,0,2024-07-29 00:00:00
RECON005709,HDFC2026394343,2024-07-29,Matched,None,0.0,0.0,0,2024-07-29 00:00:00
RECON005710,HDFC2026480990,2024-07-29,Unmatched,FX Rate Discrepancy,0.0,-0.42,12,2024-08-10
RECON005711,HDFC2026560553,2024-07-29,Matched,None,0.0,0.0,0,2024-07-29 00:00:00
RECON005712,HDFC2026156852,2024-07-29,Duplicate,Duplicate Transaction,0.0,0.0,12,2024-08-10
RECON005713,HDFC2026746195,2024-07-29,Matched,None,0.0,0.0,0,2024-07-29 00:00:00
RECON005714,HDFC2026811326,2024-07-29,Unmatched,Missing Settlement,299799.0,100.0,2,2024-07-31
RECON005715,HDFC2026445468,2024-07-29,Unmatched,Amount Mismatch,-1348.0,-0.3660894692245856,11,2024-08-09
RECON005716,HDFC2026302225,2024-07-29,Matched,None,0.0,0.0,0,2024-07-29 00:00:00
RECON005717,HDFC2026177703,2024-07-29,Matched,None,0.0,0.0,0,2024-07-29 00:00:00
RECON005718,HDFC2026437034,2024-07-29,Matched,None,0.0,0.0,0,2024-07-29 00:00:00
RECON005719,HDFC2026660077,2024-07-29,Matched,None,0.0,0.0,0,2024-07-29 00:00:00
RECON005720,HDFC2026920391,2024-07-29,Matched,None,0.0,0.0,0,2024-07-29 00:00:00
RECON005721,HDFC2026869783,2024-07-29,Matched,None,0.0,0.0,0,2024-07-29 00:00:00
RECON005722,HDFC2026996945,2024-07-29,Matched,None,0.0,0.0,0,2024-07-29 00:00:00
RECON005723,HDFC2026697033,2024-07-29,Unmatched,Amount Mismatch,-3654.0,-0.9030851702738173,10,2024-08-08
RECON005724,HDFC2026968679,2024-07-29,Matched,None,0.0,0.0,0,2024-07-29 00:00:00
RECON005725,HDFC2026719467,2024-07-29,Matched,None,0.0,0.0,0,2024-07-29 00:00:00
RECON005726,HDFC2026342540,2024-07-29,Matched,None,0.0,0.0,0,2024-07-29 00:00:00
RECON005727,HDFC2026934375,2024-07-29,Matched,None,0.0,0.0,0,2024-07-29 00:00:00
RECON005728,HDFC2026842962,2024-07-29,Matched,None,0.0,0.0,0,2024-07-29 00:00:00
RECON005729,HDFC2026787740,2024-07-29,Matched,None,0.0,0.0,0,2024-07-29 00:00:00
RECON005730,HDFC2026869584,2024-07-29,Matched,None,0.0,0.0,0,2024-07-29 00:00:00
RECON005731,HDFC2026842041,2024-07-29,Matched,None,0.0,0.0,0,2024-07-29 00:00:00
RECON005732,HDFC2026479210,2024-07-30,Matched,None,0.0,0.0,0,2024-07-30 00:00:00
RECON005733,HDFC2026484265,2024-07-30,Matched,None,0.0,0.0,0,2024-07-30 00:00:00
RECON005734,HDFC2026698797,2024-07-30,Matched,None,0.0,0.0,0,2024-07-30 00:00:00
RECON005735,HDFC2026865625,2024-07-30,Matched,None,0.0,0.0,0,2024-07-30 00:00:00
RECON005736,HDFC2026443307,2024-07-30,Matched,None,0.0,0.0,0,2024-07-30 00:00:00
RECON005737,HDFC2026584935,2024-07-30,Unmatched,Missing Settlement,186869.0,100.0,15,2024-08-14
RECON005738,HDFC2026512160,2024-07-30,Matched,None,0.0,0.0,0,2024-07-30 00:00:00
RECON005739,HDFC2026602006,2024-07-30,Matched,None,0.0,0.0,0,2024-07-30 00:00:00
RECON005740,HDFC2026945253,2024-07-30,Matched,None,0.0,0.0,0,2024-07-30 00:00:00
RECON005741,HDFC2026957530,2024-07-30,Matched,None,0.0,0.0,0,2024-07-30 00:00:00
RECON005742,HDFC2026313741,2024-07-30,Matched,None,0.0,0.0,0,2024-07-30 00:00:00
RECON005743,HDFC2026630855,2024-07-30,Matched,None,0.0,0.0,0,2024-07-30 00:00:00
RECON005744,HDFC2026428122,2024-07-30,Duplicate,Duplicate Transaction,0.0,0.0,4,2024-08-03
RECON005745,HDFC2026774387,2024-07-30,Matched,None,0.0,0.0,0,2024-07-30 00:00:00
RECON005746,HDFC2026697934,2024-07-30,Matched,None,0.0,0.0,0,2024-07-30 00:00:00
RECON005747,HDFC2026645907,2024-07-30,Matched,None,0.0,0.0,0,2024-07-30 00:00:00
RECON005748,HDFC2026984078,2024-07-30,Matched,None,0.0,0.0,0,2024-07-30 00:00:00
RECON005749,HDFC2026679239,2024-07-30,Matched,None,0.0,0.0,0,2024-07-30 00:00:00
RECON005750,HDFC2026849454,2024-07-30,Matched,None,0.0,0.0,0,2024-07-30 00:00:00
RECON005751,HDFC2026374135,2024-07-30,Matched,None,0.0,0.0,0,2024-07-30 00:00:00
RECON005752,HDFC2026662975,2024-07-30,Matched,None,0.0,0.0,0,2024-07-30 00:00:00
RECON005753,HDFC2026384027,2024-07-30,Matched,None,0.0,0.0,0,2024-07-30 00:00:00
RECON005754,HDFC2026535670,2024-07-30,Matched,None,0.0,0.0,0,2024-07-30 00:00:00
RECON005755,HDFC2026395376,2024-07-30,Matched,None,0.0,0.0,0,2024-07-30 00:00:00
RECON005756,HDFC2026613406,2024-07-30,Matched,None,0.0,0.0,0,2024-07-30 00:00:00
RECON005757,HDFC2026495921,2024-07-31,Matched,None,0.0,0.0,0,2024-07-31 00:00:00
RECON005758,HDFC2026490527,2024-07-31,Matched,None,0.0,0.0,0,2024-07-31 00:00:00
RECON005759,HDFC2026323153,2024-07-31,Matched,None,0.0,0.0,0,2024-07-31 00:00:00
RECON005760,HDFC2026560438,2024-07-31,Unmatched,Missing Settlement,252555.0,100.0,8,2024-08-08
RECON005761,HDFC2026139004,2024-07-31,Matched,None,0.0,0.0,0,2024-07-31 00:00:00
RECON005762,HDFC2026608240,2024-07-31,Matched,None,0.0,0.0,0,2024-07-31 00:00:00
RECON005763,HDFC2026704176,2024-07-31,Matched,None,0.0,0.0,0,2024-07-31 00:00:00
RECON005764,HDFC2026865777,2024-07-31,Matched,None,0.0,0.0,0,2024-07-31 00:00:00
RECON005765,HDFC2026461403,2024-07-31,Matched,None,0.0,0.0,0,2024-07-31 00:00:00
RECON005766,HDFC2026980436,2024-07-31,Matched,None,0.0,0.0,0,2024-07-31 00:00:00
RECON005767,HDFC2026114046,2024-07-31,Matched,None,0.0,0.0,0,2024-07-31 00:00:00
RECON005768,HDFC2026128816,2024-07-31,Matched,None,0.0,0.0,0,2024-07-31 00:00:00
RECON005769,HDFC2026434547,2024-07-31,Matched,None,0.0,0.0,0,2024-07-31 00:00:00
RECON005770,HDFC2026482526,2024-07-31,Matched,None,0.0,0.0,0,2024-07-31 00:00:00
RECON005771,HDFC2026325705,2024-07-31,Matched,None,0.0,0.0,0,2024-07-31 00:00:00
RECON005772,HDFC2026329821,2024-07-31,Matched,None,0.0,0.0,0,2024-07-31 00:00:00
RECON005773,HDFC2026192070,2024-07-31,Matched,None,0.0,0.0,0,2024-07-31 00:00:00
RECON005774,HDFC2026646328,2024-07-31,Matched,None,0.0,0.0,0,2024-07-31 00:00:00
RECON005775,HDFC2026317274,2024-07-31,Matched,None,0.0,0.0,0,2024-07-31 00:00:00
RECON005776,HDFC2026748167,2024-07-31,Matched,None,0.0,0.0,0,2024-07-31 00:00:00
RECON005777,HDFC2026127965,2024-07-31,Matched,None,0.0,0.0,0,2024-07-31 00:00:00
RECON005778,HDFC2026228984,2024-07-31,Matched,None,0.0,0.0,0,2024-07-31 00:00:00
RECON005779,HDFC2026217984,2024-07-31,Matched,None,0.0,0.0,0,2024-07-31 00:00:00
RECON005780,HDFC2026863998,2024-07-31,Matched,None,0.0,0.0,0,2024-07-31 00:00:00
RECON005781,HDFC2026700457,2024-07-31,Matched,None,0.0,0.0,0,2024-07-31 00:00:00
RECON005782,HDFC2026298583,2024-07-31,Matched,None,0.0,0.0,0,2024-07-31 00:00:00
RECON005783,HDFC2026389666,2024-07-31,Matched,None,0.0,0.0,0,2024-07-31 00:00:00
RECON005784,HDFC2026245049,2024-07-31,Matched,None,0.0,0.0,0,2024-07-31 00:00:00
RECON005785,HDFC2026669203,2024-07-31,Unmatched,Amount Mismatch,-186.0,-0.042403793543680464,13,2024-08-13
RECON005786,HDFC2026435018,2024-07-31,Matched,None,0.0,0.0,0,2024-07-31 00:00:00
RECON005787,HDFC2026881028,2024-07-31,Unmatched,Missing Settlement,682155.0,100.0,8,2024-08-08
RECON005788,HDFC2026833327,2024-07-31,Matched,None,0.0,0.0,0,2024-07-31 00:00:00
RECON005789,HDFC2026598200,2024-07-31,Matched,None,0.0,0.0,0,2024-07-31 00:00:00
RECON005790,HDFC2026863572,2024-08-01,Matched,None,0.0,0.0,0,2024-08-01 00:00:00
RECON005791,HDFC2026465796,2024-08-01,Matched,None,0.0,0.0,0,2024-08-01 00:00:00
RECON005792,HDFC2026749991,2024-08-01,Matched,None,0.0,0.0,0,2024-08-01 00:00:00
RECON005793,HDFC2026146852,2024-08-01,Matched,None,0.0,0.0,0,2024-08-01 00:00:00
RECON005794,HDFC2026379737,2024-08-01,Matched,None,0.0,0.0,0,2024-08-01 00:00:00
RECON005795,HDFC2026703385,2024-08-01,Matched,None,0.0,0.0,0,2024-08-01 00:00:00
RECON005796,HDFC2026221628,2024-08-01,Unmatched,FX Rate Discrepancy,0.0,-1.74,14,2024-08-15
RECON005797,HDFC2026181955,2024-08-01,Matched,None,0.0,0.0,0,2024-08-01 00:00:00
RECON005798,HDFC2026431709,2024-08-01,Matched,None,0.0,0.0,0,2024-08-01 00:00:00
RECON005799,HDFC2026888056,2024-08-01,Matched,None,0.0,0.0,0,2024-08-01 00:00:00
RECON005800,HDFC2026980764,2024-08-01,Matched,None,0.0,0.0,0,2024-08-01 00:00:00
RECON005801,HDFC2026851324,2024-08-01,Matched,None,0.0,0.0,0,2024-08-01 00:00:00
RECON005802,HDFC2026209439,2024-08-01,Matched,None,0.0,0.0,0,2024-08-01 00:00:00
RECON005803,HDFC2026956033,2024-08-01,Matched,None,0.0,0.0,0,2024-08-01 00:00:00
RECON005804,HDFC2026398350,2024-08-01,Matched,None,0.0,0.0,0,2024-08-01 00:00:00
RECON005805,HDFC2026749685,2024-08-01,Matched,None,0.0,0.0,0,2024-08-01 00:00:00
RECON005806,HDFC2026485023,2024-08-02,Matched,None,0.0,0.0,0,2024-08-02 00:00:00
RECON005807,HDFC2026124020,2024-08-02,Unmatched,FX Rate Discrepancy,0.0,1.71,10,2024-08-12
RECON005808,HDFC2026954778,2024-08-02,Matched,None,0.0,0.0,0,2024-08-02 00:00:00
RECON005809,HDFC2026929776,2024-08-02,Matched,None,0.0,0.0,0,2024-08-02 00:00:00
RECON005810,HDFC2026986036,2024-08-02,Matched,None,0.0,0.0,0,2024-08-02 00:00:00
RECON005811,HDFC2026346701,2024-08-02,Matched,None,0.0,0.0,0,2024-08-02 00:00:00
RECON005812,HDFC2026320759,2024-08-02,Matched,None,0.0,0.0,0,2024-08-02 00:00:00
RECON005813,HDFC2026689432,2024-08-02,Matched,None,0.0,0.0,0,2024-08-02 00:00:00
RECON005814,HDFC2026118388,2024-08-02,Unmatched,Missing Settlement,324139.0,100.0,4,2024-08-06
RECON005815,HDFC2026788722,2024-08-02,Matched,None,0.0,0.0,0,2024-08-02 00:00:00
RECON005816,HDFC2026894067,2024-08-02,Matched,None,0.0,0.0,0,2024-08-02 00:00:00
RECON005817,HDFC2026435803,2024-08-02,Unmatched,FX Rate Discrepancy,0.0,0.12,11,2024-08-13
RECON005818,HDFC2026401713,2024-08-02,Matched,None,0.0,0.0,0,2024-08-02 00:00:00
RECON005819,HDFC2026478707,2024-08-02,Matched,None,0.0,0.0,0,2024-08-02 00:00:00
RECON005820,HDFC2026205495,2024-08-02,Matched,None,0.0,0.0,0,2024-08-02 00:00:00
RECON005821,HDFC2026293822,2024-08-02,Matched,None,0.0,0.0,0,2024-08-02 00:00:00
RECON005822,HDFC2026354506,2024-08-02,Unmatched,Missing Settlement,266697.0,100.0,15,2024-08-17
RECON005823,HDFC2026281530,2024-08-02,Matched,None,0.0,0.0,0,2024-08-02 00:00:00
RECON005824,HDFC2026663842,2024-08-02,Matched,None,0.0,0.0,0,2024-08-02 00:00:00
RECON005825,HDFC2026788538,2024-08-02,Matched,None,0.0,0.0,0,2024-08-02 00:00:00
RECON005826,HDFC2026501798,2024-08-02,Unmatched,FX Rate Discrepancy,0.0,-1.59,11,2024-08-13
RECON005827,HDFC2026147273,2024-08-02,Matched,None,0.0,0.0,0,2024-08-02 00:00:00
RECON005828,HDFC2026993569,2024-08-02,Matched,None,0.0,0.0,0,2024-08-02 00:00:00
RECON005829,HDFC2026282557,2024-08-02,Matched,None,0.0,0.0,0,2024-08-02 00:00:00
RECON005830,HDFC2026372028,2024-08-02,Unmatched,FX Rate Discrepancy,0.0,1.53,5,2024-08-07
RECON005831,HDFC2026818862,2024-08-02,Unmatched,Amount Mismatch,-563.0,-0.13598475424922166,11,2024-08-13
RECON005832,HDFC2026736405,2024-08-02,Matched,None,0.0,0.0,0,2024-08-02 00:00:00
RECON005833,HDFC2026924499,2024-08-02,Matched,None,0.0,0.0,0,2024-08-02 00:00:00
RECON005834,HDFC2026464750,2024-08-02,Unmatched,Amount Mismatch,-3546.0,-2.563583522505458,14,2024-08-16
RECON005835,HDFC2026693015,2024-08-02,Matched,None,0.0,0.0,0,2024-08-02 00:00:00
RECON005836,HDFC2026745270,2024-08-02,Matched,None,0.0,0.0,0,2024-08-02 00:00:00
RECON005837,HDFC2026511315,2024-08-02,Matched,None,0.0,0.0,0,2024-08-02 00:00:00
RECON005838,HDFC2026469669,2024-08-02,Matched,None,0.0,0.0,0,2024-08-02 00:00:00
RECON005839,HDFC2026745772,2024-08-02,Matched,None,0.0,0.0,0,2024-08-02 00:00:00
RECON005840,HDFC2026384645,2024-08-02,Unmatched,Amount Mismatch,1510.0,0.5875760735909847,15,2024-08-17
RECON005841,HDFC2026106851,2024-08-02,Unmatched,Missing Settlement,183428.0,100.0,8,2024-08-10
RECON005842,HDFC2026638152,2024-08-02,Unmatched,Amount Mismatch,783.0,0.11976084539226649,7,2024-08-09
RECON005843,HDFC2026469069,2024-08-02,Matched,None,0.0,0.0,0,2024-08-02 00:00:00
RECON005844,HDFC2026646910,2024-08-02,Matched,None,0.0,0.0,0,2024-08-02 00:00:00
RECON005845,HDFC2026544430,2024-08-02,Matched,None,0.0,0.0,0,2024-08-02 00:00:00
RECON005846,HDFC2026974633,2024-08-02,Matched,None,0.0,0.0,0,2024-08-02 00:00:00
RECON005847,HDFC2026546456,2024-08-03,Matched,None,0.0,0.0,0,2024-08-03 00:00:00
RECON005848,HDFC2026625844,2024-08-03,Matched,None,0.0,0.0,0,2024-08-03 00:00:00
RECON005849,HDFC2026415743,2024-08-03,Matched,None,0.0,0.0,0,2024-08-03 00:00:00
RECON005850,HDFC2026556036,2024-08-03,Unmatched,Missing Settlement,826547.0,100.0,4,2024-08-07
RECON005851,HDFC2026575469,2024-08-03,Matched,None,0.0,0.0,0,2024-08-03 00:00:00
RECON005852,HDFC2026625516,2024-08-03,Matched,None,0.0,0.0,0,2024-08-03 00:00:00
RECON005853,HDFC2026479162,2024-08-03,Matched,None,0.0,0.0,0,2024-08-03 00:00:00
RECON005854,HDFC2026894578,2024-08-03,Matched,None,0.0,0.0,0,2024-08-03 00:00:00
RECON005855,HDFC2026207530,2024-08-03,Matched,None,0.0,0.0,0,2024-08-03 00:00:00
RECON005856,HDFC2026252134,2024-08-03,Matched,None,0.0,0.0,0,2024-08-03 00:00:00
RECON005857,HDFC2026767222,2024-08-03,Matched,None,0.0,0.0,0,2024-08-03 00:00:00
RECON005858,HDFC2026490943,2024-08-03,Matched,None,0.0,0.0,0,2024-08-03 00:00:00
RECON005859,HDFC2026613789,2024-08-03,Matched,None,0.0,0.0,0,2024-08-03 00:00:00
RECON005860,HDFC2026548694,2024-08-03,Unmatched,Amount Mismatch,-3333.0,-1.2065464102257795,3,2024-08-06
RECON005861,HDFC2026482523,2024-08-03,Matched,None,0.0,0.0,0,2024-08-03 00:00:00
RECON005862,HDFC2026988605,2024-08-03,Unmatched,Amount Mismatch,1869.0,1.7078943280363328,6,2024-08-09
RECON005863,HDFC2026178147,2024-08-03,Matched,None,0.0,0.0,0,2024-08-03 00:00:00
RECON005864,HDFC2026478205,2024-08-03,Matched,None,0.0,0.0,0,2024-08-03 00:00:00
RECON005865,HDFC2026169246,2024-08-03,Matched,None,0.0,0.0,0,2024-08-03 00:00:00
RECON005866,HDFC2026676078,2024-08-03,Matched,None,0.0,0.0,0,2024-08-03 00:00:00
RECON005867,HDFC2026708893,2024-08-03,Matched,None,0.0,0.0,0,2024-08-03 00:00:00
RECON005868,HDFC2026228945,2024-08-03,Matched,None,0.0,0.0,0,2024-08-03 00:00:00
RECON005869,HDFC2026317203,2024-08-03,Matched,None,0.0,0.0,0,2024-08-03 00:00:00
RECON005870,HDFC2026267415,2024-08-03,Matched,None,0.0,0.0,0,2024-08-03 00:00:00
RECON005871,HDFC2026125720,2024-08-03,Matched,None,0.0,0.0,0,2024-08-03 00:00:00
RECON005872,HDFC2026454466,2024-08-03,Matched,None,0.0,0.0,0,2024-08-03 00:00:00
RECON005873,HDFC2026734122,2024-08-03,Matched,None,0.0,0.0,0,2024-08-03 00:00:00
RECON005874,HDFC2026812641,2024-08-03,Matched,None,0.0,0.0,0,2024-08-03 00:00:00
RECON005875,HDFC2026252113,2024-08-03,Matched,None,0.0,0.0,0,2024-08-03 00:00:00
RECON005876,HDFC2026183601,2024-08-03,Matched,None,0.0,0.0,0,2024-08-03 00:00:00
RECON005877,HDFC2026769966,2024-08-03,Matched,None,0.0,0.0,0,2024-08-03 00:00:00
RECON005878,HDFC2026473345,2024-08-03,Matched,None,0.0,0.0,0,2024-08-03 00:00:00
RECON005879,HDFC2026600714,2024-08-03,Unmatched,Amount Mismatch,-4424.0,-0.4114319300565719,7,2024-08-10
RECON005880,HDFC2026719176,2024-08-04,Matched,None,0.0,0.0,0,2024-08-04 00:00:00
RECON005881,HDFC2026170611,2024-08-04,Matched,None,0.0,0.0,0,2024-08-04 00:00:00
RECON005882,HDFC2026729316,2024-08-04,Matched,None,0.0,0.0,0,2024-08-04 00:00:00
RECON005883,HDFC2026399105,2024-08-04,Matched,None,0.0,0.0,0,2024-08-04 00:00:00
RECON005884,HDFC2026789719,2024-08-04,Matched,None,0.0,0.0,0,2024-08-04 00:00:00
RECON005885,HDFC2026973128,2024-08-04,Matched,None,0.0,0.0,0,2024-08-04 00:00:00
RECON005886,HDFC2026486469,2024-08-04,Matched,None,0.0,0.0,0,2024-08-04 00:00:00
RECON005887,HDFC2026791258,2024-08-04,Matched,None,0.0,0.0,0,2024-08-04 00:00:00
RECON005888,HDFC2026826380,2024-08-04,Matched,None,0.0,0.0,0,2024-08-04 00:00:00
RECON005889,HDFC2026823044,2024-08-04,Matched,None,0.0,0.0,0,2024-08-04 00:00:00
RECON005890,HDFC2026529078,2024-08-04,Matched,None,0.0,0.0,0,2024-08-04 00:00:00
RECON005891,HDFC2026924822,2024-08-04,Unmatched,FX Rate Discrepancy,0.0,1.01,4,2024-08-08
RECON005892,HDFC2026211786,2024-08-04,Matched,None,0.0,0.0,0,2024-08-04 00:00:00
RECON005893,HDFC2026264875,2024-08-04,Matched,None,0.0,0.0,0,2024-08-04 00:00:00
RECON005894,HDFC2026471915,2024-08-04,Matched,None,0.0,0.0,0,2024-08-04 00:00:00
RECON005895,HDFC2026771604,2024-08-04,Matched,None,0.0,0.0,0,2024-08-04 00:00:00
RECON005896,HDFC2026234331,2024-08-04,Matched,None,0.0,0.0,0,2024-08-04 00:00:00
RECON005897,HDFC2026269267,2024-08-04,Matched,None,0.0,0.0,0,2024-08-04 00:00:00
RECON005898,HDFC2026168428,2024-08-04,Matched,None,0.0,0.0,0,2024-08-04 00:00:00
RECON005899,HDFC2026814613,2024-08-04,Matched,None,0.0,0.0,0,2024-08-04 00:00:00
RECON005900,HDFC2026586786,2024-08-04,Unmatched,FX Rate Discrepancy,0.0,-0.67,8,2024-08-12
RECON005901,HDFC2026916232,2024-08-05,Matched,None,0.0,0.0,0,2024-08-05 00:00:00
RECON005902,HDFC2026748472,2024-08-05,Matched,None,0.0,0.0,0,2024-08-05 00:00:00
RECON005903,HDFC2026430443,2024-08-05,Matched,None,0.0,0.0,0,2024-08-05 00:00:00
RECON005904,HDFC2026194553,2024-08-05,Matched,None,0.0,0.0,0,2024-08-05 00:00:00
RECON005905,HDFC2026163564,2024-08-05,Matched,None,0.0,0.0,0,2024-08-05 00:00:00
RECON005906,HDFC2026567041,2024-08-05,Matched,None,0.0,0.0,0,2024-08-05 00:00:00
RECON005907,HDFC2026300022,2024-08-05,Matched,None,0.0,0.0,0,2024-08-05 00:00:00
RECON005908,HDFC2026417670,2024-08-05,Unmatched,Missing Settlement,61369.0,100.0,4,2024-08-09
RECON005909,HDFC2026356822,2024-08-05,Unmatched,FX Rate Discrepancy,0.0,1.68,3,2024-08-08
RECON005910,HDFC2026965088,2024-08-05,Matched,None,0.0,0.0,0,2024-08-05 00:00:00
RECON005911,HDFC2026227002,2024-08-05,Matched,None,0.0,0.0,0,2024-08-05 00:00:00
RECON005912,HDFC2026147577,2024-08-05,Matched,None,0.0,0.0,0,2024-08-05 00:00:00
RECON005913,HDFC2026515566,2024-08-05,Matched,None,0.0,0.0,0,2024-08-05 00:00:00
RECON005914,HDFC2026161217,2024-08-05,Matched,None,0.0,0.0,0,2024-08-05 00:00:00
RECON005915,HDFC2026364583,2024-08-05,Unmatched,Amount Mismatch,-4576.0,-3.6843207033703163,2,2024-08-07
RECON005916,HDFC2026464479,2024-08-05,Matched,None,0.0,0.0,0,2024-08-05 00:00:00
RECON005917,HDFC2026537422,2024-08-05,Matched,None,0.0,0.0,0,2024-08-05 00:00:00
RECON005918,HDFC2026663897,2024-08-05,Matched,None,0.0,0.0,0,2024-08-05 00:00:00
RECON005919,HDFC2026812437,2024-08-05,Matched,None,0.0,0.0,0,2024-08-05 00:00:00
RECON005920,HDFC2026594071,2024-08-05,Matched,None,0.0,0.0,0,2024-08-05 00:00:00
RECON005921,HDFC2026223991,2024-08-05,Matched,None,0.0,0.0,0,2024-08-05 00:00:00
RECON005922,HDFC2026789808,2024-08-05,Unmatched,Missing Settlement,166633.0,100.0,5,2024-08-10
RECON005923,HDFC2026503735,2024-08-05,Matched,None,0.0,0.0,0,2024-08-05 00:00:00
RECON005924,HDFC2026245113,2024-08-05,Matched,None,0.0,0.0,0,2024-08-05 00:00:00
RECON005925,HDFC2026473545,2024-08-05,Matched,None,0.0,0.0,0,2024-08-05 00:00:00
RECON005926,HDFC2026874467,2024-08-05,Matched,None,0.0,0.0,0,2024-08-05 00:00:00
RECON005927,HDFC2026521312,2024-08-05,Matched,None,0.0,0.0,0,2024-08-05 00:00:00
RECON005928,HDFC2026898019,2024-08-05,Matched,None,0.0,0.0,0,2024-08-05 00:00:00
RECON005929,HDFC2026726389,2024-08-06,Matched,None,0.0,0.0,0,2024-08-06 00:00:00
RECON005930,HDFC2026267287,2024-08-06,Matched,None,0.0,0.0,0,2024-08-06 00:00:00
RECON005931,HDFC2026220434,2024-08-06,Matched,None,0.0,0.0,0,2024-08-06 00:00:00
RECON005932,HDFC2026207604,2024-08-06,Matched,None,0.0,0.0,0,2024-08-06 00:00:00
RECON005933,HDFC2026641604,2024-08-06,Matched,None,0.0,0.0,0,2024-08-06 00:00:00
RECON005934,HDFC2026340677,2024-08-06,Matched,None,0.0,0.0,0,2024-08-06 00:00:00
RECON005935,HDFC2026211926,2024-08-06,Matched,None,0.0,0.0,0,2024-08-06 00:00:00
RECON005936,HDFC2026958437,2024-08-06,Matched,None,0.0,0.0,0,2024-08-06 00:00:00
RECON005937,HDFC2026763340,2024-08-06,Matched,None,0.0,0.0,0,2024-08-06 00:00:00
RECON005938,HDFC2026548458,2024-08-06,Matched,None,0.0,0.0,0,2024-08-06 00:00:00
RECON005939,HDFC2026557574,2024-08-06,Matched,None,0.0,0.0,0,2024-08-06 00:00:00
RECON005940,HDFC2026931625,2024-08-06,Matched,None,0.0,0.0,0,2024-08-06 00:00:00
RECON005941,HDFC2026967161,2024-08-06,Matched,None,0.0,0.0,0,2024-08-06 00:00:00
RECON005942,HDFC2026560197,2024-08-06,Matched,None,0.0,0.0,0,2024-08-06 00:00:00
RECON005943,HDFC2026981049,2024-08-06,Duplicate,Duplicate Transaction,0.0,0.0,12,2024-08-18
RECON005944,HDFC2026500305,2024-08-06,Matched,None,0.0,0.0,0,2024-08-06 00:00:00
RECON005945,HDFC2026652650,2024-08-06,Matched,None,0.0,0.0,0,2024-08-06 00:00:00
RECON005946,HDFC2026705912,2024-08-06,Unmatched,FX Rate Discrepancy,0.0,0.48,14,2024-08-20
RECON005947,HDFC2026797149,2024-08-06,Matched,None,0.0,0.0,0,2024-08-06 00:00:00
RECON005948,HDFC2026850742,2024-08-06,Matched,None,0.0,0.0,0,2024-08-06 00:00:00
RECON005949,HDFC2026912541,2024-08-06,Matched,None,0.0,0.0,0,2024-08-06 00:00:00
RECON005950,HDFC2026494847,2024-08-06,Matched,None,0.0,0.0,0,2024-08-06 00:00:00
RECON005951,HDFC2026860877,2024-08-06,Matched,None,0.0,0.0,0,2024-08-06 00:00:00
RECON005952,HDFC2026944022,2024-08-06,Duplicate,Duplicate Transaction,0.0,0.0,2,2024-08-08
RECON005953,HDFC2026236316,2024-08-06,Matched,None,0.0,0.0,0,2024-08-06 00:00:00
RECON005954,HDFC2026894693,2024-08-06,Unmatched,Amount Mismatch,446.0,0.6828551305998714,14,2024-08-20
RECON005955,HDFC2026906731,2024-08-06,Matched,None,0.0,0.0,0,2024-08-06 00:00:00
RECON005956,HDFC2026895284,2024-08-06,Matched,None,0.0,0.0,0,2024-08-06 00:00:00
RECON005957,HDFC2026300570,2024-08-06,Matched,None,0.0,0.0,0,2024-08-06 00:00:00
RECON005958,HDFC2026253311,2024-08-06,Matched,None,0.0,0.0,0,2024-08-06 00:00:00
RECON005959,HDFC2026558793,2024-08-06,Matched,None,0.0,0.0,0,2024-08-06 00:00:00
RECON005960,HDFC2026516558,2024-08-06,Matched,None,0.0,0.0,0,2024-08-06 00:00:00
RECON005961,HDFC2026975295,2024-08-07,Matched,None,0.0,0.0,0,2024-08-07 00:00:00
RECON005962,HDFC2026890124,2024-08-07,Matched,None,0.0,0.0,0,2024-08-07 00:00:00
RECON005963,HDFC2026404704,2024-08-07,Matched,None,0.0,0.0,0,2024-08-07 00:00:00
RECON005964,HDFC2026581111,2024-08-07,Matched,None,0.0,0.0,0,2024-08-07 00:00:00
RECON005965,HDFC2026897861,2024-08-07,Matched,None,0.0,0.0,0,2024-08-07 00:00:00
RECON005966,HDFC2026910169,2024-08-07,Unmatched,Missing Settlement,243416.0,100.0,9,2024-08-16
RECON005967,HDFC2026142098,2024-08-07,Matched,None,0.0,0.0,0,2024-08-07 00:00:00
RECON005968,HDFC2026482201,2024-08-07,Unmatched,FX Rate Discrepancy,0.0,-0.78,4,2024-08-11
RECON005969,HDFC2026670019,2024-08-07,Matched,None,0.0,0.0,0,2024-08-07 00:00:00
RECON005970,HDFC2026501969,2024-08-07,Unmatched,Missing Settlement,166965.0,100.0,12,2024-08-19
RECON005971,HDFC2026749096,2024-08-07,Unmatched,Amount Mismatch,-3809.0,-3.7840254321478244,5,2024-08-12
RECON005972,HDFC2026346881,2024-08-07,Matched,None,0.0,0.0,0,2024-08-07 00:00:00
RECON005973,HDFC2026658623,2024-08-07,Matched,None,0.0,0.0,0,2024-08-07 00:00:00
RECON005974,HDFC2026530138,2024-08-07,Matched,None,0.0,0.0,0,2024-08-07 00:00:00
RECON005975,HDFC2026127123,2024-08-07,Matched,None,0.0,0.0,0,2024-08-07 00:00:00
RECON005976,HDFC2026834348,2024-08-07,Duplicate,Duplicate Transaction,0.0,0.0,15,2024-08-22
RECON005977,HDFC2026624509,2024-08-07,Matched,None,0.0,0.0,0,2024-08-07 00:00:00
RECON005978,HDFC2026728672,2024-08-07,Matched,None,0.0,0.0,0,2024-08-07 00:00:00
RECON005979,HDFC2026764259,2024-08-07,Matched,None,0.0,0.0,0,2024-08-07 00:00:00
RECON005980,HDFC2026176999,2024-08-07,Matched,None,0.0,0.0,0,2024-08-07 00:00:00
RECON005981,HDFC2026162461,2024-08-07,Matched,None,0.0,0.0,0,2024-08-07 00:00:00
RECON005982,HDFC2026244697,2024-08-07,Unmatched,Amount Mismatch,2222.0,1.1712120094034304,12,2024-08-19
RECON005983,HDFC2026128929,2024-08-07,Matched,None,0.0,0.0,0,2024-08-07 00:00:00
RECON005984,HDFC2026167616,2024-08-07,Unmatched,Amount Mismatch,2247.0,1.012116571325616,7,2024-08-14
RECON005985,HDFC2026621937,2024-08-07,Unmatched,Amount Mismatch,-4962.0,-3.8813535457830763,6,2024-08-13
RECON005986,HDFC2026818362,2024-08-07,Matched,None,0.0,0.0,0,2024-08-07 00:00:00
RECON005987,HDFC2026741522,2024-08-07,Matched,None,0.0,0.0,0,2024-08-07 00:00:00
RECON005988,HDFC2026246763,2024-08-07,Matched,None,0.0,0.0,0,2024-08-07 00:00:00
RECON005989,HDFC2026893424,2024-08-07,Matched,None,0.0,0.0,0,2024-08-07 00:00:00
RECON005990,HDFC2026853541,2024-08-08,Matched,None,0.0,0.0,0,2024-08-08 00:00:00
RECON005991,HDFC2026836407,2024-08-08,Matched,None,0.0,0.0,0,2024-08-08 00:00:00
RECON005992,HDFC2026162255,2024-08-08,Unmatched,Missing Settlement,151480.0,100.0,9,2024-08-17
RECON005993,HDFC2026444708,2024-08-08,Matched,None,0.0,0.0,0,2024-08-08 00:00:00
RECON005994,HDFC2026562396,2024-08-08,Matched,None,0.0,0.0,0,2024-08-08 00:00:00
RECON005995,HDFC2026841618,2024-08-08,Matched,None,0.0,0.0,0,2024-08-08 00:00:00
RECON005996,HDFC2026709970,2024-08-08,Matched,None,0.0,0.0,0,2024-08-08 00:00:00
RECON005997,HDFC2026701473,2024-08-08,Unmatched,Missing Settlement,360721.0,100.0,8,2024-08-16
RECON005998,HDFC2026654711,2024-08-08,Unmatched,FX Rate Discrepancy,0.0,0.58,5,2024-08-13
RECON005999,HDFC2026154580,2024-08-08,Matched,None,0.0,0.0,0,2024-08-08 00:00:00
RECON006000,HDFC2026279022,2024-08-08,Unmatched,Missing Settlement,156862.0,100.0,11,2024-08-19
RECON006001,HDFC2026553228,2024-08-08,Matched,None,0.0,0.0,0,2024-08-08 00:00:00
RECON006002,HDFC2026346645,2024-08-08,Matched,None,0.0,0.0,0,2024-08-08 00:00:00
RECON006003,HDFC2026763361,2024-08-08,Matched,None,0.0,0.0,0,2024-08-08 00:00:00
RECON006004,HDFC2026620358,2024-08-08,Matched,None,0.0,0.0,0,2024-08-08 00:00:00
RECON006005,HDFC2026977135,2024-08-08,Matched,None,0.0,0.0,0,2024-08-08 00:00:00
RECON006006,HDFC2026471643,2024-08-08,Matched,None,0.0,0.0,0,2024-08-08 00:00:00
RECON006007,HDFC2026152569,2024-08-08,Matched,None,0.0,0.0,0,2024-08-08 00:00:00
RECON006008,HDFC2026359635,2024-08-08,Matched,None,0.0,0.0,0,2024-08-08 00:00:00
RECON006009,HDFC2026454140,2024-08-08,Matched,None,0.0,0.0,0,2024-08-08 00:00:00
RECON006010,HDFC2026974364,2024-08-08,Matched,None,0.0,0.0,0,2024-08-08 00:00:00
RECON006011,HDFC2026232532,2024-08-08,Matched,None,0.0,0.0,0,2024-08-08 00:00:00
RECON006012,HDFC2026927912,2024-08-08,Matched,None,0.0,0.0,0,2024-08-08 00:00:00
RECON006013,HDFC2026244061,2024-08-08,Matched,None,0.0,0.0,0,2024-08-08 00:00:00
RECON006014,HDFC2026113651,2024-08-08,Matched,None,0.0,0.0,0,2024-08-08 00:00:00
RECON006015,HDFC2026262877,2024-08-08,Matched,None,0.0,0.0,0,2024-08-08 00:00:00
RECON006016,HDFC2026299718,2024-08-09,Matched,None,0.0,0.0,0,2024-08-09 00:00:00
RECON006017,HDFC2026333470,2024-08-09,Matched,None,0.0,0.0,0,2024-08-09 00:00:00
RECON006018,HDFC2026197521,2024-08-09,Matched,None,0.0,0.0,0,2024-08-09 00:00:00
RECON006019,HDFC2026925820,2024-08-09,Matched,None,0.0,0.0,0,2024-08-09 00:00:00
RECON006020,HDFC2026565992,2024-08-09,Matched,None,0.0,0.0,0,2024-08-09 00:00:00
RECON006021,HDFC2026910703,2024-08-09,Duplicate,Duplicate Transaction,0.0,0.0,11,2024-08-20
RECON006022,HDFC2026424803,2024-08-09,Matched,None,0.0,0.0,0,2024-08-09 00:00:00
RECON006023,HDFC2026690978,2024-08-09,Matched,None,0.0,0.0,0,2024-08-09 00:00:00
RECON006024,HDFC2026162571,2024-08-09,Matched,None,0.0,0.0,0,2024-08-09 00:00:00
RECON006025,HDFC2026870396,2024-08-09,Matched,None,0.0,0.0,0,2024-08-09 00:00:00
RECON006026,HDFC2026312431,2024-08-09,Matched,None,0.0,0.0,0,2024-08-09 00:00:00
RECON006027,HDFC2026118960,2024-08-09,Matched,None,0.0,0.0,0,2024-08-09 00:00:00
RECON006028,HDFC2026956069,2024-08-09,Matched,None,0.0,0.0,0,2024-08-09 00:00:00
RECON006029,HDFC2026648177,2024-08-09,Matched,None,0.0,0.0,0,2024-08-09 00:00:00
RECON006030,HDFC2026988355,2024-08-09,Matched,None,0.0,0.0,0,2024-08-09 00:00:00
RECON006031,HDFC2026976844,2024-08-09,Matched,None,0.0,0.0,0,2024-08-09 00:00:00
RECON006032,HDFC2026218425,2024-08-09,Matched,None,0.0,0.0,0,2024-08-09 00:00:00
RECON006033,HDFC2026413028,2024-08-09,Matched,None,0.0,0.0,0,2024-08-09 00:00:00
RECON006034,HDFC2026625989,2024-08-09,Matched,None,0.0,0.0,0,2024-08-09 00:00:00
RECON006035,HDFC2026959090,2024-08-09,Matched,None,0.0,0.0,0,2024-08-09 00:00:00
RECON006036,HDFC2026897376,2024-08-09,Matched,None,0.0,0.0,0,2024-08-09 00:00:00
RECON006037,HDFC2026106728,2024-08-09,Matched,None,0.0,0.0,0,2024-08-09 00:00:00
RECON006038,HDFC2026539176,2024-08-09,Matched,None,0.0,0.0,0,2024-08-09 00:00:00
RECON006039,HDFC2026996653,2024-08-09,Matched,None,0.0,0.0,0,2024-08-09 00:00:00
RECON006040,HDFC2026457208,2024-08-09,Matched,None,0.0,0.0,0,2024-08-09 00:00:00
RECON006041,HDFC2026146519,2024-08-09,Matched,None,0.0,0.0,0,2024-08-09 00:00:00
RECON006042,HDFC2026118207,2024-08-09,Matched,None,0.0,0.0,0,2024-08-09 00:00:00
RECON006043,HDFC2026985126,2024-08-10,Matched,None,0.0,0.0,0,2024-08-10 00:00:00
RECON006044,HDFC2026932952,2024-08-10,Matched,None,0.0,0.0,0,2024-08-10 00:00:00
RECON006045,HDFC2026466858,2024-08-10,Matched,None,0.0,0.0,0,2024-08-10 00:00:00
RECON006046,HDFC2026420768,2024-08-10,Matched,None,0.0,0.0,0,2024-08-10 00:00:00
RECON006047,HDFC2026500099,2024-08-10,Matched,None,0.0,0.0,0,2024-08-10 00:00:00
RECON006048,HDFC2026824559,2024-08-10,Matched,None,0.0,0.0,0,2024-08-10 00:00:00
RECON006049,HDFC2026845411,2024-08-10,Matched,None,0.0,0.0,0,2024-08-10 00:00:00
RECON006050,HDFC2026339405,2024-08-10,Matched,None,0.0,0.0,0,2024-08-10 00:00:00
RECON006051,HDFC2026437360,2024-08-10,Unmatched,Amount Mismatch,-2909.0,-0.7550294199328805,5,2024-08-15
RECON006052,HDFC2026483087,2024-08-10,Unmatched,Missing Settlement,99093.0,100.0,12,2024-08-22
RECON006053,HDFC2026151179,2024-08-10,Matched,None,0.0,0.0,0,2024-08-10 00:00:00
RECON006054,HDFC2026241232,2024-08-10,Matched,None,0.0,0.0,0,2024-08-10 00:00:00
RECON006055,HDFC2026174615,2024-08-10,Matched,None,0.0,0.0,0,2024-08-10 00:00:00
RECON006056,HDFC2026757361,2024-08-10,Matched,None,0.0,0.0,0,2024-08-10 00:00:00
RECON006057,HDFC2026758171,2024-08-10,Matched,None,0.0,0.0,0,2024-08-10 00:00:00
RECON006058,HDFC2026815267,2024-08-10,Matched,None,0.0,0.0,0,2024-08-10 00:00:00
RECON006059,HDFC2026528345,2024-08-10,Matched,None,0.0,0.0,0,2024-08-10 00:00:00
RECON006060,HDFC2026865263,2024-08-10,Matched,None,0.0,0.0,0,2024-08-10 00:00:00
RECON006061,HDFC2026985774,2024-08-10,Matched,None,0.0,0.0,0,2024-08-10 00:00:00
RECON006062,HDFC2026123143,2024-08-10,Matched,None,0.0,0.0,0,2024-08-10 00:00:00
RECON006063,HDFC2026250451,2024-08-11,Matched,None,0.0,0.0,0,2024-08-11 00:00:00
RECON006064,HDFC2026649634,2024-08-11,Matched,None,0.0,0.0,0,2024-08-11 00:00:00
RECON006065,HDFC2026159667,2024-08-11,Matched,None,0.0,0.0,0,2024-08-11 00:00:00
RECON006066,HDFC2026353495,2024-08-11,Matched,None,0.0,0.0,0,2024-08-11 00:00:00
RECON006067,HDFC2026192410,2024-08-11,Matched,None,0.0,0.0,0,2024-08-11 00:00:00
RECON006068,HDFC2026439327,2024-08-11,Matched,None,0.0,0.0,0,2024-08-11 00:00:00
RECON006069,HDFC2026305865,2024-08-11,Matched,None,0.0,0.0,0,2024-08-11 00:00:00
RECON006070,HDFC2026634628,2024-08-11,Matched,None,0.0,0.0,0,2024-08-11 00:00:00
RECON006071,HDFC2026189919,2024-08-11,Matched,None,0.0,0.0,0,2024-08-11 00:00:00
RECON006072,HDFC2026436056,2024-08-11,Matched,None,0.0,0.0,0,2024-08-11 00:00:00
RECON006073,HDFC2026169513,2024-08-11,Matched,None,0.0,0.0,0,2024-08-11 00:00:00
RECON006074,HDFC2026663699,2024-08-11,Matched,None,0.0,0.0,0,2024-08-11 00:00:00
RECON006075,HDFC2026285221,2024-08-11,Matched,None,0.0,0.0,0,2024-08-11 00:00:00
RECON006076,HDFC2026415791,2024-08-11,Matched,None,0.0,0.0,0,2024-08-11 00:00:00
RECON006077,HDFC2026980643,2024-08-11,Matched,None,0.0,0.0,0,2024-08-11 00:00:00
RECON006078,HDFC2026694270,2024-08-11,Matched,None,0.0,0.0,0,2024-08-11 00:00:00
RECON006079,HDFC2026485349,2024-08-11,Matched,None,0.0,0.0,0,2024-08-11 00:00:00
RECON006080,HDFC2026912727,2024-08-11,Matched,None,0.0,0.0,0,2024-08-11 00:00:00
RECON006081,HDFC2026893023,2024-08-11,Matched,None,0.0,0.0,0,2024-08-11 00:00:00
RECON006082,HDFC2026322137,2024-08-11,Matched,None,0.0,0.0,0,2024-08-11 00:00:00
RECON006083,HDFC2026342199,2024-08-11,Duplicate,Duplicate Transaction,0.0,0.0,9,2024-08-20
RECON006084,HDFC2026833448,2024-08-11,Matched,None,0.0,0.0,0,2024-08-11 00:00:00
RECON006085,HDFC2026597026,2024-08-11,Matched,None,0.0,0.0,0,2024-08-11 00:00:00
RECON006086,HDFC2026789886,2024-08-11,Matched,None,0.0,0.0,0,2024-08-11 00:00:00
RECON006087,HDFC2026209874,2024-08-11,Matched,None,0.0,0.0,0,2024-08-11 00:00:00
RECON006088,HDFC2026544361,2024-08-12,Matched,None,0.0,0.0,0,2024-08-12 00:00:00
RECON006089,HDFC2026522499,2024-08-12,Matched,None,0.0,0.0,0,2024-08-12 00:00:00
RECON006090,HDFC2026572645,2024-08-12,Matched,None,0.0,0.0,0,2024-08-12 00:00:00
RECON006091,HDFC2026236927,2024-08-12,Matched,None,0.0,0.0,0,2024-08-12 00:00:00
RECON006092,HDFC2026361899,2024-08-12,Matched,None,0.0,0.0,0,2024-08-12 00:00:00
RECON006093,HDFC2026510438,2024-08-12,Matched,None,0.0,0.0,0,2024-08-12 00:00:00
RECON006094,HDFC2026851964,2024-08-12,Unmatched,Amount Mismatch,4089.0,0.30209092131451293,7,2024-08-19
RECON006095,HDFC2026483568,2024-08-12,Matched,None,0.0,0.0,0,2024-08-12 00:00:00
RECON006096,HDFC2026939883,2024-08-12,Matched,None,0.0,0.0,0,2024-08-12 00:00:00
RECON006097,HDFC2026221197,2024-08-12,Matched,None,0.0,0.0,0,2024-08-12 00:00:00
RECON006098,HDFC2026422271,2024-08-12,Matched,None,0.0,0.0,0,2024-08-12 00:00:00
RECON006099,HDFC2026572357,2024-08-12,Matched,None,0.0,0.0,0,2024-08-12 00:00:00
RECON006100,HDFC2026748865,2024-08-12,Matched,None,0.0,0.0,0,2024-08-12 00:00:00
RECON006101,HDFC2026457690,2024-08-12,Matched,None,0.0,0.0,0,2024-08-12 00:00:00
RECON006102,HDFC2026902448,2024-08-12,Matched,None,0.0,0.0,0,2024-08-12 00:00:00
RECON006103,HDFC2026792502,2024-08-12,Matched,None,0.0,0.0,0,2024-08-12 00:00:00
RECON006104,HDFC2026944654,2024-08-12,Matched,None,0.0,0.0,0,2024-08-12 00:00:00
RECON006105,HDFC2026856215,2024-08-12,Matched,None,0.0,0.0,0,2024-08-12 00:00:00
RECON006106,HDFC2026238256,2024-08-12,Matched,None,0.0,0.0,0,2024-08-12 00:00:00
RECON006107,HDFC2026666009,2024-08-12,Unmatched,Missing Settlement,103662.0,100.0,4,2024-08-16
RECON006108,HDFC2026818966,2024-08-12,Unmatched,Missing Settlement,180825.0,100.0,7,2024-08-19
RECON006109,HDFC2026165985,2024-08-12,Matched,None,0.0,0.0,0,2024-08-12 00:00:00
RECON006110,HDFC2026358838,2024-08-12,Matched,None,0.0,0.0,0,2024-08-12 00:00:00
RECON006111,HDFC2026989387,2024-08-12,Matched,None,0.0,0.0,0,2024-08-12 00:00:00
RECON006112,HDFC2026610274,2024-08-12,Matched,None,0.0,0.0,0,2024-08-12 00:00:00
RECON006113,HDFC2026884673,2024-08-12,Matched,None,0.0,0.0,0,2024-08-12 00:00:00
RECON006114,HDFC2026769578,2024-08-12,Matched,None,0.0,0.0,0,2024-08-12 00:00:00
RECON006115,HDFC2026373293,2024-08-12,Matched,None,0.0,0.0,0,2024-08-12 00:00:00
RECON006116,HDFC2026957473,2024-08-12,Duplicate,Duplicate Transaction,0.0,0.0,15,2024-08-27
RECON006117,HDFC2026333660,2024-08-12,Matched,None,0.0,0.0,0,2024-08-12 00:00:00
RECON006118,HDFC2026168022,2024-08-12,Matched,None,0.0,0.0,0,2024-08-12 00:00:00
RECON006119,HDFC2026669552,2024-08-12,Matched,None,0.0,0.0,0,2024-08-12 00:00:00
RECON006120,HDFC2026778490,2024-08-12,Matched,None,0.0,0.0,0,2024-08-12 00:00:00
RECON006121,HDFC2026163722,2024-08-12,Matched,None,0.0,0.0,0,2024-08-12 00:00:00
RECON006122,HDFC2026254673,2024-08-12,Matched,None,0.0,0.0,0,2024-08-12 00:00:00
RECON006123,HDFC2026210982,2024-08-12,Matched,None,0.0,0.0,0,2024-08-12 00:00:00
RECON006124,HDFC2026165573,2024-08-12,Matched,None,0.0,0.0,0,2024-08-12 00:00:00
RECON006125,HDFC2026157854,2024-08-12,Matched,None,0.0,0.0,0,2024-08-12 00:00:00
RECON006126,HDFC2026249927,2024-08-13,Matched,None,0.0,0.0,0,2024-08-13 00:00:00
RECON006127,HDFC2026348537,2024-08-13,Matched,None,0.0,0.0,0,2024-08-13 00:00:00
RECON006128,HDFC2026900400,2024-08-13,Matched,None,0.0,0.0,0,2024-08-13 00:00:00
RECON006129,HDFC2026449490,2024-08-13,Matched,None,0.0,0.0,0,2024-08-13 00:00:00
RECON006130,HDFC2026186721,2024-08-13,Matched,None,0.0,0.0,0,2024-08-13 00:00:00
RECON006131,HDFC2026503271,2024-08-13,Matched,None,0.0,0.0,0,2024-08-13 00:00:00
RECON006132,HDFC2026698828,2024-08-13,Matched,None,0.0,0.0,0,2024-08-13 00:00:00
RECON006133,HDFC2026591201,2024-08-13,Matched,None,0.0,0.0,0,2024-08-13 00:00:00
RECON006134,HDFC2026414571,2024-08-13,Matched,None,0.0,0.0,0,2024-08-13 00:00:00
RECON006135,HDFC2026976726,2024-08-13,Matched,None,0.0,0.0,0,2024-08-13 00:00:00
RECON006136,HDFC2026949892,2024-08-13,Matched,None,0.0,0.0,0,2024-08-13 00:00:00
RECON006137,HDFC2026586961,2024-08-13,Matched,None,0.0,0.0,0,2024-08-13 00:00:00
RECON006138,HDFC2026743709,2024-08-13,Matched,None,0.0,0.0,0,2024-08-13 00:00:00
RECON006139,HDFC2026981522,2024-08-13,Matched,None,0.0,0.0,0,2024-08-13 00:00:00
RECON006140,HDFC2026621785,2024-08-13,Matched,None,0.0,0.0,0,2024-08-13 00:00:00
RECON006141,HDFC2026323535,2024-08-13,Unmatched,Missing Settlement,258452.0,100.0,14,2024-08-27
RECON006142,HDFC2026673513,2024-08-13,Matched,None,0.0,0.0,0,2024-08-13 00:00:00
RECON006143,HDFC2026977154,2024-08-13,Matched,None,0.0,0.0,0,2024-08-13 00:00:00
RECON006144,HDFC2026647670,2024-08-13,Matched,None,0.0,0.0,0,2024-08-13 00:00:00
RECON006145,HDFC2026904716,2024-08-13,Matched,None,0.0,0.0,0,2024-08-13 00:00:00
RECON006146,HDFC2026230860,2024-08-13,Matched,None,0.0,0.0,0,2024-08-13 00:00:00
RECON006147,HDFC2026743256,2024-08-13,Matched,None,0.0,0.0,0,2024-08-13 00:00:00
RECON006148,HDFC2026646902,2024-08-13,Matched,None,0.0,0.0,0,2024-08-13 00:00:00
RECON006149,HDFC2026148785,2024-08-13,Unmatched,FX Rate Discrepancy,0.0,-1.01,3,2024-08-16
RECON006150,HDFC2026610353,2024-08-13,Matched,None,0.0,0.0,0,2024-08-13 00:00:00
RECON006151,HDFC2026571773,2024-08-14,Duplicate,Duplicate Transaction,0.0,0.0,3,2024-08-17
RECON006152,HDFC2026291837,2024-08-14,Matched,None,0.0,0.0,0,2024-08-14 00:00:00
RECON006153,HDFC2026834166,2024-08-14,Matched,None,0.0,0.0,0,2024-08-14 00:00:00
RECON006154,HDFC2026109038,2024-08-14,Matched,None,0.0,0.0,0,2024-08-14 00:00:00
RECON006155,HDFC2026131208,2024-08-14,Matched,None,0.0,0.0,0,2024-08-14 00:00:00
RECON006156,HDFC2026746154,2024-08-14,Matched,None,0.0,0.0,0,2024-08-14 00:00:00
RECON006157,HDFC2026599317,2024-08-14,Matched,None,0.0,0.0,0,2024-08-14 00:00:00
RECON006158,HDFC2026514886,2024-08-14,Matched,None,0.0,0.0,0,2024-08-14 00:00:00
RECON006159,HDFC2026480920,2024-08-14,Matched,None,0.0,0.0,0,2024-08-14 00:00:00
RECON006160,HDFC2026739014,2024-08-14,Matched,None,0.0,0.0,0,2024-08-14 00:00:00
RECON006161,HDFC2026421505,2024-08-14,Matched,None,0.0,0.0,0,2024-08-14 00:00:00
RECON006162,HDFC2026124531,2024-08-14,Matched,None,0.0,0.0,0,2024-08-14 00:00:00
RECON006163,HDFC2026177449,2024-08-14,Matched,None,0.0,0.0,0,2024-08-14 00:00:00
RECON006164,HDFC2026807521,2024-08-14,Matched,None,0.0,0.0,0,2024-08-14 00:00:00
RECON006165,HDFC2026312905,2024-08-14,Unmatched,Missing Settlement,117848.0,100.0,6,2024-08-20
RECON006166,HDFC2026827912,2024-08-14,Matched,None,0.0,0.0,0,2024-08-14 00:00:00
RECON006167,HDFC2026245766,2024-08-14,Matched,None,0.0,0.0,0,2024-08-14 00:00:00
RECON006168,HDFC2026572398,2024-08-14,Unmatched,Amount Mismatch,-2053.0,-1.2118600546606142,9,2024-08-23
RECON006169,HDFC2026706388,2024-08-14,Matched,None,0.0,0.0,0,2024-08-14 00:00:00
RECON006170,HDFC2026198671,2024-08-14,Matched,None,0.0,0.0,0,2024-08-14 00:00:00
RECON006171,HDFC2026600445,2024-08-14,Unmatched,Missing Settlement,116189.0,100.0,3,2024-08-17
RECON006172,HDFC2026503489,2024-08-14,Matched,None,0.0,0.0,0,2024-08-14 00:00:00
RECON006173,HDFC2026289074,2024-08-14,Matched,None,0.0,0.0,0,2024-08-14 00:00:00
RECON006174,HDFC2026736565,2024-08-14,Matched,None,0.0,0.0,0,2024-08-14 00:00:00
RECON006175,HDFC2026731349,2024-08-14,Unmatched,FX Rate Discrepancy,0.0,1.29,4,2024-08-18
RECON006176,HDFC2026692736,2024-08-14,Matched,None,0.0,0.0,0,2024-08-14 00:00:00
RECON006177,HDFC2026587575,2024-08-14,Unmatched,Amount Mismatch,-2856.0,-0.6853391180818184,1,2024-08-15
RECON006178,HDFC2026530184,2024-08-14,Matched,None,0.0,0.0,0,2024-08-14 00:00:00
RECON006179,HDFC2026999308,2024-08-14,Matched,None,0.0,0.0,0,2024-08-14 00:00:00
RECON006180,HDFC2026253499,2024-08-14,Matched,None,0.0,0.0,0,2024-08-14 00:00:00
RECON006181,HDFC2026671080,2024-08-15,Matched,None,0.0,0.0,0,2024-08-15 00:00:00
RECON006182,HDFC2026235302,2024-08-15,Matched,None,0.0,0.0,0,2024-08-15 00:00:00
RECON006183,HDFC2026507741,2024-08-15,Duplicate,Duplicate Transaction,0.0,0.0,2,2024-08-17
RECON006184,HDFC2026653734,2024-08-15,Matched,None,0.0,0.0,0,2024-08-15 00:00:00
RECON006185,HDFC2026686312,2024-08-15,Matched,None,0.0,0.0,0,2024-08-15 00:00:00
RECON006186,HDFC2026743170,2024-08-15,Matched,None,0.0,0.0,0,2024-08-15 00:00:00
RECON006187,HDFC2026290054,2024-08-15,Matched,None,0.0,0.0,0,2024-08-15 00:00:00
RECON006188,HDFC2026980521,2024-08-15,Matched,None,0.0,0.0,0,2024-08-15 00:00:00
RECON006189,HDFC2026950182,2024-08-15,Matched,None,0.0,0.0,0,2024-08-15 00:00:00
RECON006190,HDFC2026830072,2024-08-15,Matched,None,0.0,0.0,0,2024-08-15 00:00:00
RECON006191,HDFC2026152905,2024-08-15,Matched,None,0.0,0.0,0,2024-08-15 00:00:00
RECON006192,HDFC2026545140,2024-08-15,Matched,None,0.0,0.0,0,2024-08-15 00:00:00
RECON006193,HDFC2026384424,2024-08-15,Matched,None,0.0,0.0,0,2024-08-15 00:00:00
RECON006194,HDFC2026414938,2024-08-15,Unmatched,Amount Mismatch,-785.0,-0.11508120921763834,3,2024-08-18
RECON006195,HDFC2026489288,2024-08-15,Matched,None,0.0,0.0,0,2024-08-15 00:00:00
RECON006196,HDFC2026821506,2024-08-15,Matched,None,0.0,0.0,0,2024-08-15 00:00:00
RECON006197,HDFC2026867651,2024-08-15,Matched,None,0.0,0.0,0,2024-08-15 00:00:00
RECON006198,HDFC2026194893,2024-08-15,Matched,None,0.0,0.0,0,2024-08-15 00:00:00
RECON006199,HDFC2026666836,2024-08-15,Matched,None,0.0,0.0,0,2024-08-15 00:00:00
RECON006200,HDFC2026326172,2024-08-15,Matched,None,0.0,0.0,0,2024-08-15 00:00:00
RECON006201,HDFC2026126395,2024-08-15,Matched,None,0.0,0.0,0,2024-08-15 00:00:00
RECON006202,HDFC2026549359,2024-08-15,Matched,None,0.0,0.0,0,2024-08-15 00:00:00
RECON006203,HDFC2026783286,2024-08-15,Duplicate,Duplicate Transaction,0.0,0.0,9,2024-08-24
RECON006204,HDFC2026838364,2024-08-15,Matched,None,0.0,0.0,0,2024-08-15 00:00:00
RECON006205,HDFC2026508895,2024-08-15,Matched,None,0.0,0.0,0,2024-08-15 00:00:00
RECON006206,HDFC2026101150,2024-08-15,Matched,None,0.0,0.0,0,2024-08-15 00:00:00
RECON006207,HDFC2026964416,2024-08-16,Matched,None,0.0,0.0,0,2024-08-16 00:00:00
RECON006208,HDFC2026544410,2024-08-16,Matched,None,0.0,0.0,0,2024-08-16 00:00:00
RECON006209,HDFC2026110785,2024-08-16,Matched,None,0.0,0.0,0,2024-08-16 00:00:00
RECON006210,HDFC2026914992,2024-08-16,Matched,None,0.0,0.0,0,2024-08-16 00:00:00
RECON006211,HDFC2026516069,2024-08-16,Matched,None,0.0,0.0,0,2024-08-16 00:00:00
RECON006212,HDFC2026402012,2024-08-16,Matched,None,0.0,0.0,0,2024-08-16 00:00:00
RECON006213,HDFC2026838889,2024-08-16,Matched,None,0.0,0.0,0,2024-08-16 00:00:00
RECON006214,HDFC2026389259,2024-08-16,Unmatched,Missing Settlement,114690.0,100.0,12,2024-08-28
RECON006215,HDFC2026255813,2024-08-16,Duplicate,Duplicate Transaction,0.0,0.0,9,2024-08-25
RECON006216,HDFC2026139916,2024-08-16,Duplicate,Duplicate Transaction,0.0,0.0,5,2024-08-21
RECON006217,HDFC2026354117,2024-08-16,Matched,None,0.0,0.0,0,2024-08-16 00:00:00
RECON006218,HDFC2026569009,2024-08-16,Matched,None,0.0,0.0,0,2024-08-16 00:00:00
RECON006219,HDFC2026740204,2024-08-16,Matched,None,0.0,0.0,0,2024-08-16 00:00:00
RECON006220,HDFC2026923233,2024-08-16,Matched,None,0.0,0.0,0,2024-08-16 00:00:00
RECON006221,HDFC2026658847,2024-08-16,Matched,None,0.0,0.0,0,2024-08-16 00:00:00
RECON006222,HDFC2026135037,2024-08-16,Matched,None,0.0,0.0,0,2024-08-16 00:00:00
RECON006223,HDFC2026963050,2024-08-16,Unmatched,FX Rate Discrepancy,0.0,-0.46,6,2024-08-22
RECON006224,HDFC2026779855,2024-08-16,Matched,None,0.0,0.0,0,2024-08-16 00:00:00
RECON006225,HDFC2026652580,2024-08-16,Matched,None,0.0,0.0,0,2024-08-16 00:00:00
RECON006226,HDFC2026500407,2024-08-16,Matched,None,0.0,0.0,0,2024-08-16 00:00:00
RECON006227,HDFC2026289756,2024-08-16,Matched,None,0.0,0.0,0,2024-08-16 00:00:00
RECON006228,HDFC2026285563,2024-08-16,Matched,None,0.0,0.0,0,2024-08-16 00:00:00
RECON006229,HDFC2026390070,2024-08-16,Unmatched,Missing Settlement,1203104.0,100.0,4,2024-08-20
RECON006230,HDFC2026697864,2024-08-16,Matched,None,0.0,0.0,0,2024-08-16 00:00:00
RECON006231,HDFC2026125313,2024-08-16,Matched,None,0.0,0.0,0,2024-08-16 00:00:00
RECON006232,HDFC2026289226,2024-08-16,Matched,None,0.0,0.0,0,2024-08-16 00:00:00
RECON006233,HDFC2026776924,2024-08-16,Matched,None,0.0,0.0,0,2024-08-16 00:00:00
RECON006234,HDFC2026989577,2024-08-16,Matched,None,0.0,0.0,0,2024-08-16 00:00:00
RECON006235,HDFC2026388423,2024-08-17,Unmatched,Amount Mismatch,3209.0,1.3389299408767925,12,2024-08-29
RECON006236,HDFC2026226124,2024-08-17,Matched,None,0.0,0.0,0,2024-08-17 00:00:00
RECON006237,HDFC2026242056,2024-08-17,Matched,None,0.0,0.0,0,2024-08-17 00:00:00
RECON006238,HDFC2026843248,2024-08-17,Matched,None,0.0,0.0,0,2024-08-17 00:00:00
RECON006239,HDFC2026479676,2024-08-17,Matched,None,0.0,0.0,0,2024-08-17 00:00:00
RECON006240,HDFC2026955443,2024-08-17,Unmatched,Missing Settlement,192333.0,100.0,15,2024-09-01
RECON006241,HDFC2026149660,2024-08-17,Matched,None,0.0,0.0,0,2024-08-17 00:00:00
RECON006242,HDFC2026355939,2024-08-17,Unmatched,Missing Settlement,326209.0,100.0,14,2024-08-31
RECON006243,HDFC2026331148,2024-08-17,Unmatched,FX Rate Discrepancy,0.0,-0.21,3,2024-08-20
RECON006244,HDFC2026395928,2024-08-17,Unmatched,Missing Settlement,91916.0,100.0,11,2024-08-28
RECON006245,HDFC2026122080,2024-08-17,Matched,None,0.0,0.0,0,2024-08-17 00:00:00
RECON006246,HDFC2026196850,2024-08-17,Unmatched,FX Rate Discrepancy,0.0,-1.95,7,2024-08-24
RECON006247,HDFC2026925100,2024-08-17,Matched,None,0.0,0.0,0,2024-08-17 00:00:00
RECON006248,HDFC2026728903,2024-08-17,Matched,None,0.0,0.0,0,2024-08-17 00:00:00
RECON006249,HDFC2026177558,2024-08-17,Matched,None,0.0,0.0,0,2024-08-17 00:00:00
RECON006250,HDFC2026540884,2024-08-17,Matched,None,0.0,0.0,0,2024-08-17 00:00:00
RECON006251,HDFC2026218723,2024-08-17,Matched,None,0.0,0.0,0,2024-08-17 00:00:00
RECON006252,HDFC2026662336,2024-08-17,Matched,None,0.0,0.0,0,2024-08-17 00:00:00
RECON006253,HDFC2026441198,2024-08-17,Matched,None,0.0,0.0,0,2024-08-17 00:00:00
RECON006254,HDFC2026225136,2024-08-17,Matched,None,0.0,0.0,0,2024-08-17 00:00:00
RECON006255,HDFC2026551060,2024-08-17,Unmatched,Missing Settlement,51725.0,100.0,14,2024-08-31
RECON006256,HDFC2026619902,2024-08-17,Matched,None,0.0,0.0,0,2024-08-17 00:00:00
RECON006257,HDFC2026862961,2024-08-18,Matched,None,0.0,0.0,0,2024-08-18 00:00:00
RECON006258,HDFC2026170176,2024-08-18,Unmatched,Missing Settlement,251631.0,100.0,9,2024-08-27
RECON006259,HDFC2026360515,2024-08-18,Matched,None,0.0,0.0,0,2024-08-18 00:00:00
RECON006260,HDFC2026805038,2024-08-18,Matched,None,0.0,0.0,0,2024-08-18 00:00:00
RECON006261,HDFC2026136618,2024-08-18,Matched,None,0.0,0.0,0,2024-08-18 00:00:00
RECON006262,HDFC2026446723,2024-08-18,Matched,None,0.0,0.0,0,2024-08-18 00:00:00
RECON006263,HDFC2026761475,2024-08-18,Matched,None,0.0,0.0,0,2024-08-18 00:00:00
RECON006264,HDFC2026751997,2024-08-18,Unmatched,Amount Mismatch,-3980.0,-5.690022445565929,11,2024-08-29
RECON006265,HDFC2026804863,2024-08-18,Unmatched,Missing Settlement,154991.0,100.0,12,2024-08-30
RECON006266,HDFC2026915827,2024-08-18,Matched,None,0.0,0.0,0,2024-08-18 00:00:00
RECON006267,HDFC2026331784,2024-08-18,Matched,None,0.0,0.0,0,2024-08-18 00:00:00
RECON006268,HDFC2026535350,2024-08-18,Matched,None,0.0,0.0,0,2024-08-18 00:00:00
RECON006269,HDFC2026160230,2024-08-18,Matched,None,0.0,0.0,0,2024-08-18 00:00:00
RECON006270,HDFC2026921609,2024-08-18,Matched,None,0.0,0.0,0,2024-08-18 00:00:00
RECON006271,HDFC2026231894,2024-08-18,Matched,None,0.0,0.0,0,2024-08-18 00:00:00
RECON006272,HDFC2026766800,2024-08-18,Matched,None,0.0,0.0,0,2024-08-18 00:00:00
RECON006273,HDFC2026609462,2024-08-18,Matched,None,0.0,0.0,0,2024-08-18 00:00:00
RECON006274,HDFC2026814236,2024-08-18,Duplicate,Duplicate Transaction,0.0,0.0,15,2024-09-02
RECON006275,HDFC2026272359,2024-08-18,Matched,None,0.0,0.0,0,2024-08-18 00:00:00
RECON006276,HDFC2026895950,2024-08-18,Matched,None,0.0,0.0,0,2024-08-18 00:00:00
RECON006277,HDFC2026509758,2024-08-18,Matched,None,0.0,0.0,0,2024-08-18 00:00:00
RECON006278,HDFC2026765104,2024-08-18,Unmatched,Amount Mismatch,-1615.0,-0.8159202974698891,1,2024-08-19
RECON006279,HDFC2026314989,2024-08-18,Matched,None,0.0,0.0,0,2024-08-18 00:00:00
RECON006280,HDFC2026813489,2024-08-18,Matched,None,0.0,0.0,0,2024-08-18 00:00:00
RECON006281,HDFC2026515232,2024-08-18,Matched,None,0.0,0.0,0,2024-08-18 00:00:00
RECON006282,HDFC2026335038,2024-08-18,Matched,None,0.0,0.0,0,2024-08-18 00:00:00
RECON006283,HDFC2026174923,2024-08-18,Matched,None,0.0,0.0,0,2024-08-18 00:00:00
RECON006284,HDFC2026392477,2024-08-18,Matched,None,0.0,0.0,0,2024-08-18 00:00:00
RECON006285,HDFC2026270557,2024-08-19,Matched,None,0.0,0.0,0,2024-08-19 00:00:00
RECON006286,HDFC2026776168,2024-08-19,Matched,None,0.0,0.0,0,2024-08-19 00:00:00
RECON006287,HDFC2026456222,2024-08-19,Matched,None,0.0,0.0,0,2024-08-19 00:00:00
RECON006288,HDFC2026793948,2024-08-19,Unmatched,Amount Mismatch,77.0,0.04708731333243643,13,2024-09-01
RECON006289,HDFC2026776319,2024-08-19,Matched,None,0.0,0.0,0,2024-08-19 00:00:00
RECON006290,HDFC2026719440,2024-08-19,Matched,None,0.0,0.0,0,2024-08-19 00:00:00
RECON006291,HDFC2026486326,2024-08-19,Matched,None,0.0,0.0,0,2024-08-19 00:00:00
RECON006292,HDFC2026125076,2024-08-19,Unmatched,Missing Settlement,1424299.0,100.0,13,2024-09-01
RECON006293,HDFC2026436551,2024-08-19,Matched,None,0.0,0.0,0,2024-08-19 00:00:00
RECON006294,HDFC2026910470,2024-08-19,Unmatched,FX Rate Discrepancy,0.0,0.01,6,2024-08-25
RECON006295,HDFC2026743688,2024-08-19,Matched,None,0.0,0.0,0,2024-08-19 00:00:00
RECON006296,HDFC2026347996,2024-08-19,Matched,None,0.0,0.0,0,2024-08-19 00:00:00
RECON006297,HDFC2026614044,2024-08-19,Matched,None,0.0,0.0,0,2024-08-19 00:00:00
RECON006298,HDFC2026138783,2024-08-19,Unmatched,Amount Mismatch,3039.0,5.44097110323343,11,2024-08-30
RECON006299,HDFC2026628905,2024-08-19,Matched,None,0.0,0.0,0,2024-08-19 00:00:00
RECON006300,HDFC2026739447,2024-08-19,Matched,None,0.0,0.0,0,2024-08-19 00:00:00
RECON006301,HDFC2026152420,2024-08-19,Matched,None,0.0,0.0,0,2024-08-19 00:00:00
RECON006302,HDFC2026997347,2024-08-19,Matched,None,0.0,0.0,0,2024-08-19 00:00:00
RECON006303,HDFC2026179668,2024-08-19,Unmatched,Missing Settlement,148191.0,100.0,8,2024-08-27
RECON006304,HDFC2026550961,2024-08-19,Matched,None,0.0,0.0,0,2024-08-19 00:00:00
RECON006305,HDFC2026688497,2024-08-19,Matched,None,0.0,0.0,0,2024-08-19 00:00:00
RECON006306,HDFC2026433507,2024-08-19,Matched,None,0.0,0.0,0,2024-08-19 00:00:00
RECON006307,HDFC2026803428,2024-08-19,Matched,None,0.0,0.0,0,2024-08-19 00:00:00
RECON006308,HDFC2026851909,2024-08-19,Matched,None,0.0,0.0,0,2024-08-19 00:00:00
RECON006309,HDFC2026642717,2024-08-19,Matched,None,0.0,0.0,0,2024-08-19 00:00:00
RECON006310,HDFC2026309664,2024-08-19,Matched,None,0.0,0.0,0,2024-08-19 00:00:00
RECON006311,HDFC2026582954,2024-08-19,Unmatched,Amount Mismatch,4550.0,1.0496859016801896,1,2024-08-20
RECON006312,HDFC2026489633,2024-08-19,Matched,None,0.0,0.0,0,2024-08-19 00:00:00
RECON006313,HDFC2026300353,2024-08-19,Matched,None,0.0,0.0,0,2024-08-19 00:00:00
RECON006314,HDFC2026749908,2024-08-19,Matched,None,0.0,0.0,0,2024-08-19 00:00:00
RECON006315,HDFC2026302652,2024-08-19,Matched,None,0.0,0.0,0,2024-08-19 00:00:00
RECON006316,HDFC2026918779,2024-08-20,Matched,None,0.0,0.0,0,2024-08-20 00:00:00
RECON006317,HDFC2026746781,2024-08-20,Matched,None,0.0,0.0,0,2024-08-20 00:00:00
RECON006318,HDFC2026842929,2024-08-20,Matched,None,0.0,0.0,0,2024-08-20 00:00:00
RECON006319,HDFC2026781478,2024-08-20,Matched,None,0.0,0.0,0,2024-08-20 00:00:00
RECON006320,HDFC2026441390,2024-08-20,Duplicate,Duplicate Transaction,0.0,0.0,3,2024-08-23
RECON006321,HDFC2026846172,2024-08-20,Matched,None,0.0,0.0,0,2024-08-20 00:00:00
RECON006322,HDFC2026615316,2024-08-20,Matched,None,0.0,0.0,0,2024-08-20 00:00:00
RECON006323,HDFC2026142680,2024-08-20,Matched,None,0.0,0.0,0,2024-08-20 00:00:00
RECON006324,HDFC2026156962,2024-08-20,Duplicate,Duplicate Transaction,0.0,0.0,14,2024-09-03
RECON006325,HDFC2026634600,2024-08-20,Matched,None,0.0,0.0,0,2024-08-20 00:00:00
RECON006326,HDFC2026891014,2024-08-20,Matched,None,0.0,0.0,0,2024-08-20 00:00:00
RECON006327,HDFC2026114204,2024-08-20,Matched,None,0.0,0.0,0,2024-08-20 00:00:00
RECON006328,HDFC2026814677,2024-08-20,Matched,None,0.0,0.0,0,2024-08-20 00:00:00
RECON006329,HDFC2026507046,2024-08-20,Matched,None,0.0,0.0,0,2024-08-20 00:00:00
RECON006330,HDFC2026793647,2024-08-20,Matched,None,0.0,0.0,0,2024-08-20 00:00:00
RECON006331,HDFC2026614150,2024-08-20,Matched,None,0.0,0.0,0,2024-08-20 00:00:00
RECON006332,HDFC2026209940,2024-08-20,Matched,None,0.0,0.0,0,2024-08-20 00:00:00
RECON006333,HDFC2026287428,2024-08-20,Matched,None,0.0,0.0,0,2024-08-20 00:00:00
RECON006334,HDFC2026793900,2024-08-20,Matched,None,0.0,0.0,0,2024-08-20 00:00:00
RECON006335,HDFC2026323462,2024-08-20,Matched,None,0.0,0.0,0,2024-08-20 00:00:00
RECON006336,HDFC2026594313,2024-08-20,Unmatched,Amount Mismatch,-4948.0,-2.69038789869178,2,2024-08-22
RECON006337,HDFC2026905305,2024-08-20,Unmatched,Missing Settlement,321836.0,100.0,8,2024-08-28
RECON006338,HDFC2026461172,2024-08-20,Matched,None,0.0,0.0,0,2024-08-20 00:00:00
RECON006339,HDFC2026591644,2024-08-20,Matched,None,0.0,0.0,0,2024-08-20 00:00:00
RECON006340,HDFC2026898934,2024-08-20,Matched,None,0.0,0.0,0,2024-08-20 00:00:00
RECON006341,HDFC2026236617,2024-08-20,Duplicate,Duplicate Transaction,0.0,0.0,5,2024-08-25
RECON006342,HDFC2026134851,2024-08-20,Matched,None,0.0,0.0,0,2024-08-20 00:00:00
RECON006343,HDFC2026836996,2024-08-20,Unmatched,FX Rate Discrepancy,0.0,-1.5,15,2024-09-04
RECON006344,HDFC2026755884,2024-08-20,Unmatched,Amount Mismatch,-4133.0,-0.6979839022923865,6,2024-08-26
RECON006345,HDFC2026446731,2024-08-20,Matched,None,0.0,0.0,0,2024-08-20 00:00:00
RECON006346,HDFC2026767625,2024-08-20,Matched,None,0.0,0.0,0,2024-08-20 00:00:00
RECON006347,HDFC2026675450,2024-08-21,Unmatched,Amount Mismatch,-3468.0,-1.9189163766343713,4,2024-08-25
RECON006348,HDFC2026598724,2024-08-21,Matched,None,0.0,0.0,0,2024-08-21 00:00:00
RECON006349,HDFC2026519692,2024-08-21,Matched,None,0.0,0.0,0,2024-08-21 00:00:00
RECON006350,HDFC2026155343,2024-08-21,Matched,None,0.0,0.0,0,2024-08-21 00:00:00
RECON006351,HDFC2026340734,2024-08-21,Matched,None,0.0,0.0,0,2024-08-21 00:00:00
RECON006352,HDFC2026827540,2024-08-21,Matched,None,0.0,0.0,0,2024-08-21 00:00:00
RECON006353,HDFC2026362206,2024-08-21,Matched,None,0.0,0.0,0,2024-08-21 00:00:00
RECON006354,HDFC2026191419,2024-08-21,Matched,None,0.0,0.0,0,2024-08-21 00:00:00
RECON006355,HDFC2026585725,2024-08-21,Matched,None,0.0,0.0,0,2024-08-21 00:00:00
RECON006356,HDFC2026947009,2024-08-21,Matched,None,0.0,0.0,0,2024-08-21 00:00:00
RECON006357,HDFC2026744584,2024-08-21,Matched,None,0.0,0.0,0,2024-08-21 00:00:00
RECON006358,HDFC2026776541,2024-08-21,Matched,None,0.0,0.0,0,2024-08-21 00:00:00
RECON006359,HDFC2026421451,2024-08-21,Matched,None,0.0,0.0,0,2024-08-21 00:00:00
RECON006360,HDFC2026285938,2024-08-21,Unmatched,FX Rate Discrepancy,0.0,0.19,13,2024-09-03
RECON006361,HDFC2026156158,2024-08-21,Matched,None,0.0,0.0,0,2024-08-21 00:00:00
RECON006362,HDFC2026400255,2024-08-21,Matched,None,0.0,0.0,0,2024-08-21 00:00:00
RECON006363,HDFC2026797467,2024-08-21,Matched,None,0.0,0.0,0,2024-08-21 00:00:00
RECON006364,HDFC2026614150,2024-08-21,Matched,None,0.0,0.0,0,2024-08-21 00:00:00
RECON006365,HDFC2026355570,2024-08-21,Matched,None,0.0,0.0,0,2024-08-21 00:00:00
RECON006366,HDFC2026640240,2024-08-21,Matched,None,0.0,0.0,0,2024-08-21 00:00:00
RECON006367,HDFC2026163767,2024-08-21,Matched,None,0.0,0.0,0,2024-08-21 00:00:00
RECON006368,HDFC2026472761,2024-08-21,Matched,None,0.0,0.0,0,2024-08-21 00:00:00
RECON006369,HDFC2026460966,2024-08-21,Matched,None,0.0,0.0,0,2024-08-21 00:00:00
RECON006370,HDFC2026304595,2024-08-21,Matched,None,0.0,0.0,0,2024-08-21 00:00:00
RECON006371,HDFC2026562115,2024-08-21,Matched,None,0.0,0.0,0,2024-08-21 00:00:00
RECON006372,HDFC2026620248,2024-08-21,Matched,None,0.0,0.0,0,2024-08-21 00:00:00
RECON006373,HDFC2026450206,2024-08-21,Matched,None,0.0,0.0,0,2024-08-21 00:00:00
RECON006374,HDFC2026472336,2024-08-21,Matched,None,0.0,0.0,0,2024-08-21 00:00:00
RECON006375,HDFC2026480202,2024-08-21,Matched,None,0.0,0.0,0,2024-08-21 00:00:00
RECON006376,HDFC2026306799,2024-08-22,Matched,None,0.0,0.0,0,2024-08-22 00:00:00
RECON006377,HDFC2026864104,2024-08-22,Matched,None,0.0,0.0,0,2024-08-22 00:00:00
RECON006378,HDFC2026988028,2024-08-22,Matched,None,0.0,0.0,0,2024-08-22 00:00:00
RECON006379,HDFC2026712303,2024-08-22,Matched,None,0.0,0.0,0,2024-08-22 00:00:00
RECON006380,HDFC2026656591,2024-08-22,Matched,None,0.0,0.0,0,2024-08-22 00:00:00
RECON006381,HDFC2026661770,2024-08-22,Matched,None,0.0,0.0,0,2024-08-22 00:00:00
RECON006382,HDFC2026283912,2024-08-22,Unmatched,Amount Mismatch,452.0,0.17029420962011582,6,2024-08-28
RECON006383,HDFC2026403012,2024-08-22,Matched,None,0.0,0.0,0,2024-08-22 00:00:00
RECON006384,HDFC2026481500,2024-08-22,Matched,None,0.0,0.0,0,2024-08-22 00:00:00
RECON006385,HDFC2026841119,2024-08-22,Matched,None,0.0,0.0,0,2024-08-22 00:00:00
RECON006386,HDFC2026496589,2024-08-22,Unmatched,Amount Mismatch,4636.0,0.3799280628012237,2,2024-08-24
RECON006387,HDFC2026805904,2024-08-22,Matched,None,0.0,0.0,0,2024-08-22 00:00:00
RECON006388,HDFC2026492699,2024-08-22,Matched,None,0.0,0.0,0,2024-08-22 00:00:00
RECON006389,HDFC2026462163,2024-08-22,Matched,None,0.0,0.0,0,2024-08-22 00:00:00
RECON006390,HDFC2026559094,2024-08-22,Matched,None,0.0,0.0,0,2024-08-22 00:00:00
RECON006391,HDFC2026929768,2024-08-22,Matched,None,0.0,0.0,0,2024-08-22 00:00:00
RECON006392,HDFC2026577553,2024-08-22,Matched,None,0.0,0.0,0,2024-08-22 00:00:00
RECON006393,HDFC2026684536,2024-08-22,Matched,None,0.0,0.0,0,2024-08-22 00:00:00
RECON006394,HDFC2026975698,2024-08-22,Matched,None,0.0,0.0,0,2024-08-22 00:00:00
RECON006395,HDFC2026333653,2024-08-22,Matched,None,0.0,0.0,0,2024-08-22 00:00:00
RECON006396,HDFC2026993631,2024-08-23,Matched,None,0.0,0.0,0,2024-08-23 00:00:00
RECON006397,HDFC2026699482,2024-08-23,Matched,None,0.0,0.0,0,2024-08-23 00:00:00
RECON006398,HDFC2026771255,2024-08-23,Matched,None,0.0,0.0,0,2024-08-23 00:00:00
RECON006399,HDFC2026212206,2024-08-23,Unmatched,Missing Settlement,259266.0,100.0,11,2024-09-03
RECON006400,HDFC2026863571,2024-08-23,Matched,None,0.0,0.0,0,2024-08-23 00:00:00
RECON006401,HDFC2026637837,2024-08-23,Matched,None,0.0,0.0,0,2024-08-23 00:00:00
RECON006402,HDFC2026537619,2024-08-23,Duplicate,Duplicate Transaction,0.0,0.0,2,2024-08-25
RECON006403,HDFC2026877159,2024-08-23,Matched,None,0.0,0.0,0,2024-08-23 00:00:00
RECON006404,HDFC2026813753,2024-08-23,Matched,None,0.0,0.0,0,2024-08-23 00:00:00
RECON006405,HDFC2026888678,2024-08-23,Matched,None,0.0,0.0,0,2024-08-23 00:00:00
RECON006406,HDFC2026781311,2024-08-23,Matched,None,0.0,0.0,0,2024-08-23 00:00:00
RECON006407,HDFC2026214798,2024-08-23,Matched,None,0.0,0.0,0,2024-08-23 00:00:00
RECON006408,HDFC2026649037,2024-08-23,Matched,None,0.0,0.0,0,2024-08-23 00:00:00
RECON006409,HDFC2026169554,2024-08-23,Matched,None,0.0,0.0,0,2024-08-23 00:00:00
RECON006410,HDFC2026184365,2024-08-23,Matched,None,0.0,0.0,0,2024-08-23 00:00:00
RECON006411,HDFC2026590615,2024-08-23,Matched,None,0.0,0.0,0,2024-08-23 00:00:00
RECON006412,HDFC2026711795,2024-08-23,Matched,None,0.0,0.0,0,2024-08-23 00:00:00
RECON006413,HDFC2026965782,2024-08-23,Matched,None,0.0,0.0,0,2024-08-23 00:00:00
RECON006414,HDFC2026886331,2024-08-23,Duplicate,Duplicate Transaction,0.0,0.0,14,2024-09-06
RECON006415,HDFC2026216320,2024-08-23,Matched,None,0.0,0.0,0,2024-08-23 00:00:00
RECON006416,HDFC2026371417,2024-08-23,Matched,None,0.0,0.0,0,2024-08-23 00:00:00
RECON006417,HDFC2026695789,2024-08-23,Unmatched,Missing Settlement,50000.0,100.0,3,2024-08-26
RECON006418,HDFC2026772989,2024-08-23,Matched,None,0.0,0.0,0,2024-08-23 00:00:00
RECON006419,HDFC2026773943,2024-08-23,Matched,None,0.0,0.0,0,2024-08-23 00:00:00
RECON006420,HDFC2026378131,2024-08-23,Unmatched,Amount Mismatch,4196.0,1.247754873856621,10,2024-09-02
RECON006421,HDFC2026443831,2024-08-23,Matched,None,0.0,0.0,0,2024-08-23 00:00:00
RECON006422,HDFC2026683233,2024-08-23,Matched,None,0.0,0.0,0,2024-08-23 00:00:00
RECON006423,HDFC2026636340,2024-08-23,Matched,None,0.0,0.0,0,2024-08-23 00:00:00
RECON006424,HDFC2026239578,2024-08-23,Matched,None,0.0,0.0,0,2024-08-23 00:00:00
RECON006425,HDFC2026389621,2024-08-23,Matched,None,0.0,0.0,0,2024-08-23 00:00:00
RECON006426,HDFC2026802982,2024-08-24,Matched,None,0.0,0.0,0,2024-08-24 00:00:00
RECON006427,HDFC2026329530,2024-08-24,Matched,None,0.0,0.0,0,2024-08-24 00:00:00
RECON006428,HDFC2026264509,2024-08-24,Matched,None,0.0,0.0,0,2024-08-24 00:00:00
RECON006429,HDFC2026651087,2024-08-24,Matched,None,0.0,0.0,0,2024-08-24 00:00:00
RECON006430,HDFC2026855492,2024-08-24,Matched,None,0.0,0.0,0,2024-08-24 00:00:00
RECON006431,HDFC2026983292,2024-08-24,Matched,None,0.0,0.0,0,2024-08-24 00:00:00
RECON006432,HDFC2026430362,2024-08-24,Matched,None,0.0,0.0,0,2024-08-24 00:00:00
RECON006433,HDFC2026217582,2024-08-24,Duplicate,Duplicate Transaction,0.0,0.0,11,2024-09-04
RECON006434,HDFC2026951121,2024-08-24,Matched,None,0.0,0.0,0,2024-08-24 00:00:00
RECON006435,HDFC2026458005,2024-08-24,Matched,None,0.0,0.0,0,2024-08-24 00:00:00
RECON006436,HDFC2026862538,2024-08-24,Unmatched,FX Rate Discrepancy,0.0,1.14,15,2024-09-08
RECON006437,HDFC2026204980,2024-08-24,Matched,None,0.0,0.0,0,2024-08-24 00:00:00
RECON006438,HDFC2026837147,2024-08-24,Matched,None,0.0,0.0,0,2024-08-24 00:00:00
RECON006439,HDFC2026504482,2024-08-24,Matched,None,0.0,0.0,0,2024-08-24 00:00:00
RECON006440,HDFC2026437471,2024-08-24,Matched,None,0.0,0.0,0,2024-08-24 00:00:00
RECON006441,HDFC2026989958,2024-08-24,Matched,None,0.0,0.0,0,2024-08-24 00:00:00
RECON006442,HDFC2026223489,2024-08-24,Unmatched,Amount Mismatch,4627.0,2.5219107002703414,12,2024-09-05
RECON006443,HDFC2026193674,2024-08-24,Matched,None,0.0,0.0,0,2024-08-24 00:00:00
RECON006444,HDFC2026841887,2024-08-24,Matched,None,0.0,0.0,0,2024-08-24 00:00:00
RECON006445,HDFC2026828380,2024-08-24,Matched,None,0.0,0.0,0,2024-08-24 00:00:00
RECON006446,HDFC2026114993,2024-08-24,Duplicate,Duplicate Transaction,0.0,0.0,6,2024-08-30
RECON006447,HDFC2026368186,2024-08-24,Matched,None,0.0,0.0,0,2024-08-24 00:00:00
RECON006448,HDFC2026352876,2024-08-24,Duplicate,Duplicate Transaction,0.0,0.0,3,2024-08-27
RECON006449,HDFC2026407572,2024-08-24,Matched,None,0.0,0.0,0,2024-08-24 00:00:00
RECON006450,HDFC2026149292,2024-08-24,Matched,None,0.0,0.0,0,2024-08-24 00:00:00
RECON006451,HDFC2026582559,2024-08-24,Matched,None,0.0,0.0,0,2024-08-24 00:00:00
RECON006452,HDFC2026849870,2024-08-24,Matched,None,0.0,0.0,0,2024-08-24 00:00:00
RECON006453,HDFC2026857607,2024-08-24,Unmatched,FX Rate Discrepancy,0.0,1.47,2,2024-08-26
RECON006454,HDFC2026533929,2024-08-24,Matched,None,0.0,0.0,0,2024-08-24 00:00:00
RECON006455,HDFC2026176377,2024-08-24,Matched,None,0.0,0.0,0,2024-08-24 00:00:00
RECON006456,HDFC2026708179,2024-08-24,Matched,None,0.0,0.0,0,2024-08-24 00:00:00
RECON006457,HDFC2026230824,2024-08-24,Unmatched,Missing Settlement,153460.0,100.0,4,2024-08-28
RECON006458,HDFC2026314396,2024-08-24,Matched,None,0.0,0.0,0,2024-08-24 00:00:00
RECON006459,HDFC2026630894,2024-08-24,Matched,None,0.0,0.0,0,2024-08-24 00:00:00
RECON006460,HDFC2026240384,2024-08-25,Matched,None,0.0,0.0,0,2024-08-25 00:00:00
RECON006461,HDFC2026360820,2024-08-25,Matched,None,0.0,0.0,0,2024-08-25 00:00:00
RECON006462,HDFC2026418940,2024-08-25,Matched,None,0.0,0.0,0,2024-08-25 00:00:00
RECON006463,HDFC2026702127,2024-08-25,Matched,None,0.0,0.0,0,2024-08-25 00:00:00
RECON006464,HDFC2026376955,2024-08-25,Matched,None,0.0,0.0,0,2024-08-25 00:00:00
RECON006465,HDFC2026891196,2024-08-25,Matched,None,0.0,0.0,0,2024-08-25 00:00:00
RECON006466,HDFC2026696613,2024-08-25,Matched,None,0.0,0.0,0,2024-08-25 00:00:00
RECON006467,HDFC2026729631,2024-08-25,Matched,None,0.0,0.0,0,2024-08-25 00:00:00
RECON006468,HDFC2026266838,2024-08-25,Matched,None,0.0,0.0,0,2024-08-25 00:00:00
RECON006469,HDFC2026175297,2024-08-25,Matched,None,0.0,0.0,0,2024-08-25 00:00:00
RECON006470,HDFC2026127305,2024-08-25,Matched,None,0.0,0.0,0,2024-08-25 00:00:00
RECON006471,HDFC2026552933,2024-08-25,Unmatched,Amount Mismatch,812.0,0.18764067273340695,6,2024-08-31
RECON006472,HDFC2026497252,2024-08-25,Unmatched,Missing Settlement,397174.0,100.0,12,2024-09-06
RECON006473,HDFC2026646438,2024-08-25,Matched,None,0.0,0.0,0,2024-08-25 00:00:00
RECON006474,HDFC2026915509,2024-08-25,Matched,None,0.0,0.0,0,2024-08-25 00:00:00
RECON006475,HDFC2026821066,2024-08-25,Matched,None,0.0,0.0,0,2024-08-25 00:00:00
RECON006476,HDFC2026618870,2024-08-25,Matched,None,0.0,0.0,0,2024-08-25 00:00:00
RECON006477,HDFC2026359447,2024-08-25,Matched,None,0.0,0.0,0,2024-08-25 00:00:00
RECON006478,HDFC2026253317,2024-08-25,Matched,None,0.0,0.0,0,2024-08-25 00:00:00
RECON006479,HDFC2026959130,2024-08-25,Matched,None,0.0,0.0,0,2024-08-25 00:00:00
RECON006480,HDFC2026899995,2024-08-25,Matched,None,0.0,0.0,0,2024-08-25 00:00:00
RECON006481,HDFC2026579917,2024-08-25,Matched,None,0.0,0.0,0,2024-08-25 00:00:00
RECON006482,HDFC2026339357,2024-08-25,Matched,None,0.0,0.0,0,2024-08-25 00:00:00
RECON006483,HDFC2026215828,2024-08-25,Matched,None,0.0,0.0,0,2024-08-25 00:00:00
RECON006484,HDFC2026576935,2024-08-25,Matched,None,0.0,0.0,0,2024-08-25 00:00:00
RECON006485,HDFC2026954062,2024-08-25,Matched,None,0.0,0.0,0,2024-08-25 00:00:00
RECON006486,HDFC2026382467,2024-08-25,Matched,None,0.0,0.0,0,2024-08-25 00:00:00
RECON006487,HDFC2026809119,2024-08-26,Matched,None,0.0,0.0,0,2024-08-26 00:00:00
RECON006488,HDFC2026510033,2024-08-26,Matched,None,0.0,0.0,0,2024-08-26 00:00:00
RECON006489,HDFC2026128818,2024-08-26,Matched,None,0.0,0.0,0,2024-08-26 00:00:00
RECON006490,HDFC2026324156,2024-08-26,Unmatched,Amount Mismatch,-3233.0,-2.2607126874021035,10,2024-09-05
RECON006491,HDFC2026372869,2024-08-26,Matched,None,0.0,0.0,0,2024-08-26 00:00:00
RECON006492,HDFC2026379517,2024-08-26,Matched,None,0.0,0.0,0,2024-08-26 00:00:00
RECON006493,HDFC2026973630,2024-08-26,Unmatched,FX Rate Discrepancy,0.0,0.06,5,2024-08-31
RECON006494,HDFC2026396474,2024-08-26,Matched,None,0.0,0.0,0,2024-08-26 00:00:00
RECON006495,HDFC2026109301,2024-08-26,Matched,None,0.0,0.0,0,2024-08-26 00:00:00
RECON006496,HDFC2026162499,2024-08-26,Duplicate,Duplicate Transaction,0.0,0.0,13,2024-09-08
RECON006497,HDFC2026651772,2024-08-26,Matched,None,0.0,0.0,0,2024-08-26 00:00:00
RECON006498,HDFC2026165119,2024-08-26,Matched,None,0.0,0.0,0,2024-08-26 00:00:00
RECON006499,HDFC2026384964,2024-08-26,Unmatched,FX Rate Discrepancy,0.0,0.21,14,2024-09-09
RECON006500,HDFC2026863000,2024-08-26,Unmatched,FX Rate Discrepancy,0.0,-1.98,2,2024-08-28
RECON006501,HDFC2026520171,2024-08-26,Matched,None,0.0,0.0,0,2024-08-26 00:00:00
RECON006502,HDFC2026650555,2024-08-26,Matched,None,0.0,0.0,0,2024-08-26 00:00:00
RECON006503,HDFC2026506272,2024-08-26,Matched,None,0.0,0.0,0,2024-08-26 00:00:00
RECON006504,HDFC2026670410,2024-08-26,Matched,None,0.0,0.0,0,2024-08-26 00:00:00
RECON006505,HDFC2026456100,2024-08-26,Matched,None,0.0,0.0,0,2024-08-26 00:00:00
RECON006506,HDFC2026299591,2024-08-26,Matched,None,0.0,0.0,0,2024-08-26 00:00:00
RECON006507,HDFC2026562160,2024-08-26,Matched,None,0.0,0.0,0,2024-08-26 00:00:00
RECON006508,HDFC2026225549,2024-08-26,Matched,None,0.0,0.0,0,2024-08-26 00:00:00
RECON006509,HDFC2026530033,2024-08-26,Matched,None,0.0,0.0,0,2024-08-26 00:00:00
RECON006510,HDFC2026155663,2024-08-26,Matched,None,0.0,0.0,0,2024-08-26 00:00:00
RECON006511,HDFC2026824538,2024-08-26,Unmatched,Missing Settlement,498369.0,100.0,1,2024-08-27
RECON006512,HDFC2026506198,2024-08-26,Matched,None,0.0,0.0,0,2024-08-26 00:00:00
RECON006513,HDFC2026675585,2024-08-26,Matched,None,0.0,0.0,0,2024-08-26 00:00:00
RECON006514,HDFC2026796744,2024-08-26,Matched,None,0.0,0.0,0,2024-08-26 00:00:00
RECON006515,HDFC2026576672,2024-08-26,Matched,None,0.0,0.0,0,2024-08-26 00:00:00
RECON006516,HDFC2026916528,2024-08-27,Matched,None,0.0,0.0,0,2024-08-27 00:00:00
RECON006517,HDFC2026918863,2024-08-27,Matched,None,0.0,0.0,0,2024-08-27 00:00:00
RECON006518,HDFC2026238785,2024-08-27,Matched,None,0.0,0.0,0,2024-08-27 00:00:00
RECON006519,HDFC2026566449,2024-08-27,Matched,None,0.0,0.0,0,2024-08-27 00:00:00
RECON006520,HDFC2026446506,2024-08-27,Matched,None,0.0,0.0,0,2024-08-27 00:00:00
RECON006521,HDFC2026242546,2024-08-27,Matched,None,0.0,0.0,0,2024-08-27 00:00:00
RECON006522,HDFC2026601797,2024-08-27,Matched,None,0.0,0.0,0,2024-08-27 00:00:00
RECON006523,HDFC2026507512,2024-08-27,Matched,None,0.0,0.0,0,2024-08-27 00:00:00
RECON006524,HDFC2026909017,2024-08-27,Matched,None,0.0,0.0,0,2024-08-27 00:00:00
RECON006525,HDFC2026246070,2024-08-27,Unmatched,Amount Mismatch,-671.0,-0.5688320716168903,5,2024-09-01
RECON006526,HDFC2026879677,2024-08-27,Matched,None,0.0,0.0,0,2024-08-27 00:00:00
RECON006527,HDFC2026396383,2024-08-27,Matched,None,0.0,0.0,0,2024-08-27 00:00:00
RECON006528,HDFC2026599694,2024-08-27,Matched,None,0.0,0.0,0,2024-08-27 00:00:00
RECON006529,HDFC2026310649,2024-08-27,Matched,None,0.0,0.0,0,2024-08-27 00:00:00
RECON006530,HDFC2026439403,2024-08-27,Matched,None,0.0,0.0,0,2024-08-27 00:00:00
RECON006531,HDFC2026792914,2024-08-27,Unmatched,Amount Mismatch,3879.0,0.6869608490758172,13,2024-09-09
RECON006532,HDFC2026402095,2024-08-27,Unmatched,FX Rate Discrepancy,0.0,-0.82,7,2024-09-03
RECON006533,HDFC2026375129,2024-08-27,Matched,None,0.0,0.0,0,2024-08-27 00:00:00
RECON006534,HDFC2026250566,2024-08-27,Matched,None,0.0,0.0,0,2024-08-27 00:00:00
RECON006535,HDFC2026487758,2024-08-27,Matched,None,0.0,0.0,0,2024-08-27 00:00:00
RECON006536,HDFC2026125540,2024-08-27,Matched,None,0.0,0.0,0,2024-08-27 00:00:00
RECON006537,HDFC2026646219,2024-08-27,Matched,None,0.0,0.0,0,2024-08-27 00:00:00
RECON006538,HDFC2026578184,2024-08-27,Matched,None,0.0,0.0,0,2024-08-27 00:00:00
RECON006539,HDFC2026514480,2024-08-27,Matched,None,0.0,0.0,0,2024-08-27 00:00:00
RECON006540,HDFC2026456823,2024-08-27,Matched,None,0.0,0.0,0,2024-08-27 00:00:00
RECON006541,HDFC2026449479,2024-08-27,Matched,None,0.0,0.0,0,2024-08-27 00:00:00
RECON006542,HDFC2026301872,2024-08-27,Matched,None,0.0,0.0,0,2024-08-27 00:00:00
RECON006543,HDFC2026805845,2024-08-27,Matched,None,0.0,0.0,0,2024-08-27 00:00:00
RECON006544,HDFC2026513734,2024-08-27,Matched,None,0.0,0.0,0,2024-08-27 00:00:00
RECON006545,HDFC2026764448,2024-08-27,Matched,None,0.0,0.0,0,2024-08-27 00:00:00
RECON006546,HDFC2026172058,2024-08-27,Matched,None,0.0,0.0,0,2024-08-27 00:00:00
RECON006547,HDFC2026724834,2024-08-27,Matched,None,0.0,0.0,0,2024-08-27 00:00:00
RECON006548,HDFC2026294012,2024-08-27,Matched,None,0.0,0.0,0,2024-08-27 00:00:00
RECON006549,HDFC2026263929,2024-08-27,Matched,None,0.0,0.0,0,2024-08-27 00:00:00
RECON006550,HDFC2026677521,2024-08-27,Matched,None,0.0,0.0,0,2024-08-27 00:00:00
RECON006551,HDFC2026669578,2024-08-28,Matched,None,0.0,0.0,0,2024-08-28 00:00:00
RECON006552,HDFC2026375570,2024-08-28,Matched,None,0.0,0.0,0,2024-08-28 00:00:00
RECON006553,HDFC2026630126,2024-08-28,Matched,None,0.0,0.0,0,2024-08-28 00:00:00
RECON006554,HDFC2026136446,2024-08-28,Matched,None,0.0,0.0,0,2024-08-28 00:00:00
RECON006555,HDFC2026622261,2024-08-28,Matched,None,0.0,0.0,0,2024-08-28 00:00:00
RECON006556,HDFC2026221330,2024-08-28,Unmatched,Missing Settlement,452200.0,100.0,13,2024-09-10
RECON006557,HDFC2026991912,2024-08-28,Duplicate,Duplicate Transaction,0.0,0.0,13,2024-09-10
RECON006558,HDFC2026159250,2024-08-28,Unmatched,FX Rate Discrepancy,0.0,1.62,13,2024-09-10
RECON006559,HDFC2026637446,2024-08-28,Matched,None,0.0,0.0,0,2024-08-28 00:00:00
RECON006560,HDFC2026391710,2024-08-28,Duplicate,Duplicate Transaction,0.0,0.0,6,2024-09-03
RECON006561,HDFC2026401896,2024-08-28,Matched,None,0.0,0.0,0,2024-08-28 00:00:00
RECON006562,HDFC2026713846,2024-08-28,Matched,None,0.0,0.0,0,2024-08-28 00:00:00
RECON006563,HDFC2026954689,2024-08-28,Matched,None,0.0,0.0,0,2024-08-28 00:00:00
RECON006564,HDFC2026623683,2024-08-28,Matched,None,0.0,0.0,0,2024-08-28 00:00:00
RECON006565,HDFC2026988792,2024-08-28,Matched,None,0.0,0.0,0,2024-08-28 00:00:00
RECON006566,HDFC2026107576,2024-08-28,Matched,None,0.0,0.0,0,2024-08-28 00:00:00
RECON006567,HDFC2026641588,2024-08-28,Matched,None,0.0,0.0,0,2024-08-28 00:00:00
RECON006568,HDFC2026822069,2024-08-28,Matched,None,0.0,0.0,0,2024-08-28 00:00:00
RECON006569,HDFC2026208137,2024-08-28,Matched,None,0.0,0.0,0,2024-08-28 00:00:00
RECON006570,HDFC2026796751,2024-08-28,Unmatched,Amount Mismatch,-2914.0,-2.127147038856567,6,2024-09-03
RECON006571,HDFC2026996929,2024-08-28,Matched,None,0.0,0.0,0,2024-08-28 00:00:00
RECON006572,HDFC2026921619,2024-08-28,Matched,None,0.0,0.0,0,2024-08-28 00:00:00
RECON006573,HDFC2026529106,2024-08-28,Matched,None,0.0,0.0,0,2024-08-28 00:00:00
RECON006574,HDFC2026574160,2024-08-29,Matched,None,0.0,0.0,0,2024-08-29 00:00:00
RECON006575,HDFC2026283722,2024-08-29,Matched,None,0.0,0.0,0,2024-08-29 00:00:00
RECON006576,HDFC2026736592,2024-08-29,Matched,None,0.0,0.0,0,2024-08-29 00:00:00
RECON006577,HDFC2026115260,2024-08-29,Matched,None,0.0,0.0,0,2024-08-29 00:00:00
RECON006578,HDFC2026629596,2024-08-29,Matched,None,0.0,0.0,0,2024-08-29 00:00:00
RECON006579,HDFC2026295195,2024-08-29,Matched,None,0.0,0.0,0,2024-08-29 00:00:00
RECON006580,HDFC2026365503,2024-08-29,Matched,None,0.0,0.0,0,2024-08-29 00:00:00
RECON006581,HDFC2026670467,2024-08-29,Matched,None,0.0,0.0,0,2024-08-29 00:00:00
RECON006582,HDFC2026936791,2024-08-29,Matched,None,0.0,0.0,0,2024-08-29 00:00:00
RECON006583,HDFC2026175603,2024-08-29,Matched,None,0.0,0.0,0,2024-08-29 00:00:00
RECON006584,HDFC2026818538,2024-08-29,Matched,None,0.0,0.0,0,2024-08-29 00:00:00
RECON006585,HDFC2026802705,2024-08-29,Matched,None,0.0,0.0,0,2024-08-29 00:00:00
RECON006586,HDFC2026924629,2024-08-29,Matched,None,0.0,0.0,0,2024-08-29 00:00:00
RECON006587,HDFC2026228646,2024-08-29,Matched,None,0.0,0.0,0,2024-08-29 00:00:00
RECON006588,HDFC2026494812,2024-08-29,Unmatched,FX Rate Discrepancy,0.0,1.59,2,2024-08-31
RECON006589,HDFC2026177101,2024-08-29,Matched,None,0.0,0.0,0,2024-08-29 00:00:00
RECON006590,HDFC2026616642,2024-08-29,Matched,None,0.0,0.0,0,2024-08-29 00:00:00
RECON006591,HDFC2026578420,2024-08-29,Matched,None,0.0,0.0,0,2024-08-29 00:00:00
RECON006592,HDFC2026773680,2024-08-29,Matched,None,0.0,0.0,0,2024-08-29 00:00:00
RECON006593,HDFC2026903581,2024-08-29,Matched,None,0.0,0.0,0,2024-08-29 00:00:00
RECON006594,HDFC2026737589,2024-08-29,Duplicate,Duplicate Transaction,0.0,0.0,7,2024-09-05
RECON006595,HDFC2026151757,2024-08-29,Unmatched,Missing Settlement,213585.0,100.0,5,2024-09-03
RECON006596,HDFC2026934637,2024-08-29,Matched,None,0.0,0.0,0,2024-08-29 00:00:00
RECON006597,HDFC2026108082,2024-08-29,Unmatched,Amount Mismatch,1533.0,0.18256520185780636,13,2024-09-11
RECON006598,HDFC2026608608,2024-08-29,Matched,None,0.0,0.0,0,2024-08-29 00:00:00
RECON006599,HDFC2026804068,2024-08-29,Matched,None,0.0,0.0,0,2024-08-29 00:00:00
RECON006600,HDFC2026486031,2024-08-29,Matched,None,0.0,0.0,0,2024-08-29 00:00:00
RECON006601,HDFC2026454823,2024-08-29,Matched,None,0.0,0.0,0,2024-08-29 00:00:00
RECON006602,HDFC2026159058,2024-08-29,Matched,None,0.0,0.0,0,2024-08-29 00:00:00
RECON006603,HDFC2026342634,2024-08-30,Matched,None,0.0,0.0,0,2024-08-30 00:00:00
RECON006604,HDFC2026725905,2024-08-30,Matched,None,0.0,0.0,0,2024-08-30 00:00:00
RECON006605,HDFC2026282212,2024-08-30,Matched,None,0.0,0.0,0,2024-08-30 00:00:00
RECON006606,HDFC2026831233,2024-08-30,Matched,None,0.0,0.0,0,2024-08-30 00:00:00
RECON006607,HDFC2026701186,2024-08-30,Matched,None,0.0,0.0,0,2024-08-30 00:00:00
RECON006608,HDFC2026692808,2024-08-30,Matched,None,0.0,0.0,0,2024-08-30 00:00:00
RECON006609,HDFC2026232352,2024-08-30,Matched,None,0.0,0.0,0,2024-08-30 00:00:00
RECON006610,HDFC2026532027,2024-08-30,Matched,None,0.0,0.0,0,2024-08-30 00:00:00
RECON006611,HDFC2026862343,2024-08-30,Matched,None,0.0,0.0,0,2024-08-30 00:00:00
RECON006612,HDFC2026561920,2024-08-30,Unmatched,FX Rate Discrepancy,0.0,0.27,4,2024-09-03
RECON006613,HDFC2026592502,2024-08-30,Matched,None,0.0,0.0,0,2024-08-30 00:00:00
RECON006614,HDFC2026951777,2024-08-30,Matched,None,0.0,0.0,0,2024-08-30 00:00:00
RECON006615,HDFC2026762248,2024-08-30,Matched,None,0.0,0.0,0,2024-08-30 00:00:00
RECON006616,HDFC2026943019,2024-08-30,Matched,None,0.0,0.0,0,2024-08-30 00:00:00
RECON006617,HDFC2026735082,2024-08-30,Matched,None,0.0,0.0,0,2024-08-30 00:00:00
RECON006618,HDFC2026166891,2024-08-30,Matched,None,0.0,0.0,0,2024-08-30 00:00:00
RECON006619,HDFC2026467738,2024-08-30,Matched,None,0.0,0.0,0,2024-08-30 00:00:00
RECON006620,HDFC2026486449,2024-08-30,Unmatched,Amount Mismatch,3231.0,1.405485351371338,10,2024-09-09
RECON006621,HDFC2026934799,2024-08-30,Matched,None,0.0,0.0,0,2024-08-30 00:00:00
RECON006622,HDFC2026427019,2024-08-30,Matched,None,0.0,0.0,0,2024-08-30 00:00:00
RECON006623,HDFC2026495331,2024-08-30,Matched,None,0.0,0.0,0,2024-08-30 00:00:00
RECON006624,HDFC2026770000,2024-08-30,Matched,None,0.0,0.0,0,2024-08-30 00:00:00
RECON006625,HDFC2026664967,2024-08-30,Matched,None,0.0,0.0,0,2024-08-30 00:00:00
RECON006626,HDFC2026831528,2024-08-30,Matched,None,0.0,0.0,0,2024-08-30 00:00:00
RECON006627,HDFC2026213079,2024-08-30,Matched,None,0.0,0.0,0,2024-08-30 00:00:00
RECON006628,HDFC2026922733,2024-08-30,Unmatched,Amount Mismatch,-749.0,-0.5724155324075844,14,2024-09-13
RECON006629,HDFC2026861237,2024-08-30,Matched,None,0.0,0.0,0,2024-08-30 00:00:00
RECON006630,HDFC2026173802,2024-08-30,Matched,None,0.0,0.0,0,2024-08-30 00:00:00
RECON006631,HDFC2026394411,2024-08-30,Matched,None,0.0,0.0,0,2024-08-30 00:00:00
RECON006632,HDFC2026742043,2024-08-31,Matched,None,0.0,0.0,0,2024-08-31 00:00:00
RECON006633,HDFC2026819893,2024-08-31,Matched,None,0.0,0.0,0,2024-08-31 00:00:00
RECON006634,HDFC2026827191,2024-08-31,Matched,None,0.0,0.0,0,2024-08-31 00:00:00
RECON006635,HDFC2026223304,2024-08-31,Matched,None,0.0,0.0,0,2024-08-31 00:00:00
RECON006636,HDFC2026127875,2024-08-31,Matched,None,0.0,0.0,0,2024-08-31 00:00:00
RECON006637,HDFC2026568791,2024-08-31,Matched,None,0.0,0.0,0,2024-08-31 00:00:00
RECON006638,HDFC2026154252,2024-08-31,Matched,None,0.0,0.0,0,2024-08-31 00:00:00
RECON006639,HDFC2026310142,2024-08-31,Matched,None,0.0,0.0,0,2024-08-31 00:00:00
RECON006640,HDFC2026426558,2024-08-31,Matched,None,0.0,0.0,0,2024-08-31 00:00:00
RECON006641,HDFC2026407358,2024-08-31,Matched,None,0.0,0.0,0,2024-08-31 00:00:00
RECON006642,HDFC2026217871,2024-08-31,Matched,None,0.0,0.0,0,2024-08-31 00:00:00
RECON006643,HDFC2026383285,2024-08-31,Matched,None,0.0,0.0,0,2024-08-31 00:00:00
RECON006644,HDFC2026453852,2024-08-31,Unmatched,Amount Mismatch,-1236.0,-0.09806247277695308,10,2024-09-10
RECON006645,HDFC2026796292,2024-08-31,Matched,None,0.0,0.0,0,2024-08-31 00:00:00
RECON006646,HDFC2026622357,2024-08-31,Matched,None,0.0,0.0,0,2024-08-31 00:00:00
RECON006647,HDFC2026302689,2024-08-31,Matched,None,0.0,0.0,0,2024-08-31 00:00:00
RECON006648,HDFC2026956560,2024-08-31,Matched,None,0.0,0.0,0,2024-08-31 00:00:00
RECON006649,HDFC2026651243,2024-08-31,Unmatched,FX Rate Discrepancy,0.0,0.19,5,2024-09-05
RECON006650,HDFC2026341352,2024-08-31,Matched,None,0.0,0.0,0,2024-08-31 00:00:00
RECON006651,HDFC2026518114,2024-08-31,Matched,None,0.0,0.0,0,2024-08-31 00:00:00
RECON006652,HDFC2026108383,2024-08-31,Unmatched,Missing Settlement,89173.0,100.0,13,2024-09-13
RECON006653,HDFC2026931896,2024-08-31,Matched,None,0.0,0.0,0,2024-08-31 00:00:00
RECON006654,HDFC2026674560,2024-08-31,Matched,None,0.0,0.0,0,2024-08-31 00:00:00
RECON006655,HDFC2026186554,2024-08-31,Matched,None,0.0,0.0,0,2024-08-31 00:00:00
RECON006656,HDFC2026615409,2024-08-31,Matched,None,0.0,0.0,0,2024-08-31 00:00:00
RECON006657,HDFC2026483090,2024-08-31,Matched,None,0.0,0.0,0,2024-08-31 00:00:00
RECON006658,HDFC2026512450,2024-08-31,Matched,None,0.0,0.0,0,2024-08-31 00:00:00
RECON006659,HDFC2026475325,2024-08-31,Unmatched,Amount Mismatch,-609.0,-0.20288908729894323,13,2024-09-13
RECON006660,HDFC2026393213,2024-08-31,Matched,None,0.0,0.0,0,2024-08-31 00:00:00
RECON006661,HDFC2026840988,2024-09-01,Unmatched,Amount Mismatch,1131.0,0.6064765908615614,10,2024-09-11
RECON006662,HDFC2026548981,2024-09-01,Matched,None,0.0,0.0,0,2024-09-01 00:00:00
RECON006663,HDFC2026354125,2024-09-01,Matched,None,0.0,0.0,0,2024-09-01 00:00:00
RECON006664,HDFC2026951918,2024-09-01,Unmatched,Amount Mismatch,1846.0,0.3568597885132131,5,2024-09-06
RECON006665,HDFC2026105184,2024-09-01,Unmatched,Missing Settlement,50000.0,100.0,13,2024-09-14
RECON006666,HDFC2026225243,2024-09-01,Matched,None,0.0,0.0,0,2024-09-01 00:00:00
RECON006667,HDFC2026884105,2024-09-01,Unmatched,Amount Mismatch,4992.0,1.1208053992644713,14,2024-09-15
RECON006668,HDFC2026600665,2024-09-01,Unmatched,Missing Settlement,65220.0,100.0,8,2024-09-09
RECON006669,HDFC2026339132,2024-09-01,Matched,None,0.0,0.0,0,2024-09-01 00:00:00
RECON006670,HDFC2026969755,2024-09-01,Matched,None,0.0,0.0,0,2024-09-01 00:00:00
RECON006671,HDFC2026733155,2024-09-01,Matched,None,0.0,0.0,0,2024-09-01 00:00:00
RECON006672,HDFC2026752724,2024-09-01,Matched,None,0.0,0.0,0,2024-09-01 00:00:00
RECON006673,HDFC2026980245,2024-09-01,Matched,None,0.0,0.0,0,2024-09-01 00:00:00
RECON006674,HDFC2026298518,2024-09-01,Matched,None,0.0,0.0,0,2024-09-01 00:00:00
RECON006675,HDFC2026464488,2024-09-01,Matched,None,0.0,0.0,0,2024-09-01 00:00:00
RECON006676,HDFC2026780182,2024-09-01,Matched,None,0.0,0.0,0,2024-09-01 00:00:00
RECON006677,HDFC2026565387,2024-09-01,Unmatched,Missing Settlement,223408.0,100.0,10,2024-09-11
RECON006678,HDFC2026775303,2024-09-01,Matched,None,0.0,0.0,0,2024-09-01 00:00:00
RECON006679,HDFC2026997414,2024-09-01,Matched,None,0.0,0.0,0,2024-09-01 00:00:00
RECON006680,HDFC2026654020,2024-09-01,Matched,None,0.0,0.0,0,2024-09-01 00:00:00
RECON006681,HDFC2026622622,2024-09-01,Matched,None,0.0,0.0,0,2024-09-01 00:00:00
RECON006682,HDFC2026498661,2024-09-02,Matched,None,0.0,0.0,0,2024-09-02 00:00:00
RECON006683,HDFC2026599288,2024-09-02,Unmatched,Amount Mismatch,-2284.0,-1.929233290255007,7,2024-09-09
RECON006684,HDFC2026367700,2024-09-02,Matched,None,0.0,0.0,0,2024-09-02 00:00:00
RECON006685,HDFC2026129226,2024-09-02,Unmatched,Amount Mismatch,-1131.0,-0.7893855216505206,2,2024-09-04
RECON006686,HDFC2026435907,2024-09-02,Matched,None,0.0,0.0,0,2024-09-02 00:00:00
RECON006687,HDFC2026592198,2024-09-02,Matched,None,0.0,0.0,0,2024-09-02 00:00:00
RECON006688,HDFC2026290187,2024-09-02,Matched,None,0.0,0.0,0,2024-09-02 00:00:00
RECON006689,HDFC2026842391,2024-09-02,Matched,None,0.0,0.0,0,2024-09-02 00:00:00
RECON006690,HDFC2026627070,2024-09-02,Matched,None,0.0,0.0,0,2024-09-02 00:00:00
RECON006691,HDFC2026590431,2024-09-02,Unmatched,Amount Mismatch,-1359.0,-0.4137036676245678,6,2024-09-08
RECON006692,HDFC2026627055,2024-09-02,Matched,None,0.0,0.0,0,2024-09-02 00:00:00
RECON006693,HDFC2026624393,2024-09-02,Matched,None,0.0,0.0,0,2024-09-02 00:00:00
RECON006694,HDFC2026805139,2024-09-02,Matched,None,0.0,0.0,0,2024-09-02 00:00:00
RECON006695,HDFC2026117378,2024-09-02,Matched,None,0.0,0.0,0,2024-09-02 00:00:00
RECON006696,HDFC2026896543,2024-09-02,Matched,None,0.0,0.0,0,2024-09-02 00:00:00
RECON006697,HDFC2026591737,2024-09-02,Matched,None,0.0,0.0,0,2024-09-02 00:00:00
RECON006698,HDFC2026652521,2024-09-02,Duplicate,Duplicate Transaction,0.0,0.0,14,2024-09-16
RECON006699,HDFC2026428884,2024-09-02,Matched,None,0.0,0.0,0,2024-09-02 00:00:00
RECON006700,HDFC2026353610,2024-09-02,Matched,None,0.0,0.0,0,2024-09-02 00:00:00
RECON006701,HDFC2026161185,2024-09-02,Matched,None,0.0,0.0,0,2024-09-02 00:00:00
RECON006702,HDFC2026107528,2024-09-03,Matched,None,0.0,0.0,0,2024-09-03 00:00:00
RECON006703,HDFC2026558915,2024-09-03,Matched,None,0.0,0.0,0,2024-09-03 00:00:00
RECON006704,HDFC2026679334,2024-09-03,Matched,None,0.0,0.0,0,2024-09-03 00:00:00
RECON006705,HDFC2026197716,2024-09-03,Matched,None,0.0,0.0,0,2024-09-03 00:00:00
RECON006706,HDFC2026954084,2024-09-03,Matched,None,0.0,0.0,0,2024-09-03 00:00:00
RECON006707,HDFC2026690736,2024-09-03,Matched,None,0.0,0.0,0,2024-09-03 00:00:00
RECON006708,HDFC2026350629,2024-09-03,Matched,None,0.0,0.0,0,2024-09-03 00:00:00
RECON006709,HDFC2026178811,2024-09-03,Matched,None,0.0,0.0,0,2024-09-03 00:00:00
RECON006710,HDFC2026260587,2024-09-03,Matched,None,0.0,0.0,0,2024-09-03 00:00:00
RECON006711,HDFC2026964741,2024-09-03,Unmatched,Amount Mismatch,-3666.0,-0.5818816713622476,5,2024-09-08
RECON006712,HDFC2026106550,2024-09-03,Matched,None,0.0,0.0,0,2024-09-03 00:00:00
RECON006713,HDFC2026959416,2024-09-03,Matched,None,0.0,0.0,0,2024-09-03 00:00:00
RECON006714,HDFC2026517226,2024-09-03,Matched,None,0.0,0.0,0,2024-09-03 00:00:00
RECON006715,HDFC2026852300,2024-09-03,Matched,None,0.0,0.0,0,2024-09-03 00:00:00
RECON006716,HDFC2026821634,2024-09-03,Unmatched,Amount Mismatch,1165.0,1.0297887386192874,10,2024-09-13
RECON006717,HDFC2026965365,2024-09-03,Matched,None,0.0,0.0,0,2024-09-03 00:00:00
RECON006718,HDFC2026765181,2024-09-03,Matched,None,0.0,0.0,0,2024-09-03 00:00:00
RECON006719,HDFC2026979381,2024-09-03,Matched,None,0.0,0.0,0,2024-09-03 00:00:00
RECON006720,HDFC2026459270,2024-09-03,Matched,None,0.0,0.0,0,2024-09-03 00:00:00
RECON006721,HDFC2026221297,2024-09-03,Matched,None,0.0,0.0,0,2024-09-03 00:00:00
RECON006722,HDFC2026330105,2024-09-03,Matched,None,0.0,0.0,0,2024-09-03 00:00:00
RECON006723,HDFC2026481870,2024-09-03,Matched,None,0.0,0.0,0,2024-09-03 00:00:00
RECON006724,HDFC2026941022,2024-09-03,Matched,None,0.0,0.0,0,2024-09-03 00:00:00
RECON006725,HDFC2026989203,2024-09-03,Matched,None,0.0,0.0,0,2024-09-03 00:00:00
RECON006726,HDFC2026593003,2024-09-03,Matched,None,0.0,0.0,0,2024-09-03 00:00:00
RECON006727,HDFC2026365617,2024-09-03,Matched,None,0.0,0.0,0,2024-09-03 00:00:00
RECON006728,HDFC2026506352,2024-09-03,Matched,None,0.0,0.0,0,2024-09-03 00:00:00
RECON006729,HDFC2026753374,2024-09-04,Matched,None,0.0,0.0,0,2024-09-04 00:00:00
RECON006730,HDFC2026104129,2024-09-04,Matched,None,0.0,0.0,0,2024-09-04 00:00:00
RECON006731,HDFC2026739711,2024-09-04,Matched,None,0.0,0.0,0,2024-09-04 00:00:00
RECON006732,HDFC2026180533,2024-09-04,Matched,None,0.0,0.0,0,2024-09-04 00:00:00
RECON006733,HDFC2026859976,2024-09-04,Matched,None,0.0,0.0,0,2024-09-04 00:00:00
RECON006734,HDFC2026835748,2024-09-04,Matched,None,0.0,0.0,0,2024-09-04 00:00:00
RECON006735,HDFC2026198005,2024-09-04,Matched,None,0.0,0.0,0,2024-09-04 00:00:00
RECON006736,HDFC2026283906,2024-09-04,Matched,None,0.0,0.0,0,2024-09-04 00:00:00
RECON006737,HDFC2026445904,2024-09-04,Matched,None,0.0,0.0,0,2024-09-04 00:00:00
RECON006738,HDFC2026510077,2024-09-04,Unmatched,Missing Settlement,245548.0,100.0,11,2024-09-15
RECON006739,HDFC2026104827,2024-09-04,Matched,None,0.0,0.0,0,2024-09-04 00:00:00
RECON006740,HDFC2026799216,2024-09-04,Matched,None,0.0,0.0,0,2024-09-04 00:00:00
RECON006741,HDFC2026538535,2024-09-04,Unmatched,Amount Mismatch,2227.0,0.7418412453072795,7,2024-09-11
RECON006742,HDFC2026878341,2024-09-04,Matched,None,0.0,0.0,0,2024-09-04 00:00:00
RECON006743,HDFC2026630389,2024-09-04,Matched,None,0.0,0.0,0,2024-09-04 00:00:00
RECON006744,HDFC2026590793,2024-09-04,Matched,None,0.0,0.0,0,2024-09-04 00:00:00
RECON006745,HDFC2026151523,2024-09-04,Matched,None,0.0,0.0,0,2024-09-04 00:00:00
RECON006746,HDFC2026871667,2024-09-04,Matched,None,0.0,0.0,0,2024-09-04 00:00:00
RECON006747,HDFC2026524209,2024-09-04,Matched,None,0.0,0.0,0,2024-09-04 00:00:00
RECON006748,HDFC2026811231,2024-09-04,Duplicate,Duplicate Transaction,0.0,0.0,9,2024-09-13
RECON006749,HDFC2026984330,2024-09-04,Matched,None,0.0,0.0,0,2024-09-04 00:00:00
RECON006750,HDFC2026751568,2024-09-04,Matched,None,0.0,0.0,0,2024-09-04 00:00:00
RECON006751,HDFC2026776562,2024-09-05,Matched,None,0.0,0.0,0,2024-09-05 00:00:00
RECON006752,HDFC2026445850,2024-09-05,Duplicate,Duplicate Transaction,0.0,0.0,9,2024-09-14
RECON006753,HDFC2026491133,2024-09-05,Matched,None,0.0,0.0,0,2024-09-05 00:00:00
RECON006754,HDFC2026500441,2024-09-05,Duplicate,Duplicate Transaction,0.0,0.0,1,2024-09-06
RECON006755,HDFC2026329194,2024-09-05,Matched,None,0.0,0.0,0,2024-09-05 00:00:00
RECON006756,HDFC2026476941,2024-09-05,Duplicate,Duplicate Transaction,0.0,0.0,12,2024-09-17
RECON006757,HDFC2026797448,2024-09-05,Matched,None,0.0,0.0,0,2024-09-05 00:00:00
RECON006758,HDFC2026554055,2024-09-05,Matched,None,0.0,0.0,0,2024-09-05 00:00:00
RECON006759,HDFC2026601111,2024-09-05,Unmatched,FX Rate Discrepancy,0.0,-1.15,4,2024-09-09
RECON006760,HDFC2026518314,2024-09-05,Matched,None,0.0,0.0,0,2024-09-05 00:00:00
RECON006761,HDFC2026212255,2024-09-05,Unmatched,Missing Settlement,471159.0,100.0,14,2024-09-19
RECON006762,HDFC2026418529,2024-09-05,Matched,None,0.0,0.0,0,2024-09-05 00:00:00
RECON006763,HDFC2026477094,2024-09-05,Matched,None,0.0,0.0,0,2024-09-05 00:00:00
RECON006764,HDFC2026414909,2024-09-05,Matched,None,0.0,0.0,0,2024-09-05 00:00:00
RECON006765,HDFC2026435581,2024-09-05,Matched,None,0.0,0.0,0,2024-09-05 00:00:00
RECON006766,HDFC2026110048,2024-09-05,Matched,None,0.0,0.0,0,2024-09-05 00:00:00
RECON006767,HDFC2026944750,2024-09-05,Matched,None,0.0,0.0,0,2024-09-05 00:00:00
RECON006768,HDFC2026574386,2024-09-05,Matched,None,0.0,0.0,0,2024-09-05 00:00:00
RECON006769,HDFC2026583816,2024-09-05,Matched,None,0.0,0.0,0,2024-09-05 00:00:00
RECON006770,HDFC2026341017,2024-09-05,Matched,None,0.0,0.0,0,2024-09-05 00:00:00
RECON006771,HDFC2026271814,2024-09-05,Matched,None,0.0,0.0,0,2024-09-05 00:00:00
RECON006772,HDFC2026224527,2024-09-05,Matched,None,0.0,0.0,0,2024-09-05 00:00:00
RECON006773,HDFC2026876936,2024-09-05,Matched,None,0.0,0.0,0,2024-09-05 00:00:00
RECON006774,HDFC2026423304,2024-09-05,Matched,None,0.0,0.0,0,2024-09-05 00:00:00
RECON006775,HDFC2026364171,2024-09-05,Matched,None,0.0,0.0,0,2024-09-05 00:00:00
RECON006776,HDFC2026640483,2024-09-05,Matched,None,0.0,0.0,0,2024-09-05 00:00:00
RECON006777,HDFC2026267383,2024-09-06,Unmatched,Amount Mismatch,2135.0,2.2718324696468284,9,2024-09-15
RECON006778,HDFC2026638372,2024-09-06,Matched,None,0.0,0.0,0,2024-09-06 00:00:00
RECON006779,HDFC2026575301,2024-09-06,Matched,None,0.0,0.0,0,2024-09-06 00:00:00
RECON006780,HDFC2026919239,2024-09-06,Matched,None,0.0,0.0,0,2024-09-06 00:00:00
RECON006781,HDFC2026398188,2024-09-06,Matched,None,0.0,0.0,0,2024-09-06 00:00:00
RECON006782,HDFC2026290672,2024-09-06,Unmatched,FX Rate Discrepancy,0.0,-0.65,9,2024-09-15
RECON006783,HDFC2026762054,2024-09-06,Matched,None,0.0,0.0,0,2024-09-06 00:00:00
RECON006784,HDFC2026418395,2024-09-06,Matched,None,0.0,0.0,0,2024-09-06 00:00:00
RECON006785,HDFC2026138815,2024-09-06,Matched,None,0.0,0.0,0,2024-09-06 00:00:00
RECON006786,HDFC2026340982,2024-09-06,Matched,None,0.0,0.0,0,2024-09-06 00:00:00
RECON006787,HDFC2026124236,2024-09-06,Matched,None,0.0,0.0,0,2024-09-06 00:00:00
RECON006788,HDFC2026424606,2024-09-06,Matched,None,0.0,0.0,0,2024-09-06 00:00:00
RECON006789,HDFC2026527712,2024-09-06,Unmatched,Amount Mismatch,-1383.0,-0.5778390574078717,14,2024-09-20
RECON006790,HDFC2026606545,2024-09-06,Matched,None,0.0,0.0,0,2024-09-06 00:00:00
RECON006791,HDFC2026875776,2024-09-06,Duplicate,Duplicate Transaction,0.0,0.0,12,2024-09-18
RECON006792,HDFC2026541425,2024-09-06,Matched,None,0.0,0.0,0,2024-09-06 00:00:00
RECON006793,HDFC2026977983,2024-09-06,Matched,None,0.0,0.0,0,2024-09-06 00:00:00
RECON006794,HDFC2026923481,2024-09-06,Matched,None,0.0,0.0,0,2024-09-06 00:00:00
RECON006795,HDFC2026118663,2024-09-06,Unmatched,Missing Settlement,104203.0,100.0,3,2024-09-09
RECON006796,HDFC2026215968,2024-09-06,Unmatched,Amount Mismatch,-1861.0,-1.1163030633851396,6,2024-09-12
RECON006797,HDFC2026899665,2024-09-06,Matched,None,0.0,0.0,0,2024-09-06 00:00:00
RECON006798,HDFC2026515559,2024-09-06,Matched,None,0.0,0.0,0,2024-09-06 00:00:00
RECON006799,HDFC2026871867,2024-09-06,Matched,None,0.0,0.0,0,2024-09-06 00:00:00
RECON006800,HDFC2026337588,2024-09-06,Matched,None,0.0,0.0,0,2024-09-06 00:00:00
RECON006801,HDFC2026886397,2024-09-06,Matched,None,0.0,0.0,0,2024-09-06 00:00:00
RECON006802,HDFC2026684686,2024-09-06,Matched,None,0.0,0.0,0,2024-09-06 00:00:00
RECON006803,HDFC2026955705,2024-09-06,Matched,None,0.0,0.0,0,2024-09-06 00:00:00
RECON006804,HDFC2026676569,2024-09-06,Matched,None,0.0,0.0,0,2024-09-06 00:00:00
RECON006805,HDFC2026548653,2024-09-06,Matched,None,0.0,0.0,0,2024-09-06 00:00:00
RECON006806,HDFC2026281301,2024-09-06,Unmatched,Amount Mismatch,-1903.0,-0.5211514077660597,13,2024-09-19
RECON006807,HDFC2026286124,2024-09-06,Matched,None,0.0,0.0,0,2024-09-06 00:00:00
RECON006808,HDFC2026833518,2024-09-07,Matched,None,0.0,0.0,0,2024-09-07 00:00:00
RECON006809,HDFC2026974190,2024-09-07,Matched,None,0.0,0.0,0,2024-09-07 00:00:00
RECON006810,HDFC2026777593,2024-09-07,Matched,None,0.0,0.0,0,2024-09-07 00:00:00
RECON006811,HDFC2026798202,2024-09-07,Matched,None,0.0,0.0,0,2024-09-07 00:00:00
RECON006812,HDFC2026867934,2024-09-07,Matched,None,0.0,0.0,0,2024-09-07 00:00:00
RECON006813,HDFC2026412545,2024-09-07,Matched,None,0.0,0.0,0,2024-09-07 00:00:00
RECON006814,HDFC2026471322,2024-09-07,Matched,None,0.0,0.0,0,2024-09-07 00:00:00
RECON006815,HDFC2026251573,2024-09-07,Matched,None,0.0,0.0,0,2024-09-07 00:00:00
RECON006816,HDFC2026155777,2024-09-07,Matched,None,0.0,0.0,0,2024-09-07 00:00:00
RECON006817,HDFC2026263628,2024-09-07,Matched,None,0.0,0.0,0,2024-09-07 00:00:00
RECON006818,HDFC2026687349,2024-09-07,Matched,None,0.0,0.0,0,2024-09-07 00:00:00
RECON006819,HDFC2026369826,2024-09-07,Matched,None,0.0,0.0,0,2024-09-07 00:00:00
RECON006820,HDFC2026812587,2024-09-07,Matched,None,0.0,0.0,0,2024-09-07 00:00:00
RECON006821,HDFC2026770634,2024-09-07,Matched,None,0.0,0.0,0,2024-09-07 00:00:00
RECON006822,HDFC2026674900,2024-09-07,Unmatched,Missing Settlement,256327.0,100.0,5,2024-09-12
RECON006823,HDFC2026905528,2024-09-07,Matched,None,0.0,0.0,0,2024-09-07 00:00:00
RECON006824,HDFC2026520494,2024-09-07,Matched,None,0.0,0.0,0,2024-09-07 00:00:00
RECON006825,HDFC2026611173,2024-09-07,Unmatched,FX Rate Discrepancy,0.0,-0.41,8,2024-09-15
RECON006826,HDFC2026106403,2024-09-07,Matched,None,0.0,0.0,0,2024-09-07 00:00:00
RECON006827,HDFC2026933396,2024-09-07,Matched,None,0.0,0.0,0,2024-09-07 00:00:00
RECON006828,HDFC2026112142,2024-09-07,Matched,None,0.0,0.0,0,2024-09-07 00:00:00
RECON006829,HDFC2026166239,2024-09-07,Matched,None,0.0,0.0,0,2024-09-07 00:00:00
RECON006830,HDFC2026304877,2024-09-07,Matched,None,0.0,0.0,0,2024-09-07 00:00:00
RECON006831,HDFC2026985625,2024-09-07,Matched,None,0.0,0.0,0,2024-09-07 00:00:00
RECON006832,HDFC2026550280,2024-09-07,Matched,None,0.0,0.0,0,2024-09-07 00:00:00
RECON006833,HDFC2026227980,2024-09-07,Matched,None,0.0,0.0,0,2024-09-07 00:00:00
RECON006834,HDFC2026938255,2024-09-07,Matched,None,0.0,0.0,0,2024-09-07 00:00:00
RECON006835,HDFC2026147684,2024-09-07,Unmatched,FX Rate Discrepancy,0.0,0.39,1,2024-09-08
RECON006836,HDFC2026893238,2024-09-07,Matched,None,0.0,0.0,0,2024-09-07 00:00:00
RECON006837,HDFC2026629959,2024-09-07,Matched,None,0.0,0.0,0,2024-09-07 00:00:00
RECON006838,HDFC2026627100,2024-09-07,Matched,None,0.0,0.0,0,2024-09-07 00:00:00
RECON006839,HDFC2026611352,2024-09-08,Matched,None,0.0,0.0,0,2024-09-08 00:00:00
RECON006840,HDFC2026879595,2024-09-08,Matched,None,0.0,0.0,0,2024-09-08 00:00:00
RECON006841,HDFC2026809285,2024-09-08,Matched,None,0.0,0.0,0,2024-09-08 00:00:00
RECON006842,HDFC2026303895,2024-09-08,Matched,None,0.0,0.0,0,2024-09-08 00:00:00
RECON006843,HDFC2026638493,2024-09-08,Duplicate,Duplicate Transaction,0.0,0.0,12,2024-09-20
RECON006844,HDFC2026531103,2024-09-08,Matched,None,0.0,0.0,0,2024-09-08 00:00:00
RECON006845,HDFC2026949444,2024-09-08,Matched,None,0.0,0.0,0,2024-09-08 00:00:00
RECON006846,HDFC2026310523,2024-09-08,Matched,None,0.0,0.0,0,2024-09-08 00:00:00
RECON006847,HDFC2026520172,2024-09-08,Matched,None,0.0,0.0,0,2024-09-08 00:00:00
RECON006848,HDFC2026827691,2024-09-08,Unmatched,FX Rate Discrepancy,0.0,1.97,2,2024-09-10
RECON006849,HDFC2026733050,2024-09-08,Matched,None,0.0,0.0,0,2024-09-08 00:00:00
RECON006850,HDFC2026900743,2024-09-08,Matched,None,0.0,0.0,0,2024-09-08 00:00:00
RECON006851,HDFC2026587524,2024-09-08,Matched,None,0.0,0.0,0,2024-09-08 00:00:00
RECON006852,HDFC2026990761,2024-09-08,Matched,None,0.0,0.0,0,2024-09-08 00:00:00
RECON006853,HDFC2026242380,2024-09-08,Matched,None,0.0,0.0,0,2024-09-08 00:00:00
RECON006854,HDFC2026810753,2024-09-08,Matched,None,0.0,0.0,0,2024-09-08 00:00:00
RECON006855,HDFC2026374350,2024-09-08,Unmatched,Amount Mismatch,341.0,0.14228549731076237,8,2024-09-16
RECON006856,HDFC2026806906,2024-09-08,Matched,None,0.0,0.0,0,2024-09-08 00:00:00
RECON006857,HDFC2026296716,2024-09-08,Matched,None,0.0,0.0,0,2024-09-08 00:00:00
RECON006858,HDFC2026118622,2024-09-08,Matched,None,0.0,0.0,0,2024-09-08 00:00:00
RECON006859,HDFC2026665244,2024-09-08,Matched,None,0.0,0.0,0,2024-09-08 00:00:00
RECON006860,HDFC2026936993,2024-09-08,Matched,None,0.0,0.0,0,2024-09-08 00:00:00
RECON006861,HDFC2026588710,2024-09-08,Matched,None,0.0,0.0,0,2024-09-08 00:00:00
RECON006862,HDFC2026874594,2024-09-08,Matched,None,0.0,0.0,0,2024-09-08 00:00:00
RECON006863,HDFC2026475554,2024-09-08,Matched,None,0.0,0.0,0,2024-09-08 00:00:00
RECON006864,HDFC2026324643,2024-09-08,Matched,None,0.0,0.0,0,2024-09-08 00:00:00
RECON006865,HDFC2026327552,2024-09-08,Matched,None,0.0,0.0,0,2024-09-08 00:00:00
RECON006866,HDFC2026167755,2024-09-08,Matched,None,0.0,0.0,0,2024-09-08 00:00:00
RECON006867,HDFC2026759248,2024-09-08,Matched,None,0.0,0.0,0,2024-09-08 00:00:00
RECON006868,HDFC2026772954,2024-09-08,Matched,None,0.0,0.0,0,2024-09-08 00:00:00
RECON006869,HDFC2026723421,2024-09-08,Matched,None,0.0,0.0,0,2024-09-08 00:00:00
RECON006870,HDFC2026394394,2024-09-09,Matched,None,0.0,0.0,0,2024-09-09 00:00:00
RECON006871,HDFC2026556997,2024-09-09,Unmatched,FX Rate Discrepancy,0.0,-1.17,4,2024-09-13
RECON006872,HDFC2026617954,2024-09-09,Matched,None,0.0,0.0,0,2024-09-09 00:00:00
RECON006873,HDFC2026898936,2024-09-09,Matched,None,0.0,0.0,0,2024-09-09 00:00:00
RECON006874,HDFC2026764856,2024-09-09,Matched,None,0.0,0.0,0,2024-09-09 00:00:00
RECON006875,HDFC2026873182,2024-09-09,Matched,None,0.0,0.0,0,2024-09-09 00:00:00
RECON006876,HDFC2026659730,2024-09-09,Matched,None,0.0,0.0,0,2024-09-09 00:00:00
RECON006877,HDFC2026304914,2024-09-09,Matched,None,0.0,0.0,0,2024-09-09 00:00:00
RECON006878,HDFC2026696752,2024-09-09,Matched,None,0.0,0.0,0,2024-09-09 00:00:00
RECON006879,HDFC2026737517,2024-09-09,Matched,None,0.0,0.0,0,2024-09-09 00:00:00
RECON006880,HDFC2026404461,2024-09-09,Matched,None,0.0,0.0,0,2024-09-09 00:00:00
RECON006881,HDFC2026348235,2024-09-09,Matched,None,0.0,0.0,0,2024-09-09 00:00:00
RECON006882,HDFC2026600998,2024-09-09,Matched,None,0.0,0.0,0,2024-09-09 00:00:00
RECON006883,HDFC2026834017,2024-09-09,Matched,None,0.0,0.0,0,2024-09-09 00:00:00
RECON006884,HDFC2026896243,2024-09-09,Matched,None,0.0,0.0,0,2024-09-09 00:00:00
RECON006885,HDFC2026430113,2024-09-09,Unmatched,FX Rate Discrepancy,0.0,-0.93,4,2024-09-13
RECON006886,HDFC2026708782,2024-09-09,Matched,None,0.0,0.0,0,2024-09-09 00:00:00
RECON006887,HDFC2026244933,2024-09-09,Matched,None,0.0,0.0,0,2024-09-09 00:00:00
RECON006888,HDFC2026805284,2024-09-09,Matched,None,0.0,0.0,0,2024-09-09 00:00:00
RECON006889,HDFC2026234512,2024-09-09,Unmatched,FX Rate Discrepancy,0.0,0.9,10,2024-09-19
RECON006890,HDFC2026815914,2024-09-09,Matched,None,0.0,0.0,0,2024-09-09 00:00:00
RECON006891,HDFC2026713585,2024-09-09,Matched,None,0.0,0.0,0,2024-09-09 00:00:00
RECON006892,HDFC2026294657,2024-09-09,Unmatched,Missing Settlement,224440.0,100.0,10,2024-09-19
RECON006893,HDFC2026892774,2024-09-09,Matched,None,0.0,0.0,0,2024-09-09 00:00:00
RECON006894,HDFC2026669114,2024-09-09,Matched,None,0.0,0.0,0,2024-09-09 00:00:00
RECON006895,HDFC2026885187,2024-09-09,Matched,None,0.0,0.0,0,2024-09-09 00:00:00
RECON006896,HDFC2026349192,2024-09-09,Duplicate,Duplicate Transaction,0.0,0.0,7,2024-09-16
RECON006897,HDFC2026238701,2024-09-10,Matched,None,0.0,0.0,0,2024-09-10 00:00:00
RECON006898,HDFC2026221660,2024-09-10,Matched,None,0.0,0.0,0,2024-09-10 00:00:00
RECON006899,HDFC2026771394,2024-09-10,Duplicate,Duplicate Transaction,0.0,0.0,15,2024-09-25
RECON006900,HDFC2026127639,2024-09-10,Matched,None,0.0,0.0,0,2024-09-10 00:00:00
RECON006901,HDFC2026707257,2024-09-10,Matched,None,0.0,0.0,0,2024-09-10 00:00:00
RECON006902,HDFC2026574419,2024-09-10,Matched,None,0.0,0.0,0,2024-09-10 00:00:00
RECON006903,HDFC2026376185,2024-09-10,Matched,None,0.0,0.0,0,2024-09-10 00:00:00
RECON006904,HDFC2026876111,2024-09-10,Matched,None,0.0,0.0,0,2024-09-10 00:00:00
RECON006905,HDFC2026103230,2024-09-10,Matched,None,0.0,0.0,0,2024-09-10 00:00:00
RECON006906,HDFC2026685975,2024-09-10,Matched,None,0.0,0.0,0,2024-09-10 00:00:00
RECON006907,HDFC2026689351,2024-09-10,Matched,None,0.0,0.0,0,2024-09-10 00:00:00
RECON006908,HDFC2026695621,2024-09-10,Matched,None,0.0,0.0,0,2024-09-10 00:00:00
RECON006909,HDFC2026660925,2024-09-10,Matched,None,0.0,0.0,0,2024-09-10 00:00:00
RECON006910,HDFC2026724887,2024-09-10,Matched,None,0.0,0.0,0,2024-09-10 00:00:00
RECON006911,HDFC2026470622,2024-09-10,Matched,None,0.0,0.0,0,2024-09-10 00:00:00
RECON006912,HDFC2026742983,2024-09-10,Matched,None,0.0,0.0,0,2024-09-10 00:00:00
RECON006913,HDFC2026411345,2024-09-10,Matched,None,0.0,0.0,0,2024-09-10 00:00:00
RECON006914,HDFC2026644097,2024-09-10,Matched,None,0.0,0.0,0,2024-09-10 00:00:00
RECON006915,HDFC2026434826,2024-09-10,Unmatched,Amount Mismatch,3255.0,0.8861893314239198,15,2024-09-25
RECON006916,HDFC2026535169,2024-09-10,Matched,None,0.0,0.0,0,2024-09-10 00:00:00
RECON006917,HDFC2026103703,2024-09-10,Matched,None,0.0,0.0,0,2024-09-10 00:00:00
RECON006918,HDFC2026905481,2024-09-10,Matched,None,0.0,0.0,0,2024-09-10 00:00:00
RECON006919,HDFC2026953244,2024-09-10,Matched,None,0.0,0.0,0,2024-09-10 00:00:00
RECON006920,HDFC2026539034,2024-09-10,Matched,None,0.0,0.0,0,2024-09-10 00:00:00
RECON006921,HDFC2026631173,2024-09-10,Matched,None,0.0,0.0,0,2024-09-10 00:00:00
RECON006922,HDFC2026643890,2024-09-10,Matched,None,0.0,0.0,0,2024-09-10 00:00:00
RECON006923,HDFC2026324147,2024-09-10,Matched,None,0.0,0.0,0,2024-09-10 00:00:00
RECON006924,HDFC2026588032,2024-09-10,Matched,None,0.0,0.0,0,2024-09-10 00:00:00
RECON006925,HDFC2026880748,2024-09-10,Matched,None,0.0,0.0,0,2024-09-10 00:00:00
RECON006926,HDFC2026935391,2024-09-10,Matched,None,0.0,0.0,0,2024-09-10 00:00:00
RECON006927,HDFC2026813664,2024-09-10,Matched,None,0.0,0.0,0,2024-09-10 00:00:00
RECON006928,HDFC2026548820,2024-09-11,Matched,None,0.0,0.0,0,2024-09-11 00:00:00
RECON006929,HDFC2026352890,2024-09-11,Matched,None,0.0,0.0,0,2024-09-11 00:00:00
RECON006930,HDFC2026758071,2024-09-11,Unmatched,Missing Settlement,125594.0,100.0,15,2024-09-26
RECON006931,HDFC2026843353,2024-09-11,Unmatched,Missing Settlement,142099.0,100.0,4,2024-09-15
RECON006932,HDFC2026116855,2024-09-11,Matched,None,0.0,0.0,0,2024-09-11 00:00:00
RECON006933,HDFC2026474545,2024-09-11,Matched,None,0.0,0.0,0,2024-09-11 00:00:00
RECON006934,HDFC2026622191,2024-09-11,Matched,None,0.0,0.0,0,2024-09-11 00:00:00
RECON006935,HDFC2026804570,2024-09-11,Matched,None,0.0,0.0,0,2024-09-11 00:00:00
RECON006936,HDFC2026234072,2024-09-11,Matched,None,0.0,0.0,0,2024-09-11 00:00:00
RECON006937,HDFC2026758001,2024-09-11,Matched,None,0.0,0.0,0,2024-09-11 00:00:00
RECON006938,HDFC2026315104,2024-09-11,Matched,None,0.0,0.0,0,2024-09-11 00:00:00
RECON006939,HDFC2026644624,2024-09-11,Duplicate,Duplicate Transaction,0.0,0.0,10,2024-09-21
RECON006940,HDFC2026733599,2024-09-11,Matched,None,0.0,0.0,0,2024-09-11 00:00:00
RECON006941,HDFC2026546120,2024-09-11,Matched,None,0.0,0.0,0,2024-09-11 00:00:00
RECON006942,HDFC2026797114,2024-09-11,Matched,None,0.0,0.0,0,2024-09-11 00:00:00
RECON006943,HDFC2026412583,2024-09-11,Matched,None,0.0,0.0,0,2024-09-11 00:00:00
RECON006944,HDFC2026124199,2024-09-11,Unmatched,FX Rate Discrepancy,0.0,-1.16,2,2024-09-13
RECON006945,HDFC2026330510,2024-09-11,Matched,None,0.0,0.0,0,2024-09-11 00:00:00
RECON006946,HDFC2026543715,2024-09-11,Matched,None,0.0,0.0,0,2024-09-11 00:00:00
RECON006947,HDFC2026475329,2024-09-11,Matched,None,0.0,0.0,0,2024-09-11 00:00:00
RECON006948,HDFC2026177087,2024-09-11,Matched,None,0.0,0.0,0,2024-09-11 00:00:00
RECON006949,HDFC2026567811,2024-09-12,Unmatched,Amount Mismatch,826.0,0.07618035745742062,3,2024-09-15
RECON006950,HDFC2026855642,2024-09-12,Matched,None,0.0,0.0,0,2024-09-12 00:00:00
RECON006951,HDFC2026172567,2024-09-12,Matched,None,0.0,0.0,0,2024-09-12 00:00:00
RECON006952,HDFC2026704864,2024-09-12,Matched,None,0.0,0.0,0,2024-09-12 00:00:00
RECON006953,HDFC2026329249,2024-09-12,Matched,None,0.0,0.0,0,2024-09-12 00:00:00
RECON006954,HDFC2026282575,2024-09-12,Unmatched,Missing Settlement,136541.0,100.0,7,2024-09-19
RECON006955,HDFC2026342218,2024-09-12,Matched,None,0.0,0.0,0,2024-09-12 00:00:00
RECON006956,HDFC2026192295,2024-09-12,Matched,None,0.0,0.0,0,2024-09-12 00:00:00
RECON006957,HDFC2026106787,2024-09-12,Matched,None,0.0,0.0,0,2024-09-12 00:00:00
RECON006958,HDFC2026316130,2024-09-12,Matched,None,0.0,0.0,0,2024-09-12 00:00:00
RECON006959,HDFC2026689224,2024-09-12,Matched,None,0.0,0.0,0,2024-09-12 00:00:00
RECON006960,HDFC2026133049,2024-09-12,Matched,None,0.0,0.0,0,2024-09-12 00:00:00
RECON006961,HDFC2026717827,2024-09-12,Matched,None,0.0,0.0,0,2024-09-12 00:00:00
RECON006962,HDFC2026251070,2024-09-12,Matched,None,0.0,0.0,0,2024-09-12 00:00:00
RECON006963,HDFC2026630424,2024-09-12,Matched,None,0.0,0.0,0,2024-09-12 00:00:00
RECON006964,HDFC2026805668,2024-09-12,Matched,None,0.0,0.0,0,2024-09-12 00:00:00
RECON006965,HDFC2026450330,2024-09-12,Unmatched,Missing Settlement,136298.0,100.0,10,2024-09-22
RECON006966,HDFC2026265358,2024-09-12,Matched,None,0.0,0.0,0,2024-09-12 00:00:00
RECON006967,HDFC2026584387,2024-09-12,Matched,None,0.0,0.0,0,2024-09-12 00:00:00
RECON006968,HDFC2026888030,2024-09-12,Matched,None,0.0,0.0,0,2024-09-12 00:00:00
RECON006969,HDFC2026172447,2024-09-12,Matched,None,0.0,0.0,0,2024-09-12 00:00:00
RECON006970,HDFC2026555085,2024-09-12,Matched,None,0.0,0.0,0,2024-09-12 00:00:00
RECON006971,HDFC2026671261,2024-09-12,Matched,None,0.0,0.0,0,2024-09-12 00:00:00
RECON006972,HDFC2026885119,2024-09-12,Matched,None,0.0,0.0,0,2024-09-12 00:00:00
RECON006973,HDFC2026243052,2024-09-12,Unmatched,Missing Settlement,74209.0,100.0,5,2024-09-17
RECON006974,HDFC2026585705,2024-09-12,Matched,None,0.0,0.0,0,2024-09-12 00:00:00
RECON006975,HDFC2026483727,2024-09-12,Matched,None,0.0,0.0,0,2024-09-12 00:00:00
RECON006976,HDFC2026352792,2024-09-12,Matched,None,0.0,0.0,0,2024-09-12 00:00:00
RECON006977,HDFC2026189600,2024-09-12,Matched,None,0.0,0.0,0,2024-09-12 00:00:00
RECON006978,HDFC2026371255,2024-09-12,Matched,None,0.0,0.0,0,2024-09-12 00:00:00
RECON006979,HDFC2026973787,2024-09-12,Matched,None,0.0,0.0,0,2024-09-12 00:00:00
RECON006980,HDFC2026891601,2024-09-12,Matched,None,0.0,0.0,0,2024-09-12 00:00:00
RECON006981,HDFC2026488438,2024-09-12,Matched,None,0.0,0.0,0,2024-09-12 00:00:00
RECON006982,HDFC2026325590,2024-09-12,Unmatched,Missing Settlement,441850.0,100.0,7,2024-09-19
RECON006983,HDFC2026855608,2024-09-12,Matched,None,0.0,0.0,0,2024-09-12 00:00:00
RECON006984,HDFC2026384261,2024-09-12,Unmatched,Amount Mismatch,4392.0,4.170742130003323,13,2024-09-25
RECON006985,HDFC2026186702,2024-09-12,Unmatched,Amount Mismatch,446.0,0.1866147827360405,13,2024-09-25
RECON006986,HDFC2026449876,2024-09-12,Matched,None,0.0,0.0,0,2024-09-12 00:00:00
RECON006987,HDFC2026422092,2024-09-12,Matched,None,0.0,0.0,0,2024-09-12 00:00:00
RECON006988,HDFC2026909907,2024-09-12,Matched,None,0.0,0.0,0,2024-09-12 00:00:00
RECON006989,HDFC2026879601,2024-09-12,Matched,None,0.0,0.0,0,2024-09-12 00:00:00
RECON006990,HDFC2026940863,2024-09-12,Matched,None,0.0,0.0,0,2024-09-12 00:00:00
RECON006991,HDFC2026679901,2024-09-12,Matched,None,0.0,0.0,0,2024-09-12 00:00:00
RECON006992,HDFC2026258008,2024-09-13,Matched,None,0.0,0.0,0,2024-09-13 00:00:00
RECON006993,HDFC2026370340,2024-09-13,Matched,None,0.0,0.0,0,2024-09-13 00:00:00
RECON006994,HDFC2026415055,2024-09-13,Matched,None,0.0,0.0,0,2024-09-13 00:00:00
RECON006995,HDFC2026417255,2024-09-13,Matched,None,0.0,0.0,0,2024-09-13 00:00:00
RECON006996,HDFC2026374519,2024-09-13,Unmatched,FX Rate Discrepancy,0.0,0.6,10,2024-09-23
RECON006997,HDFC2026656639,2024-09-13,Matched,None,0.0,0.0,0,2024-09-13 00:00:00
RECON006998,HDFC2026992240,2024-09-13,Matched,None,0.0,0.0,0,2024-09-13 00:00:00
RECON006999,HDFC2026942027,2024-09-13,Matched,None,0.0,0.0,0,2024-09-13 00:00:00
RECON007000,HDFC2026402961,2024-09-13,Unmatched,Missing Settlement,241740.0,100.0,2,2024-09-15
RECON007001,HDFC2026916532,2024-09-13,Matched,None,0.0,0.0,0,2024-09-13 00:00:00
RECON007002,HDFC2026696746,2024-09-13,Matched,None,0.0,0.0,0,2024-09-13 00:00:00
RECON007003,HDFC2026715656,2024-09-13,Unmatched,FX Rate Discrepancy,0.0,1.25,4,2024-09-17
RECON007004,HDFC2026983533,2024-09-13,Matched,None,0.0,0.0,0,2024-09-13 00:00:00
RECON007005,HDFC2026522375,2024-09-13,Matched,None,0.0,0.0,0,2024-09-13 00:00:00
RECON007006,HDFC2026828846,2024-09-13,Matched,None,0.0,0.0,0,2024-09-13 00:00:00
RECON007007,HDFC2026962465,2024-09-13,Matched,None,0.0,0.0,0,2024-09-13 00:00:00
RECON007008,HDFC2026596908,2024-09-13,Matched,None,0.0,0.0,0,2024-09-13 00:00:00
RECON007009,HDFC2026371176,2024-09-13,Matched,None,0.0,0.0,0,2024-09-13 00:00:00
RECON007010,HDFC2026746020,2024-09-13,Matched,None,0.0,0.0,0,2024-09-13 00:00:00
RECON007011,HDFC2026591046,2024-09-13,Matched,None,0.0,0.0,0,2024-09-13 00:00:00
RECON007012,HDFC2026862620,2024-09-13,Matched,None,0.0,0.0,0,2024-09-13 00:00:00
RECON007013,HDFC2026466641,2024-09-13,Unmatched,Amount Mismatch,-1875.0,-1.3634380453752182,2,2024-09-15
RECON007014,HDFC2026938451,2024-09-13,Matched,None,0.0,0.0,0,2024-09-13 00:00:00
RECON007015,HDFC2026926129,2024-09-13,Matched,None,0.0,0.0,0,2024-09-13 00:00:00
RECON007016,HDFC2026983473,2024-09-13,Matched,None,0.0,0.0,0,2024-09-13 00:00:00
RECON007017,HDFC2026719338,2024-09-14,Matched,None,0.0,0.0,0,2024-09-14 00:00:00
RECON007018,HDFC2026912408,2024-09-14,Matched,None,0.0,0.0,0,2024-09-14 00:00:00
RECON007019,HDFC2026624752,2024-09-14,Matched,None,0.0,0.0,0,2024-09-14 00:00:00
RECON007020,HDFC2026523809,2024-09-14,Matched,None,0.0,0.0,0,2024-09-14 00:00:00
RECON007021,HDFC2026339894,2024-09-14,Matched,None,0.0,0.0,0,2024-09-14 00:00:00
RECON007022,HDFC2026167783,2024-09-14,Matched,None,0.0,0.0,0,2024-09-14 00:00:00
RECON007023,HDFC2026532883,2024-09-14,Matched,None,0.0,0.0,0,2024-09-14 00:00:00
RECON007024,HDFC2026696104,2024-09-14,Unmatched,Amount Mismatch,498.0,0.49657483023721916,3,2024-09-17
RECON007025,HDFC2026904752,2024-09-14,Matched,None,0.0,0.0,0,2024-09-14 00:00:00
RECON007026,HDFC2026619472,2024-09-14,Matched,None,0.0,0.0,0,2024-09-14 00:00:00
RECON007027,HDFC2026643816,2024-09-14,Matched,None,0.0,0.0,0,2024-09-14 00:00:00
RECON007028,HDFC2026177780,2024-09-14,Matched,None,0.0,0.0,0,2024-09-14 00:00:00
RECON007029,HDFC2026832228,2024-09-14,Matched,None,0.0,0.0,0,2024-09-14 00:00:00
RECON007030,HDFC2026767460,2024-09-14,Matched,None,0.0,0.0,0,2024-09-14 00:00:00
RECON007031,HDFC2026172456,2024-09-14,Matched,None,0.0,0.0,0,2024-09-14 00:00:00
RECON007032,HDFC2026647401,2024-09-14,Matched,None,0.0,0.0,0,2024-09-14 00:00:00
RECON007033,HDFC2026471800,2024-09-14,Matched,None,0.0,0.0,0,2024-09-14 00:00:00
RECON007034,HDFC2026240600,2024-09-14,Duplicate,Duplicate Transaction,0.0,0.0,6,2024-09-20
RECON007035,HDFC2026652317,2024-09-14,Matched,None,0.0,0.0,0,2024-09-14 00:00:00
RECON007036,HDFC2026100359,2024-09-14,Matched,None,0.0,0.0,0,2024-09-14 00:00:00
RECON007037,HDFC2026887057,2024-09-14,Duplicate,Duplicate Transaction,0.0,0.0,4,2024-09-18
RECON007038,HDFC2026178347,2024-09-14,Matched,None,0.0,0.0,0,2024-09-14 00:00:00
RECON007039,HDFC2026576652,2024-09-14,Matched,None,0.0,0.0,0,2024-09-14 00:00:00
RECON007040,HDFC2026175402,2024-09-14,Duplicate,Duplicate Transaction,0.0,0.0,9,2024-09-23
RECON007041,HDFC2026956893,2024-09-14,Matched,None,0.0,0.0,0,2024-09-14 00:00:00
RECON007042,HDFC2026620860,2024-09-14,Matched,None,0.0,0.0,0,2024-09-14 00:00:00
RECON007043,HDFC2026397025,2024-09-14,Matched,None,0.0,0.0,0,2024-09-14 00:00:00
RECON007044,HDFC2026449775,2024-09-14,Matched,None,0.0,0.0,0,2024-09-14 00:00:00
RECON007045,HDFC2026512879,2024-09-14,Matched,None,0.0,0.0,0,2024-09-14 00:00:00
RECON007046,HDFC2026440134,2024-09-14,Matched,None,0.0,0.0,0,2024-09-14 00:00:00
RECON007047,HDFC2026469405,2024-09-14,Matched,None,0.0,0.0,0,2024-09-14 00:00:00
RECON007048,HDFC2026573547,2024-09-14,Matched,None,0.0,0.0,0,2024-09-14 00:00:00
RECON007049,HDFC2026290390,2024-09-14,Matched,None,0.0,0.0,0,2024-09-14 00:00:00
RECON007050,HDFC2026790719,2024-09-15,Matched,None,0.0,0.0,0,2024-09-15 00:00:00
RECON007051,HDFC2026101524,2024-09-15,Matched,None,0.0,0.0,0,2024-09-15 00:00:00
RECON007052,HDFC2026996784,2024-09-15,Matched,None,0.0,0.0,0,2024-09-15 00:00:00
RECON007053,HDFC2026945326,2024-09-15,Unmatched,Amount Mismatch,-4171.0,-1.910034665457726,3,2024-09-18
RECON007054,HDFC2026133642,2024-09-15,Matched,None,0.0,0.0,0,2024-09-15 00:00:00
RECON007055,HDFC2026324411,2024-09-15,Matched,None,0.0,0.0,0,2024-09-15 00:00:00
RECON007056,HDFC2026241512,2024-09-15,Matched,None,0.0,0.0,0,2024-09-15 00:00:00
RECON007057,HDFC2026353046,2024-09-15,Matched,None,0.0,0.0,0,2024-09-15 00:00:00
RECON007058,HDFC2026240718,2024-09-15,Matched,None,0.0,0.0,0,2024-09-15 00:00:00
RECON007059,HDFC2026935520,2024-09-15,Matched,None,0.0,0.0,0,2024-09-15 00:00:00
RECON007060,HDFC2026597203,2024-09-15,Matched,None,0.0,0.0,0,2024-09-15 00:00:00
RECON007061,HDFC2026553976,2024-09-15,Matched,None,0.0,0.0,0,2024-09-15 00:00:00
RECON007062,HDFC2026496240,2024-09-15,Matched,None,0.0,0.0,0,2024-09-15 00:00:00
RECON007063,HDFC2026227629,2024-09-15,Matched,None,0.0,0.0,0,2024-09-15 00:00:00
RECON007064,HDFC2026809310,2024-09-15,Matched,None,0.0,0.0,0,2024-09-15 00:00:00
RECON007065,HDFC2026470225,2024-09-15,Matched,None,0.0,0.0,0,2024-09-15 00:00:00
RECON007066,HDFC2026541474,2024-09-15,Matched,None,0.0,0.0,0,2024-09-15 00:00:00
RECON007067,HDFC2026822171,2024-09-15,Matched,None,0.0,0.0,0,2024-09-15 00:00:00
RECON007068,HDFC2026342647,2024-09-15,Matched,None,0.0,0.0,0,2024-09-15 00:00:00
RECON007069,HDFC2026614414,2024-09-15,Matched,None,0.0,0.0,0,2024-09-15 00:00:00
RECON007070,HDFC2026956435,2024-09-15,Matched,None,0.0,0.0,0,2024-09-15 00:00:00
RECON007071,HDFC2026740098,2024-09-15,Matched,None,0.0,0.0,0,2024-09-15 00:00:00
RECON007072,HDFC2026507089,2024-09-15,Matched,None,0.0,0.0,0,2024-09-15 00:00:00
RECON007073,HDFC2026922312,2024-09-16,Matched,None,0.0,0.0,0,2024-09-16 00:00:00
RECON007074,HDFC2026898977,2024-09-16,Matched,None,0.0,0.0,0,2024-09-16 00:00:00
RECON007075,HDFC2026623273,2024-09-16,Matched,None,0.0,0.0,0,2024-09-16 00:00:00
RECON007076,HDFC2026820625,2024-09-16,Unmatched,Amount Mismatch,4762.0,6.346456273156169,1,2024-09-17
RECON007077,HDFC2026410423,2024-09-16,Matched,None,0.0,0.0,0,2024-09-16 00:00:00
RECON007078,HDFC2026718161,2024-09-16,Matched,None,0.0,0.0,0,2024-09-16 00:00:00
RECON007079,HDFC2026142344,2024-09-16,Matched,None,0.0,0.0,0,2024-09-16 00:00:00
RECON007080,HDFC2026702597,2024-09-16,Duplicate,Duplicate Transaction,0.0,0.0,3,2024-09-19
RECON007081,HDFC2026803763,2024-09-16,Matched,None,0.0,0.0,0,2024-09-16 00:00:00
RECON007082,HDFC2026152796,2024-09-16,Matched,None,0.0,0.0,0,2024-09-16 00:00:00
RECON007083,HDFC2026565330,2024-09-16,Matched,None,0.0,0.0,0,2024-09-16 00:00:00
RECON007084,HDFC2026195201,2024-09-16,Unmatched,FX Rate Discrepancy,0.0,-1.12,7,2024-09-23
RECON007085,HDFC2026698083,2024-09-16,Matched,None,0.0,0.0,0,2024-09-16 00:00:00
RECON007086,HDFC2026165014,2024-09-16,Matched,None,0.0,0.0,0,2024-09-16 00:00:00
RECON007087,HDFC2026268258,2024-09-16,Matched,None,0.0,0.0,0,2024-09-16 00:00:00
RECON007088,HDFC2026856818,2024-09-16,Unmatched,Amount Mismatch,-546.0,-0.18444699682453888,5,2024-09-21
RECON007089,HDFC2026535647,2024-09-16,Matched,None,0.0,0.0,0,2024-09-16 00:00:00
RECON007090,HDFC2026154005,2024-09-16,Matched,None,0.0,0.0,0,2024-09-16 00:00:00
RECON007091,HDFC2026766645,2024-09-16,Matched,None,0.0,0.0,0,2024-09-16 00:00:00
RECON007092,HDFC2026916702,2024-09-16,Matched,None,0.0,0.0,0,2024-09-16 00:00:00
RECON007093,HDFC2026133631,2024-09-17,Matched,None,0.0,0.0,0,2024-09-17 00:00:00
RECON007094,HDFC2026481851,2024-09-17,Unmatched,Amount Mismatch,3700.0,0.736271521017567,11,2024-09-28
RECON007095,HDFC2026217480,2024-09-17,Matched,None,0.0,0.0,0,2024-09-17 00:00:00
RECON007096,HDFC2026333615,2024-09-17,Matched,None,0.0,0.0,0,2024-09-17 00:00:00
RECON007097,HDFC2026178924,2024-09-17,Unmatched,Amount Mismatch,2917.0,0.16085743575490777,11,2024-09-28
RECON007098,HDFC2026229890,2024-09-17,Matched,None,0.0,0.0,0,2024-09-17 00:00:00
RECON007099,HDFC2026171858,2024-09-17,Matched,None,0.0,0.0,0,2024-09-17 00:00:00
RECON007100,HDFC2026793618,2024-09-17,Matched,None,0.0,0.0,0,2024-09-17 00:00:00
RECON007101,HDFC2026793036,2024-09-17,Matched,None,0.0,0.0,0,2024-09-17 00:00:00
RECON007102,HDFC2026159642,2024-09-17,Matched,None,0.0,0.0,0,2024-09-17 00:00:00
RECON007103,HDFC2026240071,2024-09-17,Matched,None,0.0,0.0,0,2024-09-17 00:00:00
RECON007104,HDFC2026435584,2024-09-17,Matched,None,0.0,0.0,0,2024-09-17 00:00:00
RECON007105,HDFC2026554712,2024-09-17,Duplicate,Duplicate Transaction,0.0,0.0,5,2024-09-22
RECON007106,HDFC2026306540,2024-09-17,Matched,None,0.0,0.0,0,2024-09-17 00:00:00
RECON007107,HDFC2026104797,2024-09-17,Matched,None,0.0,0.0,0,2024-09-17 00:00:00
RECON007108,HDFC2026720903,2024-09-17,Matched,None,0.0,0.0,0,2024-09-17 00:00:00
RECON007109,HDFC2026446380,2024-09-17,Matched,None,0.0,0.0,0,2024-09-17 00:00:00
RECON007110,HDFC2026126701,2024-09-17,Matched,None,0.0,0.0,0,2024-09-17 00:00:00
RECON007111,HDFC2026805927,2024-09-17,Matched,None,0.0,0.0,0,2024-09-17 00:00:00
RECON007112,HDFC2026841188,2024-09-17,Matched,None,0.0,0.0,0,2024-09-17 00:00:00
RECON007113,HDFC2026374873,2024-09-17,Unmatched,FX Rate Discrepancy,0.0,-1.58,6,2024-09-23
RECON007114,HDFC2026162071,2024-09-17,Matched,None,0.0,0.0,0,2024-09-17 00:00:00
RECON007115,HDFC2026132377,2024-09-17,Unmatched,Missing Settlement,386478.0,100.0,2,2024-09-19
RECON007116,HDFC2026125882,2024-09-17,Matched,None,0.0,0.0,0,2024-09-17 00:00:00
RECON007117,HDFC2026928357,2024-09-17,Matched,None,0.0,0.0,0,2024-09-17 00:00:00
RECON007118,HDFC2026751904,2024-09-17,Matched,None,0.0,0.0,0,2024-09-17 00:00:00
RECON007119,HDFC2026439739,2024-09-17,Matched,None,0.0,0.0,0,2024-09-17 00:00:00
RECON007120,HDFC2026204948,2024-09-18,Matched,None,0.0,0.0,0,2024-09-18 00:00:00
RECON007121,HDFC2026456256,2024-09-18,Matched,None,0.0,0.0,0,2024-09-18 00:00:00
RECON007122,HDFC2026209656,2024-09-18,Matched,None,0.0,0.0,0,2024-09-18 00:00:00
RECON007123,HDFC2026889789,2024-09-18,Unmatched,Amount Mismatch,-4708.0,-2.6327120624961555,7,2024-09-25
RECON007124,HDFC2026923877,2024-09-18,Unmatched,Missing Settlement,156653.0,100.0,15,2024-10-03
RECON007125,HDFC2026701845,2024-09-18,Matched,None,0.0,0.0,0,2024-09-18 00:00:00
RECON007126,HDFC2026330280,2024-09-18,Duplicate,Duplicate Transaction,0.0,0.0,3,2024-09-21
RECON007127,HDFC2026327727,2024-09-18,Matched,None,0.0,0.0,0,2024-09-18 00:00:00
RECON007128,HDFC2026120191,2024-09-18,Unmatched,Amount Mismatch,3393.0,0.7643992268145752,7,2024-09-25
RECON007129,HDFC2026632812,2024-09-18,Matched,None,0.0,0.0,0,2024-09-18 00:00:00
RECON007130,HDFC2026836749,2024-09-18,Unmatched,Missing Settlement,434328.0,100.0,6,2024-09-24
RECON007131,HDFC2026869446,2024-09-18,Matched,None,0.0,0.0,0,2024-09-18 00:00:00
RECON007132,HDFC2026187877,2024-09-18,Unmatched,Amount Mismatch,-3341.0,-0.7121040639593498,4,2024-09-22
RECON007133,HDFC2026862602,2024-09-18,Matched,None,0.0,0.0,0,2024-09-18 00:00:00
RECON007134,HDFC2026629615,2024-09-18,Matched,None,0.0,0.0,0,2024-09-18 00:00:00
RECON007135,HDFC2026881109,2024-09-18,Matched,None,0.0,0.0,0,2024-09-18 00:00:00
RECON007136,HDFC2026839624,2024-09-18,Matched,None,0.0,0.0,0,2024-09-18 00:00:00
RECON007137,HDFC2026665665,2024-09-18,Matched,None,0.0,0.0,0,2024-09-18 00:00:00
RECON007138,HDFC2026497538,2024-09-18,Matched,None,0.0,0.0,0,2024-09-18 00:00:00
RECON007139,HDFC2026721968,2024-09-18,Matched,None,0.0,0.0,0,2024-09-18 00:00:00
RECON007140,HDFC2026308930,2024-09-18,Matched,None,0.0,0.0,0,2024-09-18 00:00:00
RECON007141,HDFC2026291755,2024-09-18,Matched,None,0.0,0.0,0,2024-09-18 00:00:00
RECON007142,HDFC2026430972,2024-09-18,Matched,None,0.0,0.0,0,2024-09-18 00:00:00
RECON007143,HDFC2026530657,2024-09-18,Matched,None,0.0,0.0,0,2024-09-18 00:00:00
RECON007144,HDFC2026487547,2024-09-18,Unmatched,FX Rate Discrepancy,0.0,-1.0,13,2024-10-01
RECON007145,HDFC2026718274,2024-09-18,Matched,None,0.0,0.0,0,2024-09-18 00:00:00
RECON007146,HDFC2026967419,2024-09-18,Matched,None,0.0,0.0,0,2024-09-18 00:00:00
RECON007147,HDFC2026252376,2024-09-18,Matched,None,0.0,0.0,0,2024-09-18 00:00:00
RECON007148,HDFC2026276218,2024-09-18,Matched,None,0.0,0.0,0,2024-09-18 00:00:00
RECON007149,HDFC2026651365,2024-09-18,Matched,None,0.0,0.0,0,2024-09-18 00:00:00
RECON007150,HDFC2026301115,2024-09-19,Matched,None,0.0,0.0,0,2024-09-19 00:00:00
RECON007151,HDFC2026587853,2024-09-19,Matched,None,0.0,0.0,0,2024-09-19 00:00:00
RECON007152,HDFC2026708512,2024-09-19,Matched,None,0.0,0.0,0,2024-09-19 00:00:00
RECON007153,HDFC2026147285,2024-09-19,Matched,None,0.0,0.0,0,2024-09-19 00:00:00
RECON007154,HDFC2026624848,2024-09-19,Matched,None,0.0,0.0,0,2024-09-19 00:00:00
RECON007155,HDFC2026794830,2024-09-19,Matched,None,0.0,0.0,0,2024-09-19 00:00:00
RECON007156,HDFC2026259789,2024-09-19,Matched,None,0.0,0.0,0,2024-09-19 00:00:00
RECON007157,HDFC2026351682,2024-09-19,Unmatched,Amount Mismatch,-1435.0,-0.7488662634443674,12,2024-10-01
RECON007158,HDFC2026372477,2024-09-19,Matched,None,0.0,0.0,0,2024-09-19 00:00:00
RECON007159,HDFC2026413500,2024-09-19,Matched,None,0.0,0.0,0,2024-09-19 00:00:00
RECON007160,HDFC2026982564,2024-09-19,Matched,None,0.0,0.0,0,2024-09-19 00:00:00
RECON007161,HDFC2026870859,2024-09-19,Matched,None,0.0,0.0,0,2024-09-19 00:00:00
RECON007162,HDFC2026564752,2024-09-19,Matched,None,0.0,0.0,0,2024-09-19 00:00:00
RECON007163,HDFC2026609809,2024-09-19,Matched,None,0.0,0.0,0,2024-09-19 00:00:00
RECON007164,HDFC2026320892,2024-09-19,Matched,None,0.0,0.0,0,2024-09-19 00:00:00
RECON007165,HDFC2026166048,2024-09-19,Matched,None,0.0,0.0,0,2024-09-19 00:00:00
RECON007166,HDFC2026761257,2024-09-19,Matched,None,0.0,0.0,0,2024-09-19 00:00:00
RECON007167,HDFC2026500464,2024-09-19,Matched,None,0.0,0.0,0,2024-09-19 00:00:00
RECON007168,HDFC2026677234,2024-09-19,Matched,None,0.0,0.0,0,2024-09-19 00:00:00
RECON007169,HDFC2026591293,2024-09-19,Matched,None,0.0,0.0,0,2024-09-19 00:00:00
RECON007170,HDFC2026462280,2024-09-19,Matched,None,0.0,0.0,0,2024-09-19 00:00:00
RECON007171,HDFC2026477114,2024-09-19,Matched,None,0.0,0.0,0,2024-09-19 00:00:00
RECON007172,HDFC2026117813,2024-09-19,Matched,None,0.0,0.0,0,2024-09-19 00:00:00
RECON007173,HDFC2026756048,2024-09-19,Matched,None,0.0,0.0,0,2024-09-19 00:00:00
RECON007174,HDFC2026156243,2024-09-19,Matched,None,0.0,0.0,0,2024-09-19 00:00:00
RECON007175,HDFC2026244037,2024-09-19,Matched,None,0.0,0.0,0,2024-09-19 00:00:00
RECON007176,HDFC2026119292,2024-09-19,Matched,None,0.0,0.0,0,2024-09-19 00:00:00
RECON007177,HDFC2026925977,2024-09-19,Matched,None,0.0,0.0,0,2024-09-19 00:00:00
RECON007178,HDFC2026119756,2024-09-19,Matched,None,0.0,0.0,0,2024-09-19 00:00:00
RECON007179,HDFC2026626426,2024-09-19,Matched,None,0.0,0.0,0,2024-09-19 00:00:00
RECON007180,HDFC2026681687,2024-09-20,Matched,None,0.0,0.0,0,2024-09-20 00:00:00
RECON007181,HDFC2026497487,2024-09-20,Matched,None,0.0,0.0,0,2024-09-20 00:00:00
RECON007182,HDFC2026799764,2024-09-20,Matched,None,0.0,0.0,0,2024-09-20 00:00:00
RECON007183,HDFC2026384994,2024-09-20,Matched,None,0.0,0.0,0,2024-09-20 00:00:00
RECON007184,HDFC2026453264,2024-09-20,Matched,None,0.0,0.0,0,2024-09-20 00:00:00
RECON007185,HDFC2026893988,2024-09-20,Matched,None,0.0,0.0,0,2024-09-20 00:00:00
RECON007186,HDFC2026414952,2024-09-20,Matched,None,0.0,0.0,0,2024-09-20 00:00:00
RECON007187,HDFC2026767433,2024-09-20,Matched,None,0.0,0.0,0,2024-09-20 00:00:00
RECON007188,HDFC2026223047,2024-09-20,Matched,None,0.0,0.0,0,2024-09-20 00:00:00
RECON007189,HDFC2026459373,2024-09-20,Matched,None,0.0,0.0,0,2024-09-20 00:00:00
RECON007190,HDFC2026669113,2024-09-20,Duplicate,Duplicate Transaction,0.0,0.0,7,2024-09-27
RECON007191,HDFC2026622469,2024-09-20,Matched,None,0.0,0.0,0,2024-09-20 00:00:00
RECON007192,HDFC2026698358,2024-09-20,Matched,None,0.0,0.0,0,2024-09-20 00:00:00
RECON007193,HDFC2026270281,2024-09-20,Unmatched,Amount Mismatch,445.0,0.1239709712916661,11,2024-10-01
RECON007194,HDFC2026830156,2024-09-20,Unmatched,FX Rate Discrepancy,0.0,1.12,13,2024-10-03
RECON007195,HDFC2026607582,2024-09-20,Matched,None,0.0,0.0,0,2024-09-20 00:00:00
RECON007196,HDFC2026404868,2024-09-20,Matched,None,0.0,0.0,0,2024-09-20 00:00:00
RECON007197,HDFC2026554461,2024-09-20,Matched,None,0.0,0.0,0,2024-09-20 00:00:00
RECON007198,HDFC2026397571,2024-09-20,Matched,None,0.0,0.0,0,2024-09-20 00:00:00
RECON007199,HDFC2026439317,2024-09-20,Unmatched,Amount Mismatch,-3031.0,-1.4368401841203324,15,2024-10-05
RECON007200,HDFC2026866341,2024-09-20,Unmatched,Amount Mismatch,4446.0,8.892,1,2024-09-21
RECON007201,HDFC2026121579,2024-09-21,Unmatched,Amount Mismatch,4102.0,4.019558848026967,6,2024-09-27
RECON007202,HDFC2026216268,2024-09-21,Unmatched,Amount Mismatch,-4082.0,-0.3315125320183282,9,2024-09-30
RECON007203,HDFC2026717497,2024-09-21,Matched,None,0.0,0.0,0,2024-09-21 00:00:00
RECON007204,HDFC2026193665,2024-09-21,Matched,None,0.0,0.0,0,2024-09-21 00:00:00
RECON007205,HDFC2026743114,2024-09-21,Matched,None,0.0,0.0,0,2024-09-21 00:00:00
RECON007206,HDFC2026246485,2024-09-21,Unmatched,Amount Mismatch,3273.0,0.9946786364423752,3,2024-09-24
RECON007207,HDFC2026522907,2024-09-21,Matched,None,0.0,0.0,0,2024-09-21 00:00:00
RECON007208,HDFC2026838748,2024-09-21,Matched,None,0.0,0.0,0,2024-09-21 00:00:00
RECON007209,HDFC2026229628,2024-09-21,Matched,None,0.0,0.0,0,2024-09-21 00:00:00
RECON007210,HDFC2026773118,2024-09-21,Matched,None,0.0,0.0,0,2024-09-21 00:00:00
RECON007211,HDFC2026536498,2024-09-21,Matched,None,0.0,0.0,0,2024-09-21 00:00:00
RECON007212,HDFC2026625986,2024-09-21,Matched,None,0.0,0.0,0,2024-09-21 00:00:00
RECON007213,HDFC2026563369,2024-09-21,Matched,None,0.0,0.0,0,2024-09-21 00:00:00
RECON007214,HDFC2026587521,2024-09-21,Matched,None,0.0,0.0,0,2024-09-21 00:00:00
RECON007215,HDFC2026675451,2024-09-21,Unmatched,Amount Mismatch,-4138.0,-1.3331572113882166,3,2024-09-24
RECON007216,HDFC2026717411,2024-09-21,Matched,None,0.0,0.0,0,2024-09-21 00:00:00
RECON007217,HDFC2026478498,2024-09-21,Unmatched,Missing Settlement,85843.0,100.0,5,2024-09-26
RECON007218,HDFC2026792021,2024-09-21,Matched,None,0.0,0.0,0,2024-09-21 00:00:00
RECON007219,HDFC2026489620,2024-09-21,Matched,None,0.0,0.0,0,2024-09-21 00:00:00
RECON007220,HDFC2026719190,2024-09-21,Duplicate,Duplicate Transaction,0.0,0.0,9,2024-09-30
RECON007221,HDFC2026495208,2024-09-21,Matched,None,0.0,0.0,0,2024-09-21 00:00:00
RECON007222,HDFC2026797065,2024-09-21,Matched,None,0.0,0.0,0,2024-09-21 00:00:00
RECON007223,HDFC2026152079,2024-09-21,Matched,None,0.0,0.0,0,2024-09-21 00:00:00
RECON007224,HDFC2026987374,2024-09-21,Unmatched,Amount Mismatch,-156.0,-0.16942157735832664,9,2024-09-30
RECON007225,HDFC2026108664,2024-09-21,Matched,None,0.0,0.0,0,2024-09-21 00:00:00
RECON007226,HDFC2026659319,2024-09-21,Matched,None,0.0,0.0,0,2024-09-21 00:00:00
RECON007227,HDFC2026485372,2024-09-21,Matched,None,0.0,0.0,0,2024-09-21 00:00:00
RECON007228,HDFC2026551437,2024-09-22,Unmatched,Missing Settlement,250041.0,100.0,10,2024-10-02
RECON007229,HDFC2026153664,2024-09-22,Unmatched,FX Rate Discrepancy,0.0,-0.65,7,2024-09-29
RECON007230,HDFC2026491285,2024-09-22,Matched,None,0.0,0.0,0,2024-09-22 00:00:00
RECON007231,HDFC2026357720,2024-09-22,Matched,None,0.0,0.0,0,2024-09-22 00:00:00
RECON007232,HDFC2026167037,2024-09-22,Matched,None,0.0,0.0,0,2024-09-22 00:00:00
RECON007233,HDFC2026346575,2024-09-22,Unmatched,Amount Mismatch,-995.0,-0.17556458571168942,6,2024-09-28
RECON007234,HDFC2026529836,2024-09-22,Unmatched,FX Rate Discrepancy,0.0,-1.5,8,2024-09-30
RECON007235,HDFC2026300968,2024-09-22,Unmatched,Amount Mismatch,-1337.0,-1.0877081655399083,8,2024-09-30
RECON007236,HDFC2026972947,2024-09-22,Matched,None,0.0,0.0,0,2024-09-22 00:00:00
RECON007237,HDFC2026900345,2024-09-22,Matched,None,0.0,0.0,0,2024-09-22 00:00:00
RECON007238,HDFC2026798810,2024-09-22,Matched,None,0.0,0.0,0,2024-09-22 00:00:00
RECON007239,HDFC2026239223,2024-09-22,Matched,None,0.0,0.0,0,2024-09-22 00:00:00
RECON007240,HDFC2026155398,2024-09-22,Matched,None,0.0,0.0,0,2024-09-22 00:00:00
RECON007241,HDFC2026288416,2024-09-22,Matched,None,0.0,0.0,0,2024-09-22 00:00:00
RECON007242,HDFC2026551451,2024-09-22,Unmatched,Missing Settlement,292220.0,100.0,11,2024-10-03
RECON007243,HDFC2026424355,2024-09-22,Matched,None,0.0,0.0,0,2024-09-22 00:00:00
RECON007244,HDFC2026689489,2024-09-22,Matched,None,0.0,0.0,0,2024-09-22 00:00:00
RECON007245,HDFC2026631583,2024-09-22,Matched,None,0.0,0.0,0,2024-09-22 00:00:00
RECON007246,HDFC2026919743,2024-09-22,Matched,None,0.0,0.0,0,2024-09-22 00:00:00
RECON007247,HDFC2026709823,2024-09-22,Unmatched,Amount Mismatch,-689.0,-0.05392742730167974,14,2024-10-06
RECON007248,HDFC2026106171,2024-09-22,Matched,None,0.0,0.0,0,2024-09-22 00:00:00
RECON007249,HDFC2026333623,2024-09-22,Matched,None,0.0,0.0,0,2024-09-22 00:00:00
RECON007250,HDFC2026103359,2024-09-22,Matched,None,0.0,0.0,0,2024-09-22 00:00:00
RECON007251,HDFC2026313533,2024-09-22,Matched,None,0.0,0.0,0,2024-09-22 00:00:00
RECON007252,HDFC2026226949,2024-09-22,Matched,None,0.0,0.0,0,2024-09-22 00:00:00
RECON007253,HDFC2026360853,2024-09-22,Matched,None,0.0,0.0,0,2024-09-22 00:00:00
RECON007254,HDFC2026835192,2024-09-22,Matched,None,0.0,0.0,0,2024-09-22 00:00:00
RECON007255,HDFC2026622807,2024-09-22,Duplicate,Duplicate Transaction,0.0,0.0,11,2024-10-03
RECON007256,HDFC2026976928,2024-09-22,Matched,None,0.0,0.0,0,2024-09-22 00:00:00
RECON007257,HDFC2026667288,2024-09-23,Matched,None,0.0,0.0,0,2024-09-23 00:00:00
RECON007258,HDFC2026210472,2024-09-23,Matched,None,0.0,0.0,0,2024-09-23 00:00:00
RECON007259,HDFC2026903013,2024-09-23,Matched,None,0.0,0.0,0,2024-09-23 00:00:00
RECON007260,HDFC2026270639,2024-09-23,Matched,None,0.0,0.0,0,2024-09-23 00:00:00
RECON007261,HDFC2026998459,2024-09-23,Matched,None,0.0,0.0,0,2024-09-23 00:00:00
RECON007262,HDFC2026100721,2024-09-23,Unmatched,FX Rate Discrepancy,0.0,1.04,14,2024-10-07
RECON007263,HDFC2026981487,2024-09-23,Matched,None,0.0,0.0,0,2024-09-23 00:00:00
RECON007264,HDFC2026101773,2024-09-23,Unmatched,Amount Mismatch,-3092.0,-4.2543238074271805,5,2024-09-28
RECON007265,HDFC2026846893,2024-09-23,Matched,None,0.0,0.0,0,2024-09-23 00:00:00
RECON007266,HDFC2026878464,2024-09-23,Matched,None,0.0,0.0,0,2024-09-23 00:00:00
RECON007267,HDFC2026125057,2024-09-23,Matched,None,0.0,0.0,0,2024-09-23 00:00:00
RECON007268,HDFC2026841179,2024-09-23,Matched,None,0.0,0.0,0,2024-09-23 00:00:00
RECON007269,HDFC2026641430,2024-09-23,Matched,None,0.0,0.0,0,2024-09-23 00:00:00
RECON007270,HDFC2026475987,2024-09-23,Matched,None,0.0,0.0,0,2024-09-23 00:00:00
RECON007271,HDFC2026975505,2024-09-23,Matched,None,0.0,0.0,0,2024-09-23 00:00:00
RECON007272,HDFC2026707667,2024-09-23,Matched,None,0.0,0.0,0,2024-09-23 00:00:00
RECON007273,HDFC2026578073,2024-09-23,Matched,None,0.0,0.0,0,2024-09-23 00:00:00
RECON007274,HDFC2026182914,2024-09-23,Matched,None,0.0,0.0,0,2024-09-23 00:00:00
RECON007275,HDFC2026187435,2024-09-23,Matched,None,0.0,0.0,0,2024-09-23 00:00:00
RECON007276,HDFC2026444056,2024-09-23,Matched,None,0.0,0.0,0,2024-09-23 00:00:00
RECON007277,HDFC2026236369,2024-09-23,Matched,None,0.0,0.0,0,2024-09-23 00:00:00
RECON007278,HDFC2026897687,2024-09-23,Matched,None,0.0,0.0,0,2024-09-23 00:00:00
RECON007279,HDFC2026956028,2024-09-23,Matched,None,0.0,0.0,0,2024-09-23 00:00:00
RECON007280,HDFC2026507734,2024-09-23,Matched,None,0.0,0.0,0,2024-09-23 00:00:00
RECON007281,HDFC2026548444,2024-09-23,Matched,None,0.0,0.0,0,2024-09-23 00:00:00
RECON007282,HDFC2026454019,2024-09-23,Matched,None,0.0,0.0,0,2024-09-23 00:00:00
RECON007283,HDFC2026914375,2024-09-23,Unmatched,Amount Mismatch,3938.0,0.5160387409074052,10,2024-10-03
RECON007284,HDFC2026890871,2024-09-23,Matched,None,0.0,0.0,0,2024-09-23 00:00:00
RECON007285,HDFC2026352962,2024-09-23,Matched,None,0.0,0.0,0,2024-09-23 00:00:00
RECON007286,HDFC2026923792,2024-09-23,Matched,None,0.0,0.0,0,2024-09-23 00:00:00
RECON007287,HDFC2026448256,2024-09-23,Matched,None,0.0,0.0,0,2024-09-23 00:00:00
RECON007288,HDFC2026490849,2024-09-23,Matched,None,0.0,0.0,0,2024-09-23 00:00:00
RECON007289,HDFC2026193860,2024-09-23,Matched,None,0.0,0.0,0,2024-09-23 00:00:00
RECON007290,HDFC2026843322,2024-09-23,Matched,None,0.0,0.0,0,2024-09-23 00:00:00
RECON007291,HDFC2026104995,2024-09-23,Matched,None,0.0,0.0,0,2024-09-23 00:00:00
RECON007292,HDFC2026630097,2024-09-23,Matched,None,0.0,0.0,0,2024-09-23 00:00:00
RECON007293,HDFC2026317288,2024-09-24,Matched,None,0.0,0.0,0,2024-09-24 00:00:00
RECON007294,HDFC2026143995,2024-09-24,Matched,None,0.0,0.0,0,2024-09-24 00:00:00
RECON007295,HDFC2026143795,2024-09-24,Unmatched,Amount Mismatch,-4615.0,-4.5703024421161045,8,2024-10-02
RECON007296,HDFC2026971889,2024-09-24,Matched,None,0.0,0.0,0,2024-09-24 00:00:00
RECON007297,HDFC2026963354,2024-09-24,Matched,None,0.0,0.0,0,2024-09-24 00:00:00
RECON007298,HDFC2026336741,2024-09-24,Matched,None,0.0,0.0,0,2024-09-24 00:00:00
RECON007299,HDFC2026683818,2024-09-24,Matched,None,0.0,0.0,0,2024-09-24 00:00:00
RECON007300,HDFC2026979387,2024-09-24,Matched,None,0.0,0.0,0,2024-09-24 00:00:00
RECON007301,HDFC2026151228,2024-09-24,Matched,None,0.0,0.0,0,2024-09-24 00:00:00
RECON007302,HDFC2026898870,2024-09-24,Matched,None,0.0,0.0,0,2024-09-24 00:00:00
RECON007303,HDFC2026642126,2024-09-24,Matched,None,0.0,0.0,0,2024-09-24 00:00:00
RECON007304,HDFC2026183786,2024-09-24,Unmatched,FX Rate Discrepancy,0.0,0.23,5,2024-09-29
RECON007305,HDFC2026194009,2024-09-24,Matched,None,0.0,0.0,0,2024-09-24 00:00:00
RECON007306,HDFC2026209562,2024-09-24,Matched,None,0.0,0.0,0,2024-09-24 00:00:00
RECON007307,HDFC2026200790,2024-09-24,Matched,None,0.0,0.0,0,2024-09-24 00:00:00
RECON007308,HDFC2026956067,2024-09-24,Matched,None,0.0,0.0,0,2024-09-24 00:00:00
RECON007309,HDFC2026728426,2024-09-24,Matched,None,0.0,0.0,0,2024-09-24 00:00:00
RECON007310,HDFC2026373750,2024-09-24,Matched,None,0.0,0.0,0,2024-09-24 00:00:00
RECON007311,HDFC2026316014,2024-09-24,Matched,None,0.0,0.0,0,2024-09-24 00:00:00
RECON007312,HDFC2026788904,2024-09-24,Matched,None,0.0,0.0,0,2024-09-24 00:00:00
RECON007313,HDFC2026218009,2024-09-24,Matched,None,0.0,0.0,0,2024-09-24 00:00:00
RECON007314,HDFC2026681815,2024-09-24,Matched,None,0.0,0.0,0,2024-09-24 00:00:00
RECON007315,HDFC2026236012,2024-09-25,Matched,None,0.0,0.0,0,2024-09-25 00:00:00
RECON007316,HDFC2026814670,2024-09-25,Matched,None,0.0,0.0,0,2024-09-25 00:00:00
RECON007317,HDFC2026987245,2024-09-25,Matched,None,0.0,0.0,0,2024-09-25 00:00:00
RECON007318,HDFC2026398461,2024-09-25,Matched,None,0.0,0.0,0,2024-09-25 00:00:00
RECON007319,HDFC2026469698,2024-09-25,Matched,None,0.0,0.0,0,2024-09-25 00:00:00
RECON007320,HDFC2026257306,2024-09-25,Matched,None,0.0,0.0,0,2024-09-25 00:00:00
RECON007321,HDFC2026992254,2024-09-25,Matched,None,0.0,0.0,0,2024-09-25 00:00:00
RECON007322,HDFC2026277323,2024-09-25,Matched,None,0.0,0.0,0,2024-09-25 00:00:00
RECON007323,HDFC2026272216,2024-09-25,Matched,None,0.0,0.0,0,2024-09-25 00:00:00
RECON007324,HDFC2026242239,2024-09-25,Unmatched,Amount Mismatch,-3215.0,-1.64777998165147,14,2024-10-09
RECON007325,HDFC2026980779,2024-09-25,Matched,None,0.0,0.0,0,2024-09-25 00:00:00
RECON007326,HDFC2026863197,2024-09-25,Matched,None,0.0,0.0,0,2024-09-25 00:00:00
RECON007327,HDFC2026278794,2024-09-25,Matched,None,0.0,0.0,0,2024-09-25 00:00:00
RECON007328,HDFC2026566754,2024-09-25,Matched,None,0.0,0.0,0,2024-09-25 00:00:00
RECON007329,HDFC2026610433,2024-09-25,Matched,None,0.0,0.0,0,2024-09-25 00:00:00
RECON007330,HDFC2026189227,2024-09-25,Unmatched,Amount Mismatch,1957.0,0.38379171307990395,15,2024-10-10
RECON007331,HDFC2026812220,2024-09-25,Duplicate,Duplicate Transaction,0.0,0.0,12,2024-10-07
RECON007332,HDFC2026911793,2024-09-25,Matched,None,0.0,0.0,0,2024-09-25 00:00:00
RECON007333,HDFC2026837932,2024-09-25,Matched,None,0.0,0.0,0,2024-09-25 00:00:00
RECON007334,HDFC2026131978,2024-09-25,Matched,None,0.0,0.0,0,2024-09-25 00:00:00
RECON007335,HDFC2026966318,2024-09-25,Matched,None,0.0,0.0,0,2024-09-25 00:00:00
RECON007336,HDFC2026663965,2024-09-25,Matched,None,0.0,0.0,0,2024-09-25 00:00:00
RECON007337,HDFC2026693475,2024-09-25,Matched,None,0.0,0.0,0,2024-09-25 00:00:00
RECON007338,HDFC2026937204,2024-09-25,Matched,None,0.0,0.0,0,2024-09-25 00:00:00
RECON007339,HDFC2026299092,2024-09-25,Matched,None,0.0,0.0,0,2024-09-25 00:00:00
RECON007340,HDFC2026934307,2024-09-25,Matched,None,0.0,0.0,0,2024-09-25 00:00:00
RECON007341,HDFC2026755725,2024-09-25,Matched,None,0.0,0.0,0,2024-09-25 00:00:00
RECON007342,HDFC2026986882,2024-09-26,Matched,None,0.0,0.0,0,2024-09-26 00:00:00
RECON007343,HDFC2026891802,2024-09-26,Matched,None,0.0,0.0,0,2024-09-26 00:00:00
RECON007344,HDFC2026872383,2024-09-26,Unmatched,Amount Mismatch,-4572.0,-3.4698926852962155,4,2024-09-30
RECON007345,HDFC2026698401,2024-09-26,Matched,None,0.0,0.0,0,2024-09-26 00:00:00
RECON007346,HDFC2026715422,2024-09-26,Unmatched,FX Rate Discrepancy,0.0,-1.17,6,2024-10-02
RECON007347,HDFC2026543247,2024-09-26,Matched,None,0.0,0.0,0,2024-09-26 00:00:00
RECON007348,HDFC2026672229,2024-09-26,Matched,None,0.0,0.0,0,2024-09-26 00:00:00
RECON007349,HDFC2026375807,2024-09-26,Matched,None,0.0,0.0,0,2024-09-26 00:00:00
RECON007350,HDFC2026764187,2024-09-26,Matched,None,0.0,0.0,0,2024-09-26 00:00:00
RECON007351,HDFC2026243769,2024-09-26,Unmatched,FX Rate Discrepancy,0.0,-0.45,13,2024-10-09
RECON007352,HDFC2026865856,2024-09-26,Matched,None,0.0,0.0,0,2024-09-26 00:00:00
RECON007353,HDFC2026569332,2024-09-26,Matched,None,0.0,0.0,0,2024-09-26 00:00:00
RECON007354,HDFC2026154296,2024-09-26,Matched,None,0.0,0.0,0,2024-09-26 00:00:00
RECON007355,HDFC2026538586,2024-09-26,Matched,None,0.0,0.0,0,2024-09-26 00:00:00
RECON007356,HDFC2026693157,2024-09-26,Matched,None,0.0,0.0,0,2024-09-26 00:00:00
RECON007357,HDFC2026207507,2024-09-26,Matched,None,0.0,0.0,0,2024-09-26 00:00:00
RECON007358,HDFC2026658519,2024-09-26,Matched,None,0.0,0.0,0,2024-09-26 00:00:00
RECON007359,HDFC2026671208,2024-09-26,Matched,None,0.0,0.0,0,2024-09-26 00:00:00
RECON007360,HDFC2026353533,2024-09-26,Matched,None,0.0,0.0,0,2024-09-26 00:00:00
RECON007361,HDFC2026533280,2024-09-26,Matched,None,0.0,0.0,0,2024-09-26 00:00:00
RECON007362,HDFC2026642497,2024-09-26,Matched,None,0.0,0.0,0,2024-09-26 00:00:00
RECON007363,HDFC2026377676,2024-09-26,Matched,None,0.0,0.0,0,2024-09-26 00:00:00
RECON007364,HDFC2026794689,2024-09-26,Unmatched,Missing Settlement,50000.0,100.0,7,2024-10-03
RECON007365,HDFC2026704707,2024-09-26,Matched,None,0.0,0.0,0,2024-09-26 00:00:00
RECON007366,HDFC2026266566,2024-09-26,Matched,None,0.0,0.0,0,2024-09-26 00:00:00
RECON007367,HDFC2026809699,2024-09-26,Matched,None,0.0,0.0,0,2024-09-26 00:00:00
RECON007368,HDFC2026776703,2024-09-26,Matched,None,0.0,0.0,0,2024-09-26 00:00:00
RECON007369,HDFC2026352958,2024-09-26,Matched,None,0.0,0.0,0,2024-09-26 00:00:00
RECON007370,HDFC2026619383,2024-09-26,Matched,None,0.0,0.0,0,2024-09-26 00:00:00
RECON007371,HDFC2026745330,2024-09-26,Matched,None,0.0,0.0,0,2024-09-26 00:00:00
RECON007372,HDFC2026168898,2024-09-26,Matched,None,0.0,0.0,0,2024-09-26 00:00:00
RECON007373,HDFC2026859490,2024-09-26,Duplicate,Duplicate Transaction,0.0,0.0,1,2024-09-27
RECON007374,HDFC2026288955,2024-09-26,Matched,None,0.0,0.0,0,2024-09-26 00:00:00
RECON007375,HDFC2026808915,2024-09-26,Unmatched,Amount Mismatch,-816.0,-0.7944853370720879,13,2024-10-09
RECON007376,HDFC2026277951,2024-09-26,Matched,None,0.0,0.0,0,2024-09-26 00:00:00
RECON007377,HDFC2026109749,2024-09-26,Matched,None,0.0,0.0,0,2024-09-26 00:00:00
RECON007378,HDFC2026773870,2024-09-26,Matched,None,0.0,0.0,0,2024-09-26 00:00:00
RECON007379,HDFC2026535648,2024-09-26,Matched,None,0.0,0.0,0,2024-09-26 00:00:00
RECON007380,HDFC2026163405,2024-09-26,Duplicate,Duplicate Transaction,0.0,0.0,1,2024-09-27
RECON007381,HDFC2026473543,2024-09-27,Matched,None,0.0,0.0,0,2024-09-27 00:00:00
RECON007382,HDFC2026313795,2024-09-27,Matched,None,0.0,0.0,0,2024-09-27 00:00:00
RECON007383,HDFC2026310922,2024-09-27,Unmatched,Amount Mismatch,4285.0,1.5064370741722506,6,2024-10-03
RECON007384,HDFC2026780314,2024-09-27,Matched,None,0.0,0.0,0,2024-09-27 00:00:00
RECON007385,HDFC2026388096,2024-09-27,Matched,None,0.0,0.0,0,2024-09-27 00:00:00
RECON007386,HDFC2026982365,2024-09-27,Matched,None,0.0,0.0,0,2024-09-27 00:00:00
RECON007387,HDFC2026209773,2024-09-27,Matched,None,0.0,0.0,0,2024-09-27 00:00:00
RECON007388,HDFC2026413775,2024-09-27,Matched,None,0.0,0.0,0,2024-09-27 00:00:00
RECON007389,HDFC2026375524,2024-09-27,Duplicate,Duplicate Transaction,0.0,0.0,13,2024-10-10
RECON007390,HDFC2026573742,2024-09-27,Matched,None,0.0,0.0,0,2024-09-27 00:00:00
RECON007391,HDFC2026645982,2024-09-27,Matched,None,0.0,0.0,0,2024-09-27 00:00:00
RECON007392,HDFC2026466466,2024-09-27,Matched,None,0.0,0.0,0,2024-09-27 00:00:00
RECON007393,HDFC2026647108,2024-09-27,Matched,None,0.0,0.0,0,2024-09-27 00:00:00
RECON007394,HDFC2026115840,2024-09-27,Matched,None,0.0,0.0,0,2024-09-27 00:00:00
RECON007395,HDFC2026165701,2024-09-27,Duplicate,Duplicate Transaction,0.0,0.0,7,2024-10-04
RECON007396,HDFC2026320117,2024-09-27,Matched,None,0.0,0.0,0,2024-09-27 00:00:00
RECON007397,HDFC2026967343,2024-09-27,Matched,None,0.0,0.0,0,2024-09-27 00:00:00
RECON007398,HDFC2026699417,2024-09-27,Matched,None,0.0,0.0,0,2024-09-27 00:00:00
RECON007399,HDFC2026269357,2024-09-27,Matched,None,0.0,0.0,0,2024-09-27 00:00:00
RECON007400,HDFC2026493416,2024-09-27,Matched,None,0.0,0.0,0,2024-09-27 00:00:00
RECON007401,HDFC2026730886,2024-09-27,Matched,None,0.0,0.0,0,2024-09-27 00:00:00
RECON007402,HDFC2026907813,2024-09-27,Matched,None,0.0,0.0,0,2024-09-27 00:00:00
RECON007403,HDFC2026200181,2024-09-27,Matched,None,0.0,0.0,0,2024-09-27 00:00:00
RECON007404,HDFC2026401759,2024-09-27,Matched,None,0.0,0.0,0,2024-09-27 00:00:00
RECON007405,HDFC2026604183,2024-09-27,Matched,None,0.0,0.0,0,2024-09-27 00:00:00
RECON007406,HDFC2026131957,2024-09-27,Unmatched,Amount Mismatch,-1973.0,-0.7421171213528874,13,2024-10-10
RECON007407,HDFC2026804531,2024-09-27,Unmatched,Amount Mismatch,-864.0,-1.728,14,2024-10-11
RECON007408,HDFC2026181025,2024-09-27,Matched,None,0.0,0.0,0,2024-09-27 00:00:00
RECON007409,HDFC2026479228,2024-09-27,Matched,None,0.0,0.0,0,2024-09-27 00:00:00
RECON007410,HDFC2026793861,2024-09-27,Matched,None,0.0,0.0,0,2024-09-27 00:00:00
RECON007411,HDFC2026938557,2024-09-27,Matched,None,0.0,0.0,0,2024-09-27 00:00:00
RECON007412,HDFC2026169981,2024-09-27,Matched,None,0.0,0.0,0,2024-09-27 00:00:00
RECON007413,HDFC2026935649,2024-09-27,Matched,None,0.0,0.0,0,2024-09-27 00:00:00
RECON007414,HDFC2026603829,2024-09-27,Matched,None,0.0,0.0,0,2024-09-27 00:00:00
RECON007415,HDFC2026266742,2024-09-28,Matched,None,0.0,0.0,0,2024-09-28 00:00:00
RECON007416,HDFC2026714017,2024-09-28,Matched,None,0.0,0.0,0,2024-09-28 00:00:00
RECON007417,HDFC2026315910,2024-09-28,Unmatched,Amount Mismatch,34.0,0.068,11,2024-10-09
RECON007418,HDFC2026317975,2024-09-28,Matched,None,0.0,0.0,0,2024-09-28 00:00:00
RECON007419,HDFC2026483724,2024-09-28,Matched,None,0.0,0.0,0,2024-09-28 00:00:00
RECON007420,HDFC2026951405,2024-09-28,Unmatched,Missing Settlement,85042.0,100.0,13,2024-10-11
RECON007421,HDFC2026827623,2024-09-28,Matched,None,0.0,0.0,0,2024-09-28 00:00:00
RECON007422,HDFC2026478662,2024-09-28,Matched,None,0.0,0.0,0,2024-09-28 00:00:00
RECON007423,HDFC2026923861,2024-09-28,Matched,None,0.0,0.0,0,2024-09-28 00:00:00
RECON007424,HDFC2026562807,2024-09-28,Matched,None,0.0,0.0,0,2024-09-28 00:00:00
RECON007425,HDFC2026618041,2024-09-28,Matched,None,0.0,0.0,0,2024-09-28 00:00:00
RECON007426,HDFC2026262931,2024-09-28,Matched,None,0.0,0.0,0,2024-09-28 00:00:00
RECON007427,HDFC2026831025,2024-09-28,Matched,None,0.0,0.0,0,2024-09-28 00:00:00
RECON007428,HDFC2026511003,2024-09-28,Matched,None,0.0,0.0,0,2024-09-28 00:00:00
RECON007429,HDFC2026695057,2024-09-28,Matched,None,0.0,0.0,0,2024-09-28 00:00:00
RECON007430,HDFC2026143546,2024-09-28,Matched,None,0.0,0.0,0,2024-09-28 00:00:00
RECON007431,HDFC2026437864,2024-09-28,Matched,None,0.0,0.0,0,2024-09-28 00:00:00
RECON007432,HDFC2026844756,2024-09-28,Unmatched,FX Rate Discrepancy,0.0,-0.7,3,2024-10-01
RECON007433,HDFC2026683715,2024-09-28,Matched,None,0.0,0.0,0,2024-09-28 00:00:00
RECON007434,HDFC2026670939,2024-09-28,Unmatched,Amount Mismatch,-2873.0,-0.6877730564366509,6,2024-10-04
RECON007435,HDFC2026882354,2024-09-28,Matched,None,0.0,0.0,0,2024-09-28 00:00:00
RECON007436,HDFC2026617594,2024-09-28,Matched,None,0.0,0.0,0,2024-09-28 00:00:00
RECON007437,HDFC2026619760,2024-09-28,Unmatched,FX Rate Discrepancy,0.0,-0.12,2,2024-09-30
RECON007438,HDFC2026385887,2024-09-28,Matched,None,0.0,0.0,0,2024-09-28 00:00:00
RECON007439,HDFC2026607755,2024-09-28,Matched,None,0.0,0.0,0,2024-09-28 00:00:00
RECON007440,HDFC2026639908,2024-09-28,Matched,None,0.0,0.0,0,2024-09-28 00:00:00
RECON007441,HDFC2026978164,2024-09-28,Matched,None,0.0,0.0,0,2024-09-28 00:00:00
RECON007442,HDFC2026340723,2024-09-29,Matched,None,0.0,0.0,0,2024-09-29 00:00:00
RECON007443,HDFC2026827304,2024-09-29,Matched,None,0.0,0.0,0,2024-09-29 00:00:00
RECON007444,HDFC2026944134,2024-09-29,Matched,None,0.0,0.0,0,2024-09-29 00:00:00
RECON007445,HDFC2026534038,2024-09-29,Matched,None,0.0,0.0,0,2024-09-29 00:00:00
RECON007446,HDFC2026743712,2024-09-29,Matched,None,0.0,0.0,0,2024-09-29 00:00:00
RECON007447,HDFC2026758733,2024-09-29,Matched,None,0.0,0.0,0,2024-09-29 00:00:00
RECON007448,HDFC2026339968,2024-09-29,Matched,None,0.0,0.0,0,2024-09-29 00:00:00
RECON007449,HDFC2026847024,2024-09-29,Matched,None,0.0,0.0,0,2024-09-29 00:00:00
RECON007450,HDFC2026889115,2024-09-29,Matched,None,0.0,0.0,0,2024-09-29 00:00:00
RECON007451,HDFC2026473045,2024-09-29,Matched,None,0.0,0.0,0,2024-09-29 00:00:00
RECON007452,HDFC2026153561,2024-09-29,Matched,None,0.0,0.0,0,2024-09-29 00:00:00
RECON007453,HDFC2026807835,2024-09-29,Matched,None,0.0,0.0,0,2024-09-29 00:00:00
RECON007454,HDFC2026389899,2024-09-29,Unmatched,Amount Mismatch,-1904.0,-0.19197922107254273,15,2024-10-14
RECON007455,HDFC2026686780,2024-09-29,Matched,None,0.0,0.0,0,2024-09-29 00:00:00
RECON007456,HDFC2026574978,2024-09-29,Matched,None,0.0,0.0,0,2024-09-29 00:00:00
RECON007457,HDFC2026482384,2024-09-29,Duplicate,Duplicate Transaction,0.0,0.0,12,2024-10-11
RECON007458,HDFC2026833911,2024-09-29,Matched,None,0.0,0.0,0,2024-09-29 00:00:00
RECON007459,HDFC2026295666,2024-09-29,Matched,None,0.0,0.0,0,2024-09-29 00:00:00
RECON007460,HDFC2026958925,2024-09-30,Matched,None,0.0,0.0,0,2024-09-30 00:00:00
RECON007461,HDFC2026941316,2024-09-30,Matched,None,0.0,0.0,0,2024-09-30 00:00:00
RECON007462,HDFC2026288402,2024-09-30,Matched,None,0.0,0.0,0,2024-09-30 00:00:00
RECON007463,HDFC2026179259,2024-09-30,Matched,None,0.0,0.0,0,2024-09-30 00:00:00
RECON007464,HDFC2026450804,2024-09-30,Matched,None,0.0,0.0,0,2024-09-30 00:00:00
RECON007465,HDFC2026623956,2024-09-30,Matched,None,0.0,0.0,0,2024-09-30 00:00:00
RECON007466,HDFC2026517224,2024-09-30,Matched,None,0.0,0.0,0,2024-09-30 00:00:00
RECON007467,HDFC2026368462,2024-09-30,Duplicate,Duplicate Transaction,0.0,0.0,6,2024-10-06
RECON007468,HDFC2026653299,2024-09-30,Matched,None,0.0,0.0,0,2024-09-30 00:00:00
RECON007469,HDFC2026245989,2024-09-30,Matched,None,0.0,0.0,0,2024-09-30 00:00:00
RECON007470,HDFC2026383336,2024-09-30,Matched,None,0.0,0.0,0,2024-09-30 00:00:00
RECON007471,HDFC2026803617,2024-09-30,Unmatched,Amount Mismatch,3157.0,0.39972347289679866,15,2024-10-15
RECON007472,HDFC2026662056,2024-09-30,Matched,None,0.0,0.0,0,2024-09-30 00:00:00
RECON007473,HDFC2026791176,2024-09-30,Matched,None,0.0,0.0,0,2024-09-30 00:00:00
RECON007474,HDFC2026908713,2024-09-30,Matched,None,0.0,0.0,0,2024-09-30 00:00:00
RECON007475,HDFC2026425366,2024-09-30,Matched,None,0.0,0.0,0,2024-09-30 00:00:00
RECON007476,HDFC2026204234,2024-09-30,Matched,None,0.0,0.0,0,2024-09-30 00:00:00
RECON007477,HDFC2026443402,2024-09-30,Matched,None,0.0,0.0,0,2024-09-30 00:00:00
RECON007478,HDFC2026560143,2024-09-30,Unmatched,FX Rate Discrepancy,0.0,-1.81,11,2024-10-11
RECON007479,HDFC2026806995,2024-09-30,Matched,None,0.0,0.0,0,2024-09-30 00:00:00
RECON007480,HDFC2026409636,2024-09-30,Matched,None,0.0,0.0,0,2024-09-30 00:00:00
RECON007481,HDFC2026501623,2024-09-30,Matched,None,0.0,0.0,0,2024-09-30 00:00:00
RECON007482,HDFC2026707707,2024-09-30,Matched,None,0.0,0.0,0,2024-09-30 00:00:00
RECON007483,HDFC2026740000,2024-09-30,Matched,None,0.0,0.0,0,2024-09-30 00:00:00
RECON007484,HDFC2026188759,2024-09-30,Matched,None,0.0,0.0,0,2024-09-30 00:00:00
RECON007485,HDFC2026369545,2024-09-30,Duplicate,Duplicate Transaction,0.0,0.0,7,2024-10-07
RECON007486,HDFC2026152042,2024-09-30,Matched,None,0.0,0.0,0,2024-09-30 00:00:00
RECON007487,HDFC2026846066,2024-09-30,Matched,None,0.0,0.0,0,2024-09-30 00:00:00
RECON007488,HDFC2026345369,2024-09-30,Matched,None,0.0,0.0,0,2024-09-30 00:00:00
RECON007489,HDFC2026294091,2024-09-30,Matched,None,0.0,0.0,0,2024-09-30 00:00:00
RECON007490,HDFC2026555097,2024-09-30,Matched,None,0.0,0.0,0,2024-09-30 00:00:00
RECON007491,HDFC2026981205,2024-09-30,Matched,None,0.0,0.0,0,2024-09-30 00:00:00
RECON007492,HDFC2026533113,2024-10-01,Matched,None,0.0,0.0,0,2024-10-01 00:00:00
RECON007493,HDFC2026959407,2024-10-01,Matched,None,0.0,0.0,0,2024-10-01 00:00:00
RECON007494,HDFC2026844865,2024-10-01,Matched,None,0.0,0.0,0,2024-10-01 00:00:00
RECON007495,HDFC2026485449,2024-10-01,Matched,None,0.0,0.0,0,2024-10-01 00:00:00
RECON007496,HDFC2026740993,2024-10-01,Matched,None,0.0,0.0,0,2024-10-01 00:00:00
RECON007497,HDFC2026181285,2024-10-01,Matched,None,0.0,0.0,0,2024-10-01 00:00:00
RECON007498,HDFC2026910246,2024-10-01,Matched,None,0.0,0.0,0,2024-10-01 00:00:00
RECON007499,HDFC2026373995,2024-10-01,Matched,None,0.0,0.0,0,2024-10-01 00:00:00
RECON007500,HDFC2026732163,2024-10-01,Matched,None,0.0,0.0,0,2024-10-01 00:00:00
RECON007501,HDFC2026481389,2024-10-01,Matched,None,0.0,0.0,0,2024-10-01 00:00:00
RECON007502,HDFC2026939634,2024-10-01,Matched,None,0.0,0.0,0,2024-10-01 00:00:00
RECON007503,HDFC2026674048,2024-10-01,Matched,None,0.0,0.0,0,2024-10-01 00:00:00
RECON007504,HDFC2026267314,2024-10-01,Matched,None,0.0,0.0,0,2024-10-01 00:00:00
RECON007505,HDFC2026346437,2024-10-01,Matched,None,0.0,0.0,0,2024-10-01 00:00:00
RECON007506,HDFC2026493767,2024-10-01,Matched,None,0.0,0.0,0,2024-10-01 00:00:00
RECON007507,HDFC2026386727,2024-10-01,Matched,None,0.0,0.0,0,2024-10-01 00:00:00
RECON007508,HDFC2026548995,2024-10-01,Matched,None,0.0,0.0,0,2024-10-01 00:00:00
RECON007509,HDFC2026864744,2024-10-01,Matched,None,0.0,0.0,0,2024-10-01 00:00:00
RECON007510,HDFC2026235410,2024-10-01,Matched,None,0.0,0.0,0,2024-10-01 00:00:00
RECON007511,HDFC2026981202,2024-10-01,Matched,None,0.0,0.0,0,2024-10-01 00:00:00
RECON007512,HDFC2026633676,2024-10-01,Matched,None,0.0,0.0,0,2024-10-01 00:00:00
RECON007513,HDFC2026814120,2024-10-01,Matched,None,0.0,0.0,0,2024-10-01 00:00:00
RECON007514,HDFC2026668676,2024-10-01,Matched,None,0.0,0.0,0,2024-10-01 00:00:00
RECON007515,HDFC2026978962,2024-10-01,Matched,None,0.0,0.0,0,2024-10-01 00:00:00
RECON007516,HDFC2026524146,2024-10-01,Duplicate,Duplicate Transaction,0.0,0.0,13,2024-10-14
RECON007517,HDFC2026539639,2024-10-01,Matched,None,0.0,0.0,0,2024-10-01 00:00:00
RECON007518,HDFC2026955792,2024-10-02,Matched,None,0.0,0.0,0,2024-10-02 00:00:00
RECON007519,HDFC2026767725,2024-10-02,Matched,None,0.0,0.0,0,2024-10-02 00:00:00
RECON007520,HDFC2026745830,2024-10-02,Matched,None,0.0,0.0,0,2024-10-02 00:00:00
RECON007521,HDFC2026585413,2024-10-02,Unmatched,Amount Mismatch,-851.0,-0.5991565340449051,12,2024-10-14
RECON007522,HDFC2026451572,2024-10-02,Unmatched,Missing Settlement,253570.0,100.0,10,2024-10-12
RECON007523,HDFC2026534185,2024-10-02,Matched,None,0.0,0.0,0,2024-10-02 00:00:00
RECON007524,HDFC2026666052,2024-10-02,Unmatched,Missing Settlement,216833.0,100.0,2,2024-10-04
RECON007525,HDFC2026335765,2024-10-02,Matched,None,0.0,0.0,0,2024-10-02 00:00:00
RECON007526,HDFC2026617383,2024-10-02,Matched,None,0.0,0.0,0,2024-10-02 00:00:00
RECON007527,HDFC2026974818,2024-10-02,Matched,None,0.0,0.0,0,2024-10-02 00:00:00
RECON007528,HDFC2026399332,2024-10-02,Matched,None,0.0,0.0,0,2024-10-02 00:00:00
RECON007529,HDFC2026588540,2024-10-02,Matched,None,0.0,0.0,0,2024-10-02 00:00:00
RECON007530,HDFC2026959335,2024-10-02,Unmatched,Missing Settlement,751400.0,100.0,8,2024-10-10
RECON007531,HDFC2026349098,2024-10-02,Matched,None,0.0,0.0,0,2024-10-02 00:00:00
RECON007532,HDFC2026111716,2024-10-02,Matched,None,0.0,0.0,0,2024-10-02 00:00:00
RECON007533,HDFC2026389455,2024-10-02,Matched,None,0.0,0.0,0,2024-10-02 00:00:00
RECON007534,HDFC2026850755,2024-10-02,Matched,None,0.0,0.0,0,2024-10-02 00:00:00
RECON007535,HDFC2026353225,2024-10-02,Matched,None,0.0,0.0,0,2024-10-02 00:00:00
RECON007536,HDFC2026284720,2024-10-02,Matched,None,0.0,0.0,0,2024-10-02 00:00:00
RECON007537,HDFC2026584253,2024-10-02,Matched,None,0.0,0.0,0,2024-10-02 00:00:00
RECON007538,HDFC2026791499,2024-10-02,Matched,None,0.0,0.0,0,2024-10-02 00:00:00
RECON007539,HDFC2026912971,2024-10-02,Matched,None,0.0,0.0,0,2024-10-02 00:00:00
RECON007540,HDFC2026845108,2024-10-02,Matched,None,0.0,0.0,0,2024-10-02 00:00:00
RECON007541,HDFC2026268514,2024-10-02,Matched,None,0.0,0.0,0,2024-10-02 00:00:00
RECON007542,HDFC2026297504,2024-10-03,Matched,None,0.0,0.0,0,2024-10-03 00:00:00
RECON007543,HDFC2026322086,2024-10-03,Matched,None,0.0,0.0,0,2024-10-03 00:00:00
RECON007544,HDFC2026170778,2024-10-03,Matched,None,0.0,0.0,0,2024-10-03 00:00:00
RECON007545,HDFC2026294050,2024-10-03,Matched,None,0.0,0.0,0,2024-10-03 00:00:00
RECON007546,HDFC2026228138,2024-10-03,Matched,None,0.0,0.0,0,2024-10-03 00:00:00
RECON007547,HDFC2026251239,2024-10-03,Matched,None,0.0,0.0,0,2024-10-03 00:00:00
RECON007548,HDFC2026919389,2024-10-03,Matched,None,0.0,0.0,0,2024-10-03 00:00:00
RECON007549,HDFC2026870723,2024-10-03,Matched,None,0.0,0.0,0,2024-10-03 00:00:00
RECON007550,HDFC2026991744,2024-10-03,Matched,None,0.0,0.0,0,2024-10-03 00:00:00
RECON007551,HDFC2026377036,2024-10-03,Matched,None,0.0,0.0,0,2024-10-03 00:00:00
RECON007552,HDFC2026645752,2024-10-03,Matched,None,0.0,0.0,0,2024-10-03 00:00:00
RECON007553,HDFC2026619068,2024-10-03,Matched,None,0.0,0.0,0,2024-10-03 00:00:00
RECON007554,HDFC2026610248,2024-10-03,Unmatched,Missing Settlement,105959.0,100.0,9,2024-10-12
RECON007555,HDFC2026365677,2024-10-03,Matched,None,0.0,0.0,0,2024-10-03 00:00:00
RECON007556,HDFC2026576112,2024-10-03,Matched,None,0.0,0.0,0,2024-10-03 00:00:00
RECON007557,HDFC2026804625,2024-10-03,Matched,None,0.0,0.0,0,2024-10-03 00:00:00
RECON007558,HDFC2026214143,2024-10-03,Matched,None,0.0,0.0,0,2024-10-03 00:00:00
RECON007559,HDFC2026288934,2024-10-03,Matched,None,0.0,0.0,0,2024-10-03 00:00:00
RECON007560,HDFC2026434827,2024-10-03,Matched,None,0.0,0.0,0,2024-10-03 00:00:00
RECON007561,HDFC2026502835,2024-10-03,Matched,None,0.0,0.0,0,2024-10-03 00:00:00
RECON007562,HDFC2026526630,2024-10-03,Matched,None,0.0,0.0,0,2024-10-03 00:00:00
RECON007563,HDFC2026656406,2024-10-03,Matched,None,0.0,0.0,0,2024-10-03 00:00:00
RECON007564,HDFC2026685462,2024-10-03,Matched,None,0.0,0.0,0,2024-10-03 00:00:00
RECON007565,HDFC2026435239,2024-10-03,Unmatched,Missing Settlement,208257.0,100.0,4,2024-10-07
RECON007566,HDFC2026703194,2024-10-03,Matched,None,0.0,0.0,0,2024-10-03 00:00:00
RECON007567,HDFC2026840651,2024-10-03,Matched,None,0.0,0.0,0,2024-10-03 00:00:00
RECON007568,HDFC2026345722,2024-10-03,Unmatched,Amount Mismatch,-2035.0,-1.3554287084462857,12,2024-10-15
RECON007569,HDFC2026280054,2024-10-03,Matched,None,0.0,0.0,0,2024-10-03 00:00:00
RECON007570,HDFC2026691953,2024-10-04,Matched,None,0.0,0.0,0,2024-10-04 00:00:00
RECON007571,HDFC2026818613,2024-10-04,Unmatched,Amount Mismatch,1189.0,0.510460358824868,6,2024-10-10
RECON007572,HDFC2026536440,2024-10-04,Unmatched,Missing Settlement,230633.0,100.0,6,2024-10-10
RECON007573,HDFC2026878727,2024-10-04,Matched,None,0.0,0.0,0,2024-10-04 00:00:00
RECON007574,HDFC2026358424,2024-10-04,Matched,None,0.0,0.0,0,2024-10-04 00:00:00
RECON007575,HDFC2026327434,2024-10-04,Matched,None,0.0,0.0,0,2024-10-04 00:00:00
RECON007576,HDFC2026907278,2024-10-04,Matched,None,0.0,0.0,0,2024-10-04 00:00:00
RECON007577,HDFC2026845208,2024-10-04,Matched,None,0.0,0.0,0,2024-10-04 00:00:00
RECON007578,HDFC2026730737,2024-10-04,Matched,None,0.0,0.0,0,2024-10-04 00:00:00
RECON007579,HDFC2026925691,2024-10-04,Matched,None,0.0,0.0,0,2024-10-04 00:00:00
RECON007580,HDFC2026359940,2024-10-04,Matched,None,0.0,0.0,0,2024-10-04 00:00:00
RECON007581,HDFC2026292988,2024-10-04,Matched,None,0.0,0.0,0,2024-10-04 00:00:00
RECON007582,HDFC2026628370,2024-10-04,Matched,None,0.0,0.0,0,2024-10-04 00:00:00
RECON007583,HDFC2026789606,2024-10-04,Matched,None,0.0,0.0,0,2024-10-04 00:00:00
RECON007584,HDFC2026417205,2024-10-04,Matched,None,0.0,0.0,0,2024-10-04 00:00:00
RECON007585,HDFC2026287943,2024-10-04,Matched,None,0.0,0.0,0,2024-10-04 00:00:00
RECON007586,HDFC2026529054,2024-10-04,Matched,None,0.0,0.0,0,2024-10-04 00:00:00
RECON007587,HDFC2026124145,2024-10-04,Matched,None,0.0,0.0,0,2024-10-04 00:00:00
RECON007588,HDFC2026218974,2024-10-04,Matched,None,0.0,0.0,0,2024-10-04 00:00:00
RECON007589,HDFC2026586550,2024-10-04,Matched,None,0.0,0.0,0,2024-10-04 00:00:00
RECON007590,HDFC2026761762,2024-10-04,Matched,None,0.0,0.0,0,2024-10-04 00:00:00
RECON007591,HDFC2026112608,2024-10-04,Matched,None,0.0,0.0,0,2024-10-04 00:00:00
RECON007592,HDFC2026131028,2024-10-04,Matched,None,0.0,0.0,0,2024-10-04 00:00:00
RECON007593,HDFC2026673261,2024-10-04,Unmatched,Amount Mismatch,-3879.0,-3.1559677813033926,2,2024-10-06
RECON007594,HDFC2026503283,2024-10-04,Matched,None,0.0,0.0,0,2024-10-04 00:00:00
RECON007595,HDFC2026227011,2024-10-04,Matched,None,0.0,0.0,0,2024-10-04 00:00:00
RECON007596,HDFC2026888954,2024-10-05,Matched,None,0.0,0.0,0,2024-10-05 00:00:00
RECON007597,HDFC2026662761,2024-10-05,Matched,None,0.0,0.0,0,2024-10-05 00:00:00
RECON007598,HDFC2026198717,2024-10-05,Matched,None,0.0,0.0,0,2024-10-05 00:00:00
RECON007599,HDFC2026603235,2024-10-05,Matched,None,0.0,0.0,0,2024-10-05 00:00:00
RECON007600,HDFC2026780261,2024-10-05,Matched,None,0.0,0.0,0,2024-10-05 00:00:00
RECON007601,HDFC2026999044,2024-10-05,Matched,None,0.0,0.0,0,2024-10-05 00:00:00
RECON007602,HDFC2026556592,2024-10-05,Matched,None,0.0,0.0,0,2024-10-05 00:00:00
RECON007603,HDFC2026603231,2024-10-05,Matched,None,0.0,0.0,0,2024-10-05 00:00:00
RECON007604,HDFC2026942836,2024-10-05,Matched,None,0.0,0.0,0,2024-10-05 00:00:00
RECON007605,HDFC2026315386,2024-10-05,Matched,None,0.0,0.0,0,2024-10-05 00:00:00
RECON007606,HDFC2026107849,2024-10-05,Matched,None,0.0,0.0,0,2024-10-05 00:00:00
RECON007607,HDFC2026105729,2024-10-05,Matched,None,0.0,0.0,0,2024-10-05 00:00:00
RECON007608,HDFC2026852914,2024-10-05,Matched,None,0.0,0.0,0,2024-10-05 00:00:00
RECON007609,HDFC2026805321,2024-10-05,Matched,None,0.0,0.0,0,2024-10-05 00:00:00
RECON007610,HDFC2026586080,2024-10-05,Matched,None,0.0,0.0,0,2024-10-05 00:00:00
RECON007611,HDFC2026910795,2024-10-05,Matched,None,0.0,0.0,0,2024-10-05 00:00:00
RECON007612,HDFC2026874905,2024-10-05,Matched,None,0.0,0.0,0,2024-10-05 00:00:00
RECON007613,HDFC2026500707,2024-10-05,Unmatched,Missing Settlement,352286.0,100.0,9,2024-10-14
RECON007614,HDFC2026107241,2024-10-05,Matched,None,0.0,0.0,0,2024-10-05 00:00:00
RECON007615,HDFC2026568014,2024-10-05,Matched,None,0.0,0.0,0,2024-10-05 00:00:00
RECON007616,HDFC2026131167,2024-10-05,Matched,None,0.0,0.0,0,2024-10-05 00:00:00
RECON007617,HDFC2026366643,2024-10-05,Matched,None,0.0,0.0,0,2024-10-05 00:00:00
RECON007618,HDFC2026193283,2024-10-05,Matched,None,0.0,0.0,0,2024-10-05 00:00:00
RECON007619,HDFC2026684777,2024-10-05,Matched,None,0.0,0.0,0,2024-10-05 00:00:00
RECON007620,HDFC2026557171,2024-10-05,Matched,None,0.0,0.0,0,2024-10-05 00:00:00
RECON007621,HDFC2026272926,2024-10-05,Matched,None,0.0,0.0,0,2024-10-05 00:00:00
RECON007622,HDFC2026544195,2024-10-05,Matched,None,0.0,0.0,0,2024-10-05 00:00:00
RECON007623,HDFC2026686054,2024-10-05,Matched,None,0.0,0.0,0,2024-10-05 00:00:00
RECON007624,HDFC2026602985,2024-10-05,Matched,None,0.0,0.0,0,2024-10-05 00:00:00
RECON007625,HDFC2026757966,2024-10-05,Matched,None,0.0,0.0,0,2024-10-05 00:00:00
RECON007626,HDFC2026124888,2024-10-05,Matched,None,0.0,0.0,0,2024-10-05 00:00:00
RECON007627,HDFC2026127577,2024-10-05,Unmatched,Missing Settlement,184253.0,100.0,7,2024-10-12
RECON007628,HDFC2026531986,2024-10-05,Matched,None,0.0,0.0,0,2024-10-05 00:00:00
RECON007629,HDFC2026593887,2024-10-05,Matched,None,0.0,0.0,0,2024-10-05 00:00:00
RECON007630,HDFC2026197004,2024-10-05,Matched,None,0.0,0.0,0,2024-10-05 00:00:00
RECON007631,HDFC2026620477,2024-10-05,Matched,None,0.0,0.0,0,2024-10-05 00:00:00
RECON007632,HDFC2026191157,2024-10-06,Matched,None,0.0,0.0,0,2024-10-06 00:00:00
RECON007633,HDFC2026707725,2024-10-06,Matched,None,0.0,0.0,0,2024-10-06 00:00:00
RECON007634,HDFC2026313701,2024-10-06,Matched,None,0.0,0.0,0,2024-10-06 00:00:00
RECON007635,HDFC2026865593,2024-10-06,Unmatched,Amount Mismatch,-4809.0,-2.799136219972876,3,2024-10-09
RECON007636,HDFC2026448127,2024-10-06,Matched,None,0.0,0.0,0,2024-10-06 00:00:00
RECON007637,HDFC2026526286,2024-10-06,Matched,None,0.0,0.0,0,2024-10-06 00:00:00
RECON007638,HDFC2026135635,2024-10-06,Matched,None,0.0,0.0,0,2024-10-06 00:00:00
RECON007639,HDFC2026260592,2024-10-06,Unmatched,FX Rate Discrepancy,0.0,1.08,5,2024-10-11
RECON007640,HDFC2026481965,2024-10-06,Matched,None,0.0,0.0,0,2024-10-06 00:00:00
RECON007641,HDFC2026800318,2024-10-06,Matched,None,0.0,0.0,0,2024-10-06 00:00:00
RECON007642,HDFC2026256562,2024-10-06,Duplicate,Duplicate Transaction,0.0,0.0,15,2024-10-21
RECON007643,HDFC2026179708,2024-10-06,Matched,None,0.0,0.0,0,2024-10-06 00:00:00
RECON007644,HDFC2026659264,2024-10-06,Unmatched,Missing Settlement,93509.0,100.0,4,2024-10-10
RECON007645,HDFC2026440786,2024-10-06,Matched,None,0.0,0.0,0,2024-10-06 00:00:00
RECON007646,HDFC2026304019,2024-10-06,Unmatched,FX Rate Discrepancy,0.0,0.48,14,2024-10-20
RECON007647,HDFC2026792640,2024-10-06,Matched,None,0.0,0.0,0,2024-10-06 00:00:00
RECON007648,HDFC2026935474,2024-10-06,Matched,None,0.0,0.0,0,2024-10-06 00:00:00
RECON007649,HDFC2026824359,2024-10-06,Matched,None,0.0,0.0,0,2024-10-06 00:00:00
RECON007650,HDFC2026666582,2024-10-06,Matched,None,0.0,0.0,0,2024-10-06 00:00:00
RECON007651,HDFC2026868415,2024-10-06,Matched,None,0.0,0.0,0,2024-10-06 00:00:00
RECON007652,HDFC2026629457,2024-10-06,Matched,None,0.0,0.0,0,2024-10-06 00:00:00
RECON007653,HDFC2026395634,2024-10-06,Matched,None,0.0,0.0,0,2024-10-06 00:00:00
RECON007654,HDFC2026664365,2024-10-06,Matched,None,0.0,0.0,0,2024-10-06 00:00:00
RECON007655,HDFC2026121801,2024-10-06,Matched,None,0.0,0.0,0,2024-10-06 00:00:00
RECON007656,HDFC2026319130,2024-10-06,Duplicate,Duplicate Transaction,0.0,0.0,13,2024-10-19
RECON007657,HDFC2026431863,2024-10-06,Matched,None,0.0,0.0,0,2024-10-06 00:00:00
RECON007658,HDFC2026856084,2024-10-07,Matched,None,0.0,0.0,0,2024-10-07 00:00:00
RECON007659,HDFC2026571748,2024-10-07,Matched,None,0.0,0.0,0,2024-10-07 00:00:00
RECON007660,HDFC2026893520,2024-10-07,Matched,None,0.0,0.0,0,2024-10-07 00:00:00
RECON007661,HDFC2026939135,2024-10-07,Matched,None,0.0,0.0,0,2024-10-07 00:00:00
RECON007662,HDFC2026996081,2024-10-07,Unmatched,Missing Settlement,458153.0,100.0,9,2024-10-16
RECON007663,HDFC2026970914,2024-10-07,Matched,None,0.0,0.0,0,2024-10-07 00:00:00
RECON007664,HDFC2026830585,2024-10-07,Matched,None,0.0,0.0,0,2024-10-07 00:00:00
RECON007665,HDFC2026930392,2024-10-07,Unmatched,Amount Mismatch,-2999.0,-5.998,11,2024-10-18
RECON007666,HDFC2026786727,2024-10-07,Matched,None,0.0,0.0,0,2024-10-07 00:00:00
RECON007667,HDFC2026356600,2024-10-07,Matched,None,0.0,0.0,0,2024-10-07 00:00:00
RECON007668,HDFC2026511540,2024-10-07,Matched,None,0.0,0.0,0,2024-10-07 00:00:00
RECON007669,HDFC2026276277,2024-10-07,Matched,None,0.0,0.0,0,2024-10-07 00:00:00
RECON007670,HDFC2026747829,2024-10-07,Duplicate,Duplicate Transaction,0.0,0.0,10,2024-10-17
RECON007671,HDFC2026733911,2024-10-07,Matched,None,0.0,0.0,0,2024-10-07 00:00:00
RECON007672,HDFC2026334454,2024-10-07,Matched,None,0.0,0.0,0,2024-10-07 00:00:00
RECON007673,HDFC2026585884,2024-10-07,Matched,None,0.0,0.0,0,2024-10-07 00:00:00
RECON007674,HDFC2026436035,2024-10-07,Matched,None,0.0,0.0,0,2024-10-07 00:00:00
RECON007675,HDFC2026417051,2024-10-07,Matched,None,0.0,0.0,0,2024-10-07 00:00:00
RECON007676,HDFC2026922202,2024-10-07,Matched,None,0.0,0.0,0,2024-10-07 00:00:00
RECON007677,HDFC2026122613,2024-10-07,Matched,None,0.0,0.0,0,2024-10-07 00:00:00
RECON007678,HDFC2026381938,2024-10-07,Matched,None,0.0,0.0,0,2024-10-07 00:00:00
RECON007679,HDFC2026296243,2024-10-07,Unmatched,Missing Settlement,121536.0,100.0,6,2024-10-13
RECON007680,HDFC2026454161,2024-10-07,Matched,None,0.0,0.0,0,2024-10-07 00:00:00
RECON007681,HDFC2026283430,2024-10-07,Matched,None,0.0,0.0,0,2024-10-07 00:00:00
RECON007682,HDFC2026655395,2024-10-07,Matched,None,0.0,0.0,0,2024-10-07 00:00:00
RECON007683,HDFC2026589015,2024-10-08,Matched,None,0.0,0.0,0,2024-10-08 00:00:00
RECON007684,HDFC2026700201,2024-10-08,Matched,None,0.0,0.0,0,2024-10-08 00:00:00
RECON007685,HDFC2026535172,2024-10-08,Matched,None,0.0,0.0,0,2024-10-08 00:00:00
RECON007686,HDFC2026497073,2024-10-08,Matched,None,0.0,0.0,0,2024-10-08 00:00:00
RECON007687,HDFC2026113108,2024-10-08,Matched,None,0.0,0.0,0,2024-10-08 00:00:00
RECON007688,HDFC2026992744,2024-10-08,Unmatched,Amount Mismatch,2727.0,0.6743673632903786,14,2024-10-22
RECON007689,HDFC2026684098,2024-10-08,Unmatched,Amount Mismatch,-4783.0,-7.797903386210607,4,2024-10-12
RECON007690,HDFC2026971936,2024-10-08,Matched,None,0.0,0.0,0,2024-10-08 00:00:00
RECON007691,HDFC2026786403,2024-10-08,Matched,None,0.0,0.0,0,2024-10-08 00:00:00
RECON007692,HDFC2026418266,2024-10-08,Matched,None,0.0,0.0,0,2024-10-08 00:00:00
RECON007693,HDFC2026216280,2024-10-08,Matched,None,0.0,0.0,0,2024-10-08 00:00:00
RECON007694,HDFC2026913225,2024-10-08,Matched,None,0.0,0.0,0,2024-10-08 00:00:00
RECON007695,HDFC2026366893,2024-10-08,Matched,None,0.0,0.0,0,2024-10-08 00:00:00
RECON007696,HDFC2026560613,2024-10-08,Matched,None,0.0,0.0,0,2024-10-08 00:00:00
RECON007697,HDFC2026835550,2024-10-08,Matched,None,0.0,0.0,0,2024-10-08 00:00:00
RECON007698,HDFC2026343208,2024-10-08,Unmatched,Amount Mismatch,-941.0,-1.255570677554506,11,2024-10-19
RECON007699,HDFC2026114582,2024-10-08,Matched,None,0.0,0.0,0,2024-10-08 00:00:00
RECON007700,HDFC2026721418,2024-10-08,Matched,None,0.0,0.0,0,2024-10-08 00:00:00
RECON007701,HDFC2026212389,2024-10-08,Matched,None,0.0,0.0,0,2024-10-08 00:00:00
RECON007702,HDFC2026228873,2024-10-08,Matched,None,0.0,0.0,0,2024-10-08 00:00:00
RECON007703,HDFC2026393187,2024-10-08,Matched,None,0.0,0.0,0,2024-10-08 00:00:00
RECON007704,HDFC2026442148,2024-10-08,Matched,None,0.0,0.0,0,2024-10-08 00:00:00
RECON007705,HDFC2026644932,2024-10-08,Matched,None,0.0,0.0,0,2024-10-08 00:00:00
RECON007706,HDFC2026559305,2024-10-08,Matched,None,0.0,0.0,0,2024-10-08 00:00:00
RECON007707,HDFC2026975825,2024-10-09,Matched,None,0.0,0.0,0,2024-10-09 00:00:00
RECON007708,HDFC2026316087,2024-10-09,Matched,None,0.0,0.0,0,2024-10-09 00:00:00
RECON007709,HDFC2026457555,2024-10-09,Matched,None,0.0,0.0,0,2024-10-09 00:00:00
RECON007710,HDFC2026439683,2024-10-09,Matched,None,0.0,0.0,0,2024-10-09 00:00:00
RECON007711,HDFC2026906730,2024-10-09,Matched,None,0.0,0.0,0,2024-10-09 00:00:00
RECON007712,HDFC2026709149,2024-10-09,Matched,None,0.0,0.0,0,2024-10-09 00:00:00
RECON007713,HDFC2026101611,2024-10-09,Matched,None,0.0,0.0,0,2024-10-09 00:00:00
RECON007714,HDFC2026365271,2024-10-09,Matched,None,0.0,0.0,0,2024-10-09 00:00:00
RECON007715,HDFC2026138436,2024-10-09,Matched,None,0.0,0.0,0,2024-10-09 00:00:00
RECON007716,HDFC2026953250,2024-10-09,Matched,None,0.0,0.0,0,2024-10-09 00:00:00
RECON007717,HDFC2026129008,2024-10-09,Matched,None,0.0,0.0,0,2024-10-09 00:00:00
RECON007718,HDFC2026157474,2024-10-09,Matched,None,0.0,0.0,0,2024-10-09 00:00:00
RECON007719,HDFC2026622502,2024-10-09,Matched,None,0.0,0.0,0,2024-10-09 00:00:00
RECON007720,HDFC2026918107,2024-10-09,Unmatched,Amount Mismatch,2817.0,1.831909165398572,9,2024-10-18
RECON007721,HDFC2026773337,2024-10-09,Matched,None,0.0,0.0,0,2024-10-09 00:00:00
RECON007722,HDFC2026260086,2024-10-09,Matched,None,0.0,0.0,0,2024-10-09 00:00:00
RECON007723,HDFC2026286641,2024-10-09,Matched,None,0.0,0.0,0,2024-10-09 00:00:00
RECON007724,HDFC2026579401,2024-10-09,Matched,None,0.0,0.0,0,2024-10-09 00:00:00
RECON007725,HDFC2026866244,2024-10-09,Matched,None,0.0,0.0,0,2024-10-09 00:00:00
RECON007726,HDFC2026381233,2024-10-09,Matched,None,0.0,0.0,0,2024-10-09 00:00:00
RECON007727,HDFC2026962706,2024-10-09,Matched,None,0.0,0.0,0,2024-10-09 00:00:00
RECON007728,HDFC2026515230,2024-10-09,Matched,None,0.0,0.0,0,2024-10-09 00:00:00
RECON007729,HDFC2026468205,2024-10-09,Matched,None,0.0,0.0,0,2024-10-09 00:00:00
RECON007730,HDFC2026273833,2024-10-09,Matched,None,0.0,0.0,0,2024-10-09 00:00:00
RECON007731,HDFC2026269296,2024-10-09,Unmatched,Missing Settlement,309285.0,100.0,10,2024-10-19
RECON007732,HDFC2026304818,2024-10-10,Matched,None,0.0,0.0,0,2024-10-10 00:00:00
RECON007733,HDFC2026737801,2024-10-10,Matched,None,0.0,0.0,0,2024-10-10 00:00:00
RECON007734,HDFC2026306575,2024-10-10,Matched,None,0.0,0.0,0,2024-10-10 00:00:00
RECON007735,HDFC2026157174,2024-10-10,Duplicate,Duplicate Transaction,0.0,0.0,14,2024-10-24
RECON007736,HDFC2026978012,2024-10-10,Matched,None,0.0,0.0,0,2024-10-10 00:00:00
RECON007737,HDFC2026279106,2024-10-10,Matched,None,0.0,0.0,0,2024-10-10 00:00:00
RECON007738,HDFC2026792142,2024-10-10,Matched,None,0.0,0.0,0,2024-10-10 00:00:00
RECON007739,HDFC2026520525,2024-10-10,Matched,None,0.0,0.0,0,2024-10-10 00:00:00
RECON007740,HDFC2026850061,2024-10-10,Matched,None,0.0,0.0,0,2024-10-10 00:00:00
RECON007741,HDFC2026517296,2024-10-10,Matched,None,0.0,0.0,0,2024-10-10 00:00:00
RECON007742,HDFC2026994960,2024-10-10,Matched,None,0.0,0.0,0,2024-10-10 00:00:00
RECON007743,HDFC2026419751,2024-10-10,Matched,None,0.0,0.0,0,2024-10-10 00:00:00
RECON007744,HDFC2026878480,2024-10-10,Duplicate,Duplicate Transaction,0.0,0.0,3,2024-10-13
RECON007745,HDFC2026800305,2024-10-10,Matched,None,0.0,0.0,0,2024-10-10 00:00:00
RECON007746,HDFC2026192144,2024-10-10,Unmatched,Amount Mismatch,1464.0,0.29563991704311615,12,2024-10-22
RECON007747,HDFC2026179721,2024-10-10,Matched,None,0.0,0.0,0,2024-10-10 00:00:00
RECON007748,HDFC2026471106,2024-10-10,Matched,None,0.0,0.0,0,2024-10-10 00:00:00
RECON007749,HDFC2026408492,2024-10-10,Matched,None,0.0,0.0,0,2024-10-10 00:00:00
RECON007750,HDFC2026365978,2024-10-10,Matched,None,0.0,0.0,0,2024-10-10 00:00:00
RECON007751,HDFC2026721908,2024-10-11,Matched,None,0.0,0.0,0,2024-10-11 00:00:00
RECON007752,HDFC2026786341,2024-10-11,Matched,None,0.0,0.0,0,2024-10-11 00:00:00
RECON007753,HDFC2026625180,2024-10-11,Matched,None,0.0,0.0,0,2024-10-11 00:00:00
RECON007754,HDFC2026988029,2024-10-11,Matched,None,0.0,0.0,0,2024-10-11 00:00:00
RECON007755,HDFC2026620473,2024-10-11,Duplicate,Duplicate Transaction,0.0,0.0,9,2024-10-20
RECON007756,HDFC2026230532,2024-10-11,Matched,None,0.0,0.0,0,2024-10-11 00:00:00
RECON007757,HDFC2026379693,2024-10-11,Matched,None,0.0,0.0,0,2024-10-11 00:00:00
RECON007758,HDFC2026256543,2024-10-11,Unmatched,FX Rate Discrepancy,0.0,0.47,5,2024-10-16
RECON007759,HDFC2026732277,2024-10-11,Matched,None,0.0,0.0,0,2024-10-11 00:00:00
RECON007760,HDFC2026102429,2024-10-11,Matched,None,0.0,0.0,0,2024-10-11 00:00:00
RECON007761,HDFC2026347023,2024-10-11,Matched,None,0.0,0.0,0,2024-10-11 00:00:00
RECON007762,HDFC2026436821,2024-10-11,Matched,None,0.0,0.0,0,2024-10-11 00:00:00
RECON007763,HDFC2026651732,2024-10-11,Matched,None,0.0,0.0,0,2024-10-11 00:00:00
RECON007764,HDFC2026914842,2024-10-11,Matched,None,0.0,0.0,0,2024-10-11 00:00:00
RECON007765,HDFC2026308723,2024-10-11,Matched,None,0.0,0.0,0,2024-10-11 00:00:00
RECON007766,HDFC2026680412,2024-10-11,Matched,None,0.0,0.0,0,2024-10-11 00:00:00
RECON007767,HDFC2026561010,2024-10-11,Matched,None,0.0,0.0,0,2024-10-11 00:00:00
RECON007768,HDFC2026781327,2024-10-11,Matched,None,0.0,0.0,0,2024-10-11 00:00:00
RECON007769,HDFC2026467121,2024-10-11,Matched,None,0.0,0.0,0,2024-10-11 00:00:00
RECON007770,HDFC2026613146,2024-10-11,Matched,None,0.0,0.0,0,2024-10-11 00:00:00
RECON007771,HDFC2026191565,2024-10-11,Unmatched,FX Rate Discrepancy,0.0,0.92,13,2024-10-24
RECON007772,HDFC2026691314,2024-10-11,Matched,None,0.0,0.0,0,2024-10-11 00:00:00
RECON007773,HDFC2026145676,2024-10-11,Unmatched,Amount Mismatch,2124.0,0.5203408183363792,11,2024-10-22
RECON007774,HDFC2026361788,2024-10-11,Matched,None,0.0,0.0,0,2024-10-11 00:00:00
RECON007775,HDFC2026984091,2024-10-11,Unmatched,FX Rate Discrepancy,0.0,0.29,13,2024-10-24
RECON007776,HDFC2026667979,2024-10-12,Matched,None,0.0,0.0,0,2024-10-12 00:00:00
RECON007777,HDFC2026299647,2024-10-12,Matched,None,0.0,0.0,0,2024-10-12 00:00:00
RECON007778,HDFC2026883460,2024-10-12,Matched,None,0.0,0.0,0,2024-10-12 00:00:00
RECON007779,HDFC2026805078,2024-10-12,Matched,None,0.0,0.0,0,2024-10-12 00:00:00
RECON007780,HDFC2026685549,2024-10-12,Matched,None,0.0,0.0,0,2024-10-12 00:00:00
RECON007781,HDFC2026347021,2024-10-12,Matched,None,0.0,0.0,0,2024-10-12 00:00:00
RECON007782,HDFC2026678923,2024-10-12,Matched,None,0.0,0.0,0,2024-10-12 00:00:00
RECON007783,HDFC2026923674,2024-10-12,Matched,None,0.0,0.0,0,2024-10-12 00:00:00
RECON007784,HDFC2026986827,2024-10-12,Matched,None,0.0,0.0,0,2024-10-12 00:00:00
RECON007785,HDFC2026688121,2024-10-12,Matched,None,0.0,0.0,0,2024-10-12 00:00:00
RECON007786,HDFC2026302073,2024-10-12,Matched,None,0.0,0.0,0,2024-10-12 00:00:00
RECON007787,HDFC2026571829,2024-10-12,Matched,None,0.0,0.0,0,2024-10-12 00:00:00
RECON007788,HDFC2026921660,2024-10-12,Unmatched,Amount Mismatch,2682.0,1.923587253544866,1,2024-10-13
RECON007789,HDFC2026353022,2024-10-12,Matched,None,0.0,0.0,0,2024-10-12 00:00:00
RECON007790,HDFC2026662343,2024-10-12,Duplicate,Duplicate Transaction,0.0,0.0,13,2024-10-25
RECON007791,HDFC2026540288,2024-10-12,Unmatched,Missing Settlement,251716.0,100.0,11,2024-10-23
RECON007792,HDFC2026183859,2024-10-12,Matched,None,0.0,0.0,0,2024-10-12 00:00:00
RECON007793,HDFC2026970896,2024-10-12,Unmatched,FX Rate Discrepancy,0.0,0.88,13,2024-10-25
RECON007794,HDFC2026107004,2024-10-12,Matched,None,0.0,0.0,0,2024-10-12 00:00:00
RECON007795,HDFC2026480002,2024-10-12,Matched,None,0.0,0.0,0,2024-10-12 00:00:00
RECON007796,HDFC2026598764,2024-10-12,Matched,None,0.0,0.0,0,2024-10-12 00:00:00
RECON007797,HDFC2026689044,2024-10-12,Duplicate,Duplicate Transaction,0.0,0.0,1,2024-10-13
RECON007798,HDFC2026724916,2024-10-12,Matched,None,0.0,0.0,0,2024-10-12 00:00:00
RECON007799,HDFC2026137572,2024-10-12,Matched,None,0.0,0.0,0,2024-10-12 00:00:00
RECON007800,HDFC2026841345,2024-10-12,Matched,None,0.0,0.0,0,2024-10-12 00:00:00
RECON007801,HDFC2026228705,2024-10-12,Matched,None,0.0,0.0,0,2024-10-12 00:00:00
RECON007802,HDFC2026698087,2024-10-12,Matched,None,0.0,0.0,0,2024-10-12 00:00:00
RECON007803,HDFC2026196865,2024-10-12,Matched,None,0.0,0.0,0,2024-10-12 00:00:00
RECON007804,HDFC2026597600,2024-10-13,Duplicate,Duplicate Transaction,0.0,0.0,4,2024-10-17
RECON007805,HDFC2026685176,2024-10-13,Matched,None,0.0,0.0,0,2024-10-13 00:00:00
RECON007806,HDFC2026462918,2024-10-13,Matched,None,0.0,0.0,0,2024-10-13 00:00:00
RECON007807,HDFC2026893531,2024-10-13,Matched,None,0.0,0.0,0,2024-10-13 00:00:00
RECON007808,HDFC2026746944,2024-10-13,Matched,None,0.0,0.0,0,2024-10-13 00:00:00
RECON007809,HDFC2026990682,2024-10-13,Matched,None,0.0,0.0,0,2024-10-13 00:00:00
RECON007810,HDFC2026313256,2024-10-13,Matched,None,0.0,0.0,0,2024-10-13 00:00:00
RECON007811,HDFC2026542435,2024-10-13,Matched,None,0.0,0.0,0,2024-10-13 00:00:00
RECON007812,HDFC2026340244,2024-10-13,Matched,None,0.0,0.0,0,2024-10-13 00:00:00
RECON007813,HDFC2026505042,2024-10-13,Matched,None,0.0,0.0,0,2024-10-13 00:00:00
RECON007814,HDFC2026621899,2024-10-13,Matched,None,0.0,0.0,0,2024-10-13 00:00:00
RECON007815,HDFC2026796130,2024-10-13,Matched,None,0.0,0.0,0,2024-10-13 00:00:00
RECON007816,HDFC2026618535,2024-10-13,Matched,None,0.0,0.0,0,2024-10-13 00:00:00
RECON007817,HDFC2026110178,2024-10-13,Matched,None,0.0,0.0,0,2024-10-13 00:00:00
RECON007818,HDFC2026519780,2024-10-13,Matched,None,0.0,0.0,0,2024-10-13 00:00:00
RECON007819,HDFC2026864140,2024-10-13,Matched,None,0.0,0.0,0,2024-10-13 00:00:00
RECON007820,HDFC2026782762,2024-10-13,Matched,None,0.0,0.0,0,2024-10-13 00:00:00
RECON007821,HDFC2026769516,2024-10-13,Matched,None,0.0,0.0,0,2024-10-13 00:00:00
RECON007822,HDFC2026775192,2024-10-13,Matched,None,0.0,0.0,0,2024-10-13 00:00:00
RECON007823,HDFC2026806329,2024-10-13,Matched,None,0.0,0.0,0,2024-10-13 00:00:00
RECON007824,HDFC2026895993,2024-10-13,Matched,None,0.0,0.0,0,2024-10-13 00:00:00
RECON007825,HDFC2026137872,2024-10-14,Matched,None,0.0,0.0,0,2024-10-14 00:00:00
RECON007826,HDFC2026353429,2024-10-14,Matched,None,0.0,0.0,0,2024-10-14 00:00:00
RECON007827,HDFC2026433409,2024-10-14,Matched,None,0.0,0.0,0,2024-10-14 00:00:00
RECON007828,HDFC2026546407,2024-10-14,Matched,None,0.0,0.0,0,2024-10-14 00:00:00
RECON007829,HDFC2026810052,2024-10-14,Matched,None,0.0,0.0,0,2024-10-14 00:00:00
RECON007830,HDFC2026211228,2024-10-14,Matched,None,0.0,0.0,0,2024-10-14 00:00:00
RECON007831,HDFC2026343269,2024-10-14,Matched,None,0.0,0.0,0,2024-10-14 00:00:00
RECON007832,HDFC2026261858,2024-10-14,Matched,None,0.0,0.0,0,2024-10-14 00:00:00
RECON007833,HDFC2026764414,2024-10-14,Matched,None,0.0,0.0,0,2024-10-14 00:00:00
RECON007834,HDFC2026149335,2024-10-14,Matched,None,0.0,0.0,0,2024-10-14 00:00:00
RECON007835,HDFC2026265969,2024-10-14,Matched,None,0.0,0.0,0,2024-10-14 00:00:00
RECON007836,HDFC2026794366,2024-10-14,Unmatched,Amount Mismatch,-3873.0,-1.8818601894007494,10,2024-10-24
RECON007837,HDFC2026231598,2024-10-14,Matched,None,0.0,0.0,0,2024-10-14 00:00:00
RECON007838,HDFC2026399524,2024-10-14,Unmatched,Amount Mismatch,4241.0,3.480308886645823,7,2024-10-21
RECON007839,HDFC2026900117,2024-10-14,Matched,None,0.0,0.0,0,2024-10-14 00:00:00
RECON007840,HDFC2026138397,2024-10-14,Matched,None,0.0,0.0,0,2024-10-14 00:00:00
RECON007841,HDFC2026428733,2024-10-14,Matched,None,0.0,0.0,0,2024-10-14 00:00:00
RECON007842,HDFC2026160423,2024-10-14,Matched,None,0.0,0.0,0,2024-10-14 00:00:00
RECON007843,HDFC2026424536,2024-10-14,Matched,None,0.0,0.0,0,2024-10-14 00:00:00
RECON007844,HDFC2026307186,2024-10-14,Matched,None,0.0,0.0,0,2024-10-14 00:00:00
RECON007845,HDFC2026361874,2024-10-14,Matched,None,0.0,0.0,0,2024-10-14 00:00:00
RECON007846,HDFC2026886024,2024-10-14,Matched,None,0.0,0.0,0,2024-10-14 00:00:00
RECON007847,HDFC2026761254,2024-10-14,Matched,None,0.0,0.0,0,2024-10-14 00:00:00
RECON007848,HDFC2026171368,2024-10-14,Matched,None,0.0,0.0,0,2024-10-14 00:00:00
RECON007849,HDFC2026338023,2024-10-14,Matched,None,0.0,0.0,0,2024-10-14 00:00:00
RECON007850,HDFC2026125193,2024-10-14,Matched,None,0.0,0.0,0,2024-10-14 00:00:00
RECON007851,HDFC2026218487,2024-10-14,Matched,None,0.0,0.0,0,2024-10-14 00:00:00
RECON007852,HDFC2026437160,2024-10-14,Matched,None,0.0,0.0,0,2024-10-14 00:00:00
RECON007853,HDFC2026652953,2024-10-15,Matched,None,0.0,0.0,0,2024-10-15 00:00:00
RECON007854,HDFC2026196278,2024-10-15,Matched,None,0.0,0.0,0,2024-10-15 00:00:00
RECON007855,HDFC2026267677,2024-10-15,Duplicate,Duplicate Transaction,0.0,0.0,10,2024-10-25
RECON007856,HDFC2026521555,2024-10-15,Matched,None,0.0,0.0,0,2024-10-15 00:00:00
RECON007857,HDFC2026909924,2024-10-15,Matched,None,0.0,0.0,0,2024-10-15 00:00:00
RECON007858,HDFC2026207766,2024-10-15,Unmatched,Amount Mismatch,-3894.0,-0.27328425352132446,4,2024-10-19
RECON007859,HDFC2026530944,2024-10-15,Matched,None,0.0,0.0,0,2024-10-15 00:00:00
RECON007860,HDFC2026798670,2024-10-15,Matched,None,0.0,0.0,0,2024-10-15 00:00:00
RECON007861,HDFC2026523847,2024-10-15,Matched,None,0.0,0.0,0,2024-10-15 00:00:00
RECON007862,HDFC2026669408,2024-10-15,Matched,None,0.0,0.0,0,2024-10-15 00:00:00
RECON007863,HDFC2026201050,2024-10-15,Unmatched,Amount Mismatch,4756.0,1.518222823779532,6,2024-10-21
RECON007864,HDFC2026138975,2024-10-15,Matched,None,0.0,0.0,0,2024-10-15 00:00:00
RECON007865,HDFC2026226863,2024-10-15,Matched,None,0.0,0.0,0,2024-10-15 00:00:00
RECON007866,HDFC2026325333,2024-10-15,Matched,None,0.0,0.0,0,2024-10-15 00:00:00
RECON007867,HDFC2026306588,2024-10-15,Matched,None,0.0,0.0,0,2024-10-15 00:00:00
RECON007868,HDFC2026720644,2024-10-15,Unmatched,FX Rate Discrepancy,0.0,0.42,3,2024-10-18
RECON007869,HDFC2026786444,2024-10-15,Matched,None,0.0,0.0,0,2024-10-15 00:00:00
RECON007870,HDFC2026998676,2024-10-15,Matched,None,0.0,0.0,0,2024-10-15 00:00:00
RECON007871,HDFC2026181896,2024-10-15,Matched,None,0.0,0.0,0,2024-10-15 00:00:00
RECON007872,HDFC2026643851,2024-10-15,Matched,None,0.0,0.0,0,2024-10-15 00:00:00
RECON007873,HDFC2026128887,2024-10-15,Matched,None,0.0,0.0,0,2024-10-15 00:00:00
RECON007874,HDFC2026844040,2024-10-15,Matched,None,0.0,0.0,0,2024-10-15 00:00:00
RECON007875,HDFC2026844535,2024-10-15,Matched,None,0.0,0.0,0,2024-10-15 00:00:00
RECON007876,HDFC2026827495,2024-10-15,Matched,None,0.0,0.0,0,2024-10-15 00:00:00
RECON007877,HDFC2026453734,2024-10-15,Matched,None,0.0,0.0,0,2024-10-15 00:00:00
RECON007878,HDFC2026318755,2024-10-15,Matched,None,0.0,0.0,0,2024-10-15 00:00:00
RECON007879,HDFC2026441513,2024-10-15,Unmatched,Amount Mismatch,-1878.0,-1.3400693582223744,2,2024-10-17
RECON007880,HDFC2026896573,2024-10-15,Matched,None,0.0,0.0,0,2024-10-15 00:00:00
RECON007881,HDFC2026384470,2024-10-16,Matched,None,0.0,0.0,0,2024-10-16 00:00:00
RECON007882,HDFC2026277368,2024-10-16,Matched,None,0.0,0.0,0,2024-10-16 00:00:00
RECON007883,HDFC2026604770,2024-10-16,Matched,None,0.0,0.0,0,2024-10-16 00:00:00
RECON007884,HDFC2026695186,2024-10-16,Matched,None,0.0,0.0,0,2024-10-16 00:00:00
RECON007885,HDFC2026410415,2024-10-16,Matched,None,0.0,0.0,0,2024-10-16 00:00:00
RECON007886,HDFC2026702365,2024-10-16,Matched,None,0.0,0.0,0,2024-10-16 00:00:00
RECON007887,HDFC2026492513,2024-10-16,Matched,None,0.0,0.0,0,2024-10-16 00:00:00
RECON007888,HDFC2026438981,2024-10-16,Matched,None,0.0,0.0,0,2024-10-16 00:00:00
RECON007889,HDFC2026813039,2024-10-16,Matched,None,0.0,0.0,0,2024-10-16 00:00:00
RECON007890,HDFC2026476221,2024-10-16,Matched,None,0.0,0.0,0,2024-10-16 00:00:00
RECON007891,HDFC2026678815,2024-10-16,Matched,None,0.0,0.0,0,2024-10-16 00:00:00
RECON007892,HDFC2026763555,2024-10-16,Matched,None,0.0,0.0,0,2024-10-16 00:00:00
RECON007893,HDFC2026507689,2024-10-16,Duplicate,Duplicate Transaction,0.0,0.0,4,2024-10-20
RECON007894,HDFC2026394114,2024-10-16,Unmatched,Amount Mismatch,-2794.0,-0.9242474363215349,3,2024-10-19
RECON007895,HDFC2026539693,2024-10-16,Matched,None,0.0,0.0,0,2024-10-16 00:00:00
RECON007896,HDFC2026792044,2024-10-16,Matched,None,0.0,0.0,0,2024-10-16 00:00:00
RECON007897,HDFC2026335490,2024-10-16,Matched,None,0.0,0.0,0,2024-10-16 00:00:00
RECON007898,HDFC2026328344,2024-10-16,Matched,None,0.0,0.0,0,2024-10-16 00:00:00
RECON007899,HDFC2026204548,2024-10-16,Matched,None,0.0,0.0,0,2024-10-16 00:00:00
RECON007900,HDFC2026118276,2024-10-16,Matched,None,0.0,0.0,0,2024-10-16 00:00:00
RECON007901,HDFC2026716653,2024-10-16,Matched,None,0.0,0.0,0,2024-10-16 00:00:00
RECON007902,HDFC2026948809,2024-10-16,Matched,None,0.0,0.0,0,2024-10-16 00:00:00
RECON007903,HDFC2026124956,2024-10-16,Matched,None,0.0,0.0,0,2024-10-16 00:00:00
RECON007904,HDFC2026915987,2024-10-16,Matched,None,0.0,0.0,0,2024-10-16 00:00:00
RECON007905,HDFC2026416155,2024-10-16,Duplicate,Duplicate Transaction,0.0,0.0,7,2024-10-23
RECON007906,HDFC2026153004,2024-10-17,Duplicate,Duplicate Transaction,0.0,0.0,14,2024-10-31
RECON007907,HDFC2026635946,2024-10-17,Matched,None,0.0,0.0,0,2024-10-17 00:00:00
RECON007908,HDFC2026506433,2024-10-17,Matched,None,0.0,0.0,0,2024-10-17 00:00:00
RECON007909,HDFC2026582867,2024-10-17,Matched,None,0.0,0.0,0,2024-10-17 00:00:00
RECON007910,HDFC2026831987,2024-10-17,Matched,None,0.0,0.0,0,2024-10-17 00:00:00
RECON007911,HDFC2026657391,2024-10-17,Matched,None,0.0,0.0,0,2024-10-17 00:00:00
RECON007912,HDFC2026992083,2024-10-17,Matched,None,0.0,0.0,0,2024-10-17 00:00:00
RECON007913,HDFC2026844747,2024-10-17,Matched,None,0.0,0.0,0,2024-10-17 00:00:00
RECON007914,HDFC2026580727,2024-10-17,Matched,None,0.0,0.0,0,2024-10-17 00:00:00
RECON007915,HDFC2026817075,2024-10-17,Matched,None,0.0,0.0,0,2024-10-17 00:00:00
RECON007916,HDFC2026166026,2024-10-17,Unmatched,Missing Settlement,78355.0,100.0,2,2024-10-19
RECON007917,HDFC2026635906,2024-10-17,Matched,None,0.0,0.0,0,2024-10-17 00:00:00
RECON007918,HDFC2026107940,2024-10-17,Matched,None,0.0,0.0,0,2024-10-17 00:00:00
RECON007919,HDFC2026758152,2024-10-17,Duplicate,Duplicate Transaction,0.0,0.0,9,2024-10-26
RECON007920,HDFC2026570225,2024-10-17,Matched,None,0.0,0.0,0,2024-10-17 00:00:00
RECON007921,HDFC2026556425,2024-10-17,Duplicate,Duplicate Transaction,0.0,0.0,7,2024-10-24
RECON007922,HDFC2026864147,2024-10-17,Matched,None,0.0,0.0,0,2024-10-17 00:00:00
RECON007923,HDFC2026568328,2024-10-17,Matched,None,0.0,0.0,0,2024-10-17 00:00:00
RECON007924,HDFC2026412310,2024-10-17,Matched,None,0.0,0.0,0,2024-10-17 00:00:00
RECON007925,HDFC2026735022,2024-10-17,Matched,None,0.0,0.0,0,2024-10-17 00:00:00
RECON007926,HDFC2026390648,2024-10-17,Matched,None,0.0,0.0,0,2024-10-17 00:00:00
RECON007927,HDFC2026164723,2024-10-18,Matched,None,0.0,0.0,0,2024-10-18 00:00:00
RECON007928,HDFC2026155826,2024-10-18,Matched,None,0.0,0.0,0,2024-10-18 00:00:00
RECON007929,HDFC2026745414,2024-10-18,Matched,None,0.0,0.0,0,2024-10-18 00:00:00
RECON007930,HDFC2026832453,2024-10-18,Matched,None,0.0,0.0,0,2024-10-18 00:00:00
RECON007931,HDFC2026179029,2024-10-18,Matched,None,0.0,0.0,0,2024-10-18 00:00:00
RECON007932,HDFC2026538698,2024-10-18,Duplicate,Duplicate Transaction,0.0,0.0,3,2024-10-21
RECON007933,HDFC2026165356,2024-10-18,Matched,None,0.0,0.0,0,2024-10-18 00:00:00
RECON007934,HDFC2026931698,2024-10-18,Matched,None,0.0,0.0,0,2024-10-18 00:00:00
RECON007935,HDFC2026327840,2024-10-18,Matched,None,0.0,0.0,0,2024-10-18 00:00:00
RECON007936,HDFC2026623051,2024-10-18,Matched,None,0.0,0.0,0,2024-10-18 00:00:00
RECON007937,HDFC2026404843,2024-10-18,Matched,None,0.0,0.0,0,2024-10-18 00:00:00
RECON007938,HDFC2026275293,2024-10-18,Matched,None,0.0,0.0,0,2024-10-18 00:00:00
RECON007939,HDFC2026395401,2024-10-18,Matched,None,0.0,0.0,0,2024-10-18 00:00:00
RECON007940,HDFC2026495511,2024-10-18,Matched,None,0.0,0.0,0,2024-10-18 00:00:00
RECON007941,HDFC2026743217,2024-10-18,Matched,None,0.0,0.0,0,2024-10-18 00:00:00
RECON007942,HDFC2026370002,2024-10-18,Matched,None,0.0,0.0,0,2024-10-18 00:00:00
RECON007943,HDFC2026825835,2024-10-18,Matched,None,0.0,0.0,0,2024-10-18 00:00:00
RECON007944,HDFC2026941235,2024-10-18,Matched,None,0.0,0.0,0,2024-10-18 00:00:00
RECON007945,HDFC2026908365,2024-10-18,Matched,None,0.0,0.0,0,2024-10-18 00:00:00
RECON007946,HDFC2026292774,2024-10-18,Duplicate,Duplicate Transaction,0.0,0.0,6,2024-10-24
RECON007947,HDFC2026298033,2024-10-18,Matched,None,0.0,0.0,0,2024-10-18 00:00:00
RECON007948,HDFC2026505629,2024-10-18,Matched,None,0.0,0.0,0,2024-10-18 00:00:00
RECON007949,HDFC2026166743,2024-10-18,Matched,None,0.0,0.0,0,2024-10-18 00:00:00
RECON007950,HDFC2026153642,2024-10-18,Matched,None,0.0,0.0,0,2024-10-18 00:00:00
RECON007951,HDFC2026453928,2024-10-19,Matched,None,0.0,0.0,0,2024-10-19 00:00:00
RECON007952,HDFC2026426381,2024-10-19,Matched,None,0.0,0.0,0,2024-10-19 00:00:00
RECON007953,HDFC2026271663,2024-10-19,Matched,None,0.0,0.0,0,2024-10-19 00:00:00
RECON007954,HDFC2026949153,2024-10-19,Matched,None,0.0,0.0,0,2024-10-19 00:00:00
RECON007955,HDFC2026699969,2024-10-19,Unmatched,Amount Mismatch,4117.0,8.234,9,2024-10-28
RECON007956,HDFC2026975224,2024-10-19,Matched,None,0.0,0.0,0,2024-10-19 00:00:00
RECON007957,HDFC2026845755,2024-10-19,Matched,None,0.0,0.0,0,2024-10-19 00:00:00
RECON007958,HDFC2026606536,2024-10-19,Matched,None,0.0,0.0,0,2024-10-19 00:00:00
RECON007959,HDFC2026654840,2024-10-19,Matched,None,0.0,0.0,0,2024-10-19 00:00:00
RECON007960,HDFC2026995169,2024-10-19,Matched,None,0.0,0.0,0,2024-10-19 00:00:00
RECON007961,HDFC2026328301,2024-10-19,Matched,None,0.0,0.0,0,2024-10-19 00:00:00
RECON007962,HDFC2026176287,2024-10-19,Matched,None,0.0,0.0,0,2024-10-19 00:00:00
RECON007963,HDFC2026539875,2024-10-19,Matched,None,0.0,0.0,0,2024-10-19 00:00:00
RECON007964,HDFC2026112281,2024-10-19,Unmatched,Amount Mismatch,-4512.0,-2.7177448500180703,8,2024-10-27
RECON007965,HDFC2026697167,2024-10-19,Matched,None,0.0,0.0,0,2024-10-19 00:00:00
RECON007966,HDFC2026581906,2024-10-19,Matched,None,0.0,0.0,0,2024-10-19 00:00:00
RECON007967,HDFC2026254949,2024-10-19,Matched,None,0.0,0.0,0,2024-10-19 00:00:00
RECON007968,HDFC2026399509,2024-10-19,Matched,None,0.0,0.0,0,2024-10-19 00:00:00
RECON007969,HDFC2026798412,2024-10-19,Matched,None,0.0,0.0,0,2024-10-19 00:00:00
RECON007970,HDFC2026507759,2024-10-19,Matched,None,0.0,0.0,0,2024-10-19 00:00:00
RECON007971,HDFC2026421228,2024-10-19,Matched,None,0.0,0.0,0,2024-10-19 00:00:00
RECON007972,HDFC2026496086,2024-10-19,Unmatched,Amount Mismatch,1957.0,1.011317244586843,2,2024-10-21
RECON007973,HDFC2026342045,2024-10-19,Duplicate,Duplicate Transaction,0.0,0.0,2,2024-10-21
RECON007974,HDFC2026397852,2024-10-19,Matched,None,0.0,0.0,0,2024-10-19 00:00:00
RECON007975,HDFC2026985330,2024-10-19,Matched,None,0.0,0.0,0,2024-10-19 00:00:00
RECON007976,HDFC2026575074,2024-10-19,Matched,None,0.0,0.0,0,2024-10-19 00:00:00
RECON007977,HDFC2026241680,2024-10-19,Matched,None,0.0,0.0,0,2024-10-19 00:00:00
RECON007978,HDFC2026277932,2024-10-19,Unmatched,Missing Settlement,277805.0,100.0,14,2024-11-02
RECON007979,HDFC2026795167,2024-10-19,Matched,None,0.0,0.0,0,2024-10-19 00:00:00
RECON007980,HDFC2026125683,2024-10-19,Matched,None,0.0,0.0,0,2024-10-19 00:00:00
RECON007981,HDFC2026541559,2024-10-19,Matched,None,0.0,0.0,0,2024-10-19 00:00:00
RECON007982,HDFC2026297093,2024-10-20,Matched,None,0.0,0.0,0,2024-10-20 00:00:00
RECON007983,HDFC2026192987,2024-10-20,Matched,None,0.0,0.0,0,2024-10-20 00:00:00
RECON007984,HDFC2026765168,2024-10-20,Matched,None,0.0,0.0,0,2024-10-20 00:00:00
RECON007985,HDFC2026544423,2024-10-20,Unmatched,FX Rate Discrepancy,0.0,-1.71,1,2024-10-21
RECON007986,HDFC2026799263,2024-10-20,Matched,None,0.0,0.0,0,2024-10-20 00:00:00
RECON007987,HDFC2026505786,2024-10-20,Matched,None,0.0,0.0,0,2024-10-20 00:00:00
RECON007988,HDFC2026877580,2024-10-20,Matched,None,0.0,0.0,0,2024-10-20 00:00:00
RECON007989,HDFC2026302698,2024-10-20,Matched,None,0.0,0.0,0,2024-10-20 00:00:00
RECON007990,HDFC2026520764,2024-10-20,Unmatched,Amount Mismatch,-693.0,-0.26369963356024945,8,2024-10-28
RECON007991,HDFC2026144315,2024-10-20,Matched,None,0.0,0.0,0,2024-10-20 00:00:00
RECON007992,HDFC2026994258,2024-10-20,Matched,None,0.0,0.0,0,2024-10-20 00:00:00
RECON007993,HDFC2026802059,2024-10-20,Matched,None,0.0,0.0,0,2024-10-20 00:00:00
RECON007994,HDFC2026183859,2024-10-20,Matched,None,0.0,0.0,0,2024-10-20 00:00:00
RECON007995,HDFC2026196896,2024-10-20,Unmatched,FX Rate Discrepancy,0.0,0.1,1,2024-10-21
RECON007996,HDFC2026836532,2024-10-20,Matched,None,0.0,0.0,0,2024-10-20 00:00:00
RECON007997,HDFC2026260617,2024-10-20,Matched,None,0.0,0.0,0,2024-10-20 00:00:00
RECON007998,HDFC2026408900,2024-10-20,Matched,None,0.0,0.0,0,2024-10-20 00:00:00
RECON007999,HDFC2026939192,2024-10-20,Matched,None,0.0,0.0,0,2024-10-20 00:00:00
RECON008000,HDFC2026212529,2024-10-20,Matched,None,0.0,0.0,0,2024-10-20 00:00:00
RECON008001,HDFC2026754364,2024-10-20,Matched,None,0.0,0.0,0,2024-10-20 00:00:00
RECON008002,HDFC2026658442,2024-10-20,Duplicate,Duplicate Transaction,0.0,0.0,5,2024-10-25
RECON008003,HDFC2026495713,2024-10-20,Matched,None,0.0,0.0,0,2024-10-20 00:00:00
RECON008004,HDFC2026762885,2024-10-20,Unmatched,Amount Mismatch,-4173.0,-5.1687619991329665,9,2024-10-29
RECON008005,HDFC2026998362,2024-10-20,Matched,None,0.0,0.0,0,2024-10-20 00:00:00
RECON008006,HDFC2026514418,2024-10-20,Duplicate,Duplicate Transaction,0.0,0.0,2,2024-10-22
RECON008007,HDFC2026279956,2024-10-20,Matched,None,0.0,0.0,0,2024-10-20 00:00:00
RECON008008,HDFC2026870327,2024-10-20,Matched,None,0.0,0.0,0,2024-10-20 00:00:00
RECON008009,HDFC2026403387,2024-10-20,Matched,None,0.0,0.0,0,2024-10-20 00:00:00
RECON008010,HDFC2026222909,2024-10-20,Matched,None,0.0,0.0,0,2024-10-20 00:00:00
RECON008011,HDFC2026427110,2024-10-21,Matched,None,0.0,0.0,0,2024-10-21 00:00:00
RECON008012,HDFC2026556475,2024-10-21,Matched,None,0.0,0.0,0,2024-10-21 00:00:00
RECON008013,HDFC2026569636,2024-10-21,Matched,None,0.0,0.0,0,2024-10-21 00:00:00
RECON008014,HDFC2026607633,2024-10-21,Duplicate,Duplicate Transaction,0.0,0.0,8,2024-10-29
RECON008015,HDFC2026961760,2024-10-21,Matched,None,0.0,0.0,0,2024-10-21 00:00:00
RECON008016,HDFC2026808942,2024-10-21,Matched,None,0.0,0.0,0,2024-10-21 00:00:00
RECON008017,HDFC2026446198,2024-10-21,Matched,None,0.0,0.0,0,2024-10-21 00:00:00
RECON008018,HDFC2026650912,2024-10-21,Matched,None,0.0,0.0,0,2024-10-21 00:00:00
RECON008019,HDFC2026165442,2024-10-21,Matched,None,0.0,0.0,0,2024-10-21 00:00:00
RECON008020,HDFC2026212686,2024-10-21,Matched,None,0.0,0.0,0,2024-10-21 00:00:00
RECON008021,HDFC2026575999,2024-10-21,Matched,None,0.0,0.0,0,2024-10-21 00:00:00
RECON008022,HDFC2026445130,2024-10-21,Matched,None,0.0,0.0,0,2024-10-21 00:00:00
RECON008023,HDFC2026998348,2024-10-21,Matched,None,0.0,0.0,0,2024-10-21 00:00:00
RECON008024,HDFC2026548524,2024-10-21,Matched,None,0.0,0.0,0,2024-10-21 00:00:00
RECON008025,HDFC2026953459,2024-10-21,Matched,None,0.0,0.0,0,2024-10-21 00:00:00
RECON008026,HDFC2026656031,2024-10-21,Matched,None,0.0,0.0,0,2024-10-21 00:00:00
RECON008027,HDFC2026713698,2024-10-21,Matched,None,0.0,0.0,0,2024-10-21 00:00:00
RECON008028,HDFC2026193968,2024-10-21,Matched,None,0.0,0.0,0,2024-10-21 00:00:00
RECON008029,HDFC2026954716,2024-10-21,Duplicate,Duplicate Transaction,0.0,0.0,9,2024-10-30
RECON008030,HDFC2026122657,2024-10-21,Matched,None,0.0,0.0,0,2024-10-21 00:00:00
RECON008031,HDFC2026683181,2024-10-21,Matched,None,0.0,0.0,0,2024-10-21 00:00:00
RECON008032,HDFC2026820817,2024-10-21,Unmatched,Amount Mismatch,1906.0,0.21717357592358588,11,2024-11-01
RECON008033,HDFC2026733801,2024-10-21,Unmatched,FX Rate Discrepancy,0.0,-1.16,1,2024-10-22
RECON008034,HDFC2026234398,2024-10-22,Matched,None,0.0,0.0,0,2024-10-22 00:00:00
RECON008035,HDFC2026262730,2024-10-22,Unmatched,Missing Settlement,225932.0,100.0,5,2024-10-27
RECON008036,HDFC2026906633,2024-10-22,Matched,None,0.0,0.0,0,2024-10-22 00:00:00
RECON008037,HDFC2026596436,2024-10-22,Matched,None,0.0,0.0,0,2024-10-22 00:00:00
RECON008038,HDFC2026937431,2024-10-22,Unmatched,FX Rate Discrepancy,0.0,0.72,1,2024-10-23
RECON008039,HDFC2026594875,2024-10-22,Matched,None,0.0,0.0,0,2024-10-22 00:00:00
RECON008040,HDFC2026309730,2024-10-22,Matched,None,0.0,0.0,0,2024-10-22 00:00:00
RECON008041,HDFC2026332327,2024-10-22,Matched,None,0.0,0.0,0,2024-10-22 00:00:00
RECON008042,HDFC2026611664,2024-10-22,Matched,None,0.0,0.0,0,2024-10-22 00:00:00
RECON008043,HDFC2026421779,2024-10-22,Matched,None,0.0,0.0,0,2024-10-22 00:00:00
RECON008044,HDFC2026652542,2024-10-22,Matched,None,0.0,0.0,0,2024-10-22 00:00:00
RECON008045,HDFC2026697053,2024-10-22,Matched,None,0.0,0.0,0,2024-10-22 00:00:00
RECON008046,HDFC2026524679,2024-10-22,Matched,None,0.0,0.0,0,2024-10-22 00:00:00
RECON008047,HDFC2026966913,2024-10-22,Matched,None,0.0,0.0,0,2024-10-22 00:00:00
RECON008048,HDFC2026329713,2024-10-22,Matched,None,0.0,0.0,0,2024-10-22 00:00:00
RECON008049,HDFC2026628127,2024-10-22,Matched,None,0.0,0.0,0,2024-10-22 00:00:00
RECON008050,HDFC2026321099,2024-10-22,Duplicate,Duplicate Transaction,0.0,0.0,6,2024-10-28
RECON008051,HDFC2026909155,2024-10-22,Matched,None,0.0,0.0,0,2024-10-22 00:00:00
RECON008052,HDFC2026289278,2024-10-22,Matched,None,0.0,0.0,0,2024-10-22 00:00:00
RECON008053,HDFC2026890275,2024-10-22,Unmatched,Amount Mismatch,2380.0,4.760000000000001,3,2024-10-25
RECON008054,HDFC2026973076,2024-10-22,Matched,None,0.0,0.0,0,2024-10-22 00:00:00
RECON008055,HDFC2026940257,2024-10-22,Matched,None,0.0,0.0,0,2024-10-22 00:00:00
RECON008056,HDFC2026105151,2024-10-22,Matched,None,0.0,0.0,0,2024-10-22 00:00:00
RECON008057,HDFC2026318379,2024-10-22,Matched,None,0.0,0.0,0,2024-10-22 00:00:00
RECON008058,HDFC2026849631,2024-10-22,Matched,None,0.0,0.0,0,2024-10-22 00:00:00
RECON008059,HDFC2026391783,2024-10-23,Matched,None,0.0,0.0,0,2024-10-23 00:00:00
RECON008060,HDFC2026890356,2024-10-23,Matched,None,0.0,0.0,0,2024-10-23 00:00:00
RECON008061,HDFC2026869661,2024-10-23,Matched,None,0.0,0.0,0,2024-10-23 00:00:00
RECON008062,HDFC2026968639,2024-10-23,Unmatched,FX Rate Discrepancy,0.0,-1.32,5,2024-10-28
RECON008063,HDFC2026747592,2024-10-23,Matched,None,0.0,0.0,0,2024-10-23 00:00:00
RECON008064,HDFC2026879068,2024-10-23,Unmatched,Amount Mismatch,-2015.0,-2.3182236539346524,15,2024-11-07
RECON008065,HDFC2026127047,2024-10-23,Unmatched,Missing Settlement,308297.0,100.0,4,2024-10-27
RECON008066,HDFC2026161324,2024-10-23,Matched,None,0.0,0.0,0,2024-10-23 00:00:00
RECON008067,HDFC2026708303,2024-10-23,Matched,None,0.0,0.0,0,2024-10-23 00:00:00
RECON008068,HDFC2026163051,2024-10-23,Matched,None,0.0,0.0,0,2024-10-23 00:00:00
RECON008069,HDFC2026629991,2024-10-23,Matched,None,0.0,0.0,0,2024-10-23 00:00:00
RECON008070,HDFC2026406429,2024-10-23,Matched,None,0.0,0.0,0,2024-10-23 00:00:00
RECON008071,HDFC2026852570,2024-10-23,Matched,None,0.0,0.0,0,2024-10-23 00:00:00
RECON008072,HDFC2026919085,2024-10-23,Matched,None,0.0,0.0,0,2024-10-23 00:00:00
RECON008073,HDFC2026321398,2024-10-23,Matched,None,0.0,0.0,0,2024-10-23 00:00:00
RECON008074,HDFC2026873866,2024-10-23,Matched,None,0.0,0.0,0,2024-10-23 00:00:00
RECON008075,HDFC2026508285,2024-10-23,Matched,None,0.0,0.0,0,2024-10-23 00:00:00
RECON008076,HDFC2026613046,2024-10-23,Matched,None,0.0,0.0,0,2024-10-23 00:00:00
RECON008077,HDFC2026215007,2024-10-23,Unmatched,Amount Mismatch,2816.0,0.53832198766218,1,2024-10-24
RECON008078,HDFC2026254019,2024-10-23,Unmatched,Amount Mismatch,4877.0,2.624992599210941,10,2024-11-02
RECON008079,HDFC2026352140,2024-10-23,Matched,None,0.0,0.0,0,2024-10-23 00:00:00
RECON008080,HDFC2026577456,2024-10-23,Matched,None,0.0,0.0,0,2024-10-23 00:00:00
RECON008081,HDFC2026769708,2024-10-23,Matched,None,0.0,0.0,0,2024-10-23 00:00:00
RECON008082,HDFC2026550484,2024-10-23,Matched,None,0.0,0.0,0,2024-10-23 00:00:00
RECON008083,HDFC2026627716,2024-10-23,Matched,None,0.0,0.0,0,2024-10-23 00:00:00
RECON008084,HDFC2026772905,2024-10-23,Matched,None,0.0,0.0,0,2024-10-23 00:00:00
RECON008085,HDFC2026659862,2024-10-23,Matched,None,0.0,0.0,0,2024-10-23 00:00:00
RECON008086,HDFC2026243134,2024-10-23,Matched,None,0.0,0.0,0,2024-10-23 00:00:00
RECON008087,HDFC2026943453,2024-10-23,Matched,None,0.0,0.0,0,2024-10-23 00:00:00
RECON008088,HDFC2026957345,2024-10-23,Matched,None,0.0,0.0,0,2024-10-23 00:00:00
RECON008089,HDFC2026693768,2024-10-23,Duplicate,Duplicate Transaction,0.0,0.0,11,2024-11-03
RECON008090,HDFC2026355479,2024-10-24,Matched,None,0.0,0.0,0,2024-10-24 00:00:00
RECON008091,HDFC2026252655,2024-10-24,Matched,None,0.0,0.0,0,2024-10-24 00:00:00
RECON008092,HDFC2026443187,2024-10-24,Matched,None,0.0,0.0,0,2024-10-24 00:00:00
RECON008093,HDFC2026843160,2024-10-24,Matched,None,0.0,0.0,0,2024-10-24 00:00:00
RECON008094,HDFC2026881923,2024-10-24,Matched,None,0.0,0.0,0,2024-10-24 00:00:00
RECON008095,HDFC2026390064,2024-10-24,Matched,None,0.0,0.0,0,2024-10-24 00:00:00
RECON008096,HDFC2026980847,2024-10-24,Matched,None,0.0,0.0,0,2024-10-24 00:00:00
RECON008097,HDFC2026532650,2024-10-24,Matched,None,0.0,0.0,0,2024-10-24 00:00:00
RECON008098,HDFC2026568323,2024-10-24,Matched,None,0.0,0.0,0,2024-10-24 00:00:00
RECON008099,HDFC2026705286,2024-10-24,Matched,None,0.0,0.0,0,2024-10-24 00:00:00
RECON008100,HDFC2026270757,2024-10-24,Matched,None,0.0,0.0,0,2024-10-24 00:00:00
RECON008101,HDFC2026738274,2024-10-24,Matched,None,0.0,0.0,0,2024-10-24 00:00:00
RECON008102,HDFC2026990236,2024-10-24,Matched,None,0.0,0.0,0,2024-10-24 00:00:00
RECON008103,HDFC2026433554,2024-10-24,Matched,None,0.0,0.0,0,2024-10-24 00:00:00
RECON008104,HDFC2026908977,2024-10-24,Matched,None,0.0,0.0,0,2024-10-24 00:00:00
RECON008105,HDFC2026832214,2024-10-24,Unmatched,Amount Mismatch,-3072.0,-1.343408900083963,6,2024-10-30
RECON008106,HDFC2026111554,2024-10-24,Matched,None,0.0,0.0,0,2024-10-24 00:00:00
RECON008107,HDFC2026563849,2024-10-24,Matched,None,0.0,0.0,0,2024-10-24 00:00:00
RECON008108,HDFC2026387508,2024-10-24,Matched,None,0.0,0.0,0,2024-10-24 00:00:00
RECON008109,HDFC2026541876,2024-10-24,Matched,None,0.0,0.0,0,2024-10-24 00:00:00
RECON008110,HDFC2026942565,2024-10-24,Matched,None,0.0,0.0,0,2024-10-24 00:00:00
RECON008111,HDFC2026478222,2024-10-24,Unmatched,Amount Mismatch,2865.0,2.9904805644858254,13,2024-11-06
RECON008112,HDFC2026950424,2024-10-24,Matched,None,0.0,0.0,0,2024-10-24 00:00:00
RECON008113,HDFC2026887074,2024-10-24,Matched,None,0.0,0.0,0,2024-10-24 00:00:00
RECON008114,HDFC2026788031,2024-10-24,Matched,None,0.0,0.0,0,2024-10-24 00:00:00
RECON008115,HDFC2026856755,2024-10-24,Duplicate,Duplicate Transaction,0.0,0.0,6,2024-10-30
RECON008116,HDFC2026796212,2024-10-24,Matched,None,0.0,0.0,0,2024-10-24 00:00:00
RECON008117,HDFC2026173260,2024-10-24,Matched,None,0.0,0.0,0,2024-10-24 00:00:00
RECON008118,HDFC2026613693,2024-10-24,Matched,None,0.0,0.0,0,2024-10-24 00:00:00
RECON008119,HDFC2026754619,2024-10-24,Matched,None,0.0,0.0,0,2024-10-24 00:00:00
RECON008120,HDFC2026533394,2024-10-25,Matched,None,0.0,0.0,0,2024-10-25 00:00:00
RECON008121,HDFC2026208077,2024-10-25,Matched,None,0.0,0.0,0,2024-10-25 00:00:00
RECON008122,HDFC2026484280,2024-10-25,Matched,None,0.0,0.0,0,2024-10-25 00:00:00
RECON008123,HDFC2026189540,2024-10-25,Matched,None,0.0,0.0,0,2024-10-25 00:00:00
RECON008124,HDFC2026233860,2024-10-25,Matched,None,0.0,0.0,0,2024-10-25 00:00:00
RECON008125,HDFC2026190196,2024-10-25,Unmatched,Amount Mismatch,-1734.0,-0.6129612674936106,6,2024-10-31
RECON008126,HDFC2026477157,2024-10-25,Matched,None,0.0,0.0,0,2024-10-25 00:00:00
RECON008127,HDFC2026883667,2024-10-25,Matched,None,0.0,0.0,0,2024-10-25 00:00:00
RECON008128,HDFC2026231662,2024-10-25,Matched,None,0.0,0.0,0,2024-10-25 00:00:00
RECON008129,HDFC2026962945,2024-10-25,Matched,None,0.0,0.0,0,2024-10-25 00:00:00
RECON008130,HDFC2026494900,2024-10-25,Matched,None,0.0,0.0,0,2024-10-25 00:00:00
RECON008131,HDFC2026222805,2024-10-25,Matched,None,0.0,0.0,0,2024-10-25 00:00:00
RECON008132,HDFC2026426304,2024-10-25,Matched,None,0.0,0.0,0,2024-10-25 00:00:00
RECON008133,HDFC2026266850,2024-10-25,Duplicate,Duplicate Transaction,0.0,0.0,7,2024-11-01
RECON008134,HDFC2026325595,2024-10-25,Matched,None,0.0,0.0,0,2024-10-25 00:00:00
RECON008135,HDFC2026416382,2024-10-25,Matched,None,0.0,0.0,0,2024-10-25 00:00:00
RECON008136,HDFC2026388050,2024-10-25,Matched,None,0.0,0.0,0,2024-10-25 00:00:00
RECON008137,HDFC2026812972,2024-10-25,Matched,None,0.0,0.0,0,2024-10-25 00:00:00
RECON008138,HDFC2026670112,2024-10-25,Matched,None,0.0,0.0,0,2024-10-25 00:00:00
RECON008139,HDFC2026487593,2024-10-25,Duplicate,Duplicate Transaction,0.0,0.0,10,2024-11-04
RECON008140,HDFC2026329159,2024-10-25,Matched,None,0.0,0.0,0,2024-10-25 00:00:00
RECON008141,HDFC2026537983,2024-10-25,Matched,None,0.0,0.0,0,2024-10-25 00:00:00
RECON008142,HDFC2026478110,2024-10-25,Matched,None,0.0,0.0,0,2024-10-25 00:00:00
RECON008143,HDFC2026282729,2024-10-25,Duplicate,Duplicate Transaction,0.0,0.0,9,2024-11-03
RECON008144,HDFC2026329637,2024-10-25,Matched,None,0.0,0.0,0,2024-10-25 00:00:00
RECON008145,HDFC2026531722,2024-10-25,Matched,None,0.0,0.0,0,2024-10-25 00:00:00
RECON008146,HDFC2026755297,2024-10-25,Matched,None,0.0,0.0,0,2024-10-25 00:00:00
RECON008147,HDFC2026881390,2024-10-25,Matched,None,0.0,0.0,0,2024-10-25 00:00:00
RECON008148,HDFC2026182810,2024-10-25,Matched,None,0.0,0.0,0,2024-10-25 00:00:00
RECON008149,HDFC2026367805,2024-10-25,Matched,None,0.0,0.0,0,2024-10-25 00:00:00
RECON008150,HDFC2026910471,2024-10-25,Matched,None,0.0,0.0,0,2024-10-25 00:00:00
RECON008151,HDFC2026341781,2024-10-25,Matched,None,0.0,0.0,0,2024-10-25 00:00:00
RECON008152,HDFC2026721814,2024-10-26,Matched,None,0.0,0.0,0,2024-10-26 00:00:00
RECON008153,HDFC2026450332,2024-10-26,Matched,None,0.0,0.0,0,2024-10-26 00:00:00
RECON008154,HDFC2026365503,2024-10-26,Matched,None,0.0,0.0,0,2024-10-26 00:00:00
RECON008155,HDFC2026975126,2024-10-26,Matched,None,0.0,0.0,0,2024-10-26 00:00:00
RECON008156,HDFC2026695183,2024-10-26,Matched,None,0.0,0.0,0,2024-10-26 00:00:00
RECON008157,HDFC2026747288,2024-10-26,Matched,None,0.0,0.0,0,2024-10-26 00:00:00
RECON008158,HDFC2026931677,2024-10-26,Matched,None,0.0,0.0,0,2024-10-26 00:00:00
RECON008159,HDFC2026939230,2024-10-26,Matched,None,0.0,0.0,0,2024-10-26 00:00:00
RECON008160,HDFC2026713703,2024-10-26,Matched,None,0.0,0.0,0,2024-10-26 00:00:00
RECON008161,HDFC2026968982,2024-10-26,Matched,None,0.0,0.0,0,2024-10-26 00:00:00
RECON008162,HDFC2026796749,2024-10-26,Matched,None,0.0,0.0,0,2024-10-26 00:00:00
RECON008163,HDFC2026385080,2024-10-26,Matched,None,0.0,0.0,0,2024-10-26 00:00:00
RECON008164,HDFC2026352201,2024-10-26,Unmatched,Amount Mismatch,-3366.0,-6.732,4,2024-10-30
RECON008165,HDFC2026979562,2024-10-26,Matched,None,0.0,0.0,0,2024-10-26 00:00:00
RECON008166,HDFC2026504398,2024-10-26,Matched,None,0.0,0.0,0,2024-10-26 00:00:00
RECON008167,HDFC2026768546,2024-10-26,Unmatched,Missing Settlement,115051.0,100.0,15,2024-11-10
RECON008168,HDFC2026521385,2024-10-26,Matched,None,0.0,0.0,0,2024-10-26 00:00:00
RECON008169,HDFC2026322395,2024-10-26,Matched,None,0.0,0.0,0,2024-10-26 00:00:00
RECON008170,HDFC2026912733,2024-10-26,Unmatched,Amount Mismatch,-2071.0,-1.7736783056276388,1,2024-10-27
RECON008171,HDFC2026266625,2024-10-26,Duplicate,Duplicate Transaction,0.0,0.0,1,2024-10-27
RECON008172,HDFC2026317264,2024-10-26,Unmatched,FX Rate Discrepancy,0.0,-0.64,3,2024-10-29
RECON008173,HDFC2026450832,2024-10-26,Matched,None,0.0,0.0,0,2024-10-26 00:00:00
RECON008174,HDFC2026562355,2024-10-26,Matched,None,0.0,0.0,0,2024-10-26 00:00:00
RECON008175,HDFC2026127211,2024-10-26,Matched,None,0.0,0.0,0,2024-10-26 00:00:00
RECON008176,HDFC2026883300,2024-10-26,Matched,None,0.0,0.0,0,2024-10-26 00:00:00
RECON008177,HDFC2026138515,2024-10-26,Duplicate,Duplicate Transaction,0.0,0.0,15,2024-11-10
RECON008178,HDFC2026317401,2024-10-26,Matched,None,0.0,0.0,0,2024-10-26 00:00:00
RECON008179,HDFC2026371782,2024-10-26,Matched,None,0.0,0.0,0,2024-10-26 00:00:00
RECON008180,HDFC2026995113,2024-10-26,Unmatched,Missing Settlement,250222.0,100.0,15,2024-11-10
RECON008181,HDFC2026504919,2024-10-26,Matched,None,0.0,0.0,0,2024-10-26 00:00:00
RECON008182,HDFC2026453141,2024-10-26,Duplicate,Duplicate Transaction,0.0,0.0,6,2024-11-01
RECON008183,HDFC2026684124,2024-10-26,Matched,None,0.0,0.0,0,2024-10-26 00:00:00
RECON008184,HDFC2026517211,2024-10-26,Matched,None,0.0,0.0,0,2024-10-26 00:00:00
RECON008185,HDFC2026553038,2024-10-26,Matched,None,0.0,0.0,0,2024-10-26 00:00:00
RECON008186,HDFC2026200426,2024-10-26,Matched,None,0.0,0.0,0,2024-10-26 00:00:00
RECON008187,HDFC2026290305,2024-10-26,Matched,None,0.0,0.0,0,2024-10-26 00:00:00
RECON008188,HDFC2026445281,2024-10-26,Matched,None,0.0,0.0,0,2024-10-26 00:00:00
RECON008189,HDFC2026806850,2024-10-26,Matched,None,0.0,0.0,0,2024-10-26 00:00:00
RECON008190,HDFC2026286681,2024-10-27,Matched,None,0.0,0.0,0,2024-10-27 00:00:00
RECON008191,HDFC2026759726,2024-10-27,Matched,None,0.0,0.0,0,2024-10-27 00:00:00
RECON008192,HDFC2026728627,2024-10-27,Matched,None,0.0,0.0,0,2024-10-27 00:00:00
RECON008193,HDFC2026808331,2024-10-27,Matched,None,0.0,0.0,0,2024-10-27 00:00:00
RECON008194,HDFC2026851260,2024-10-27,Matched,None,0.0,0.0,0,2024-10-27 00:00:00
RECON008195,HDFC2026161601,2024-10-27,Matched,None,0.0,0.0,0,2024-10-27 00:00:00
RECON008196,HDFC2026878498,2024-10-27,Matched,None,0.0,0.0,0,2024-10-27 00:00:00
RECON008197,HDFC2026877607,2024-10-27,Matched,None,0.0,0.0,0,2024-10-27 00:00:00
RECON008198,HDFC2026275479,2024-10-27,Matched,None,0.0,0.0,0,2024-10-27 00:00:00
RECON008199,HDFC2026686991,2024-10-27,Matched,None,0.0,0.0,0,2024-10-27 00:00:00
RECON008200,HDFC2026243184,2024-10-27,Matched,None,0.0,0.0,0,2024-10-27 00:00:00
RECON008201,HDFC2026771816,2024-10-27,Matched,None,0.0,0.0,0,2024-10-27 00:00:00
RECON008202,HDFC2026911035,2024-10-27,Matched,None,0.0,0.0,0,2024-10-27 00:00:00
RECON008203,HDFC2026156768,2024-10-27,Matched,None,0.0,0.0,0,2024-10-27 00:00:00
RECON008204,HDFC2026360236,2024-10-27,Matched,None,0.0,0.0,0,2024-10-27 00:00:00
RECON008205,HDFC2026102045,2024-10-27,Unmatched,Amount Mismatch,-1825.0,-1.6845428196939207,6,2024-11-02
RECON008206,HDFC2026413936,2024-10-27,Matched,None,0.0,0.0,0,2024-10-27 00:00:00
RECON008207,HDFC2026589943,2024-10-27,Matched,None,0.0,0.0,0,2024-10-27 00:00:00
RECON008208,HDFC2026642827,2024-10-27,Matched,None,0.0,0.0,0,2024-10-27 00:00:00
RECON008209,HDFC2026757775,2024-10-27,Matched,None,0.0,0.0,0,2024-10-27 00:00:00
RECON008210,HDFC2026185873,2024-10-27,Matched,None,0.0,0.0,0,2024-10-27 00:00:00
RECON008211,HDFC2026524909,2024-10-27,Matched,None,0.0,0.0,0,2024-10-27 00:00:00
RECON008212,HDFC2026930917,2024-10-27,Matched,None,0.0,0.0,0,2024-10-27 00:00:00
RECON008213,HDFC2026124835,2024-10-27,Matched,None,0.0,0.0,0,2024-10-27 00:00:00
RECON008214,HDFC2026990433,2024-10-27,Matched,None,0.0,0.0,0,2024-10-27 00:00:00
RECON008215,HDFC2026925933,2024-10-27,Matched,None,0.0,0.0,0,2024-10-27 00:00:00
RECON008216,HDFC2026736080,2024-10-27,Unmatched,FX Rate Discrepancy,0.0,-1.09,11,2024-11-07
RECON008217,HDFC2026709896,2024-10-27,Unmatched,Missing Settlement,204621.0,100.0,1,2024-10-28
RECON008218,HDFC2026445426,2024-10-28,Matched,None,0.0,0.0,0,2024-10-28 00:00:00
RECON008219,HDFC2026232039,2024-10-28,Matched,None,0.0,0.0,0,2024-10-28 00:00:00
RECON008220,HDFC2026879020,2024-10-28,Matched,None,0.0,0.0,0,2024-10-28 00:00:00
RECON008221,HDFC2026320073,2024-10-28,Matched,None,0.0,0.0,0,2024-10-28 00:00:00
RECON008222,HDFC2026523259,2024-10-28,Matched,None,0.0,0.0,0,2024-10-28 00:00:00
RECON008223,HDFC2026509063,2024-10-28,Matched,None,0.0,0.0,0,2024-10-28 00:00:00
RECON008224,HDFC2026397091,2024-10-28,Matched,None,0.0,0.0,0,2024-10-28 00:00:00
RECON008225,HDFC2026341551,2024-10-28,Matched,None,0.0,0.0,0,2024-10-28 00:00:00
RECON008226,HDFC2026893202,2024-10-28,Matched,None,0.0,0.0,0,2024-10-28 00:00:00
RECON008227,HDFC2026891787,2024-10-28,Matched,None,0.0,0.0,0,2024-10-28 00:00:00
RECON008228,HDFC2026538478,2024-10-28,Matched,None,0.0,0.0,0,2024-10-28 00:00:00
RECON008229,HDFC2026831111,2024-10-28,Matched,None,0.0,0.0,0,2024-10-28 00:00:00
RECON008230,HDFC2026527415,2024-10-28,Matched,None,0.0,0.0,0,2024-10-28 00:00:00
RECON008231,HDFC2026960498,2024-10-28,Matched,None,0.0,0.0,0,2024-10-28 00:00:00
RECON008232,HDFC2026868488,2024-10-28,Matched,None,0.0,0.0,0,2024-10-28 00:00:00
RECON008233,HDFC2026546318,2024-10-28,Matched,None,0.0,0.0,0,2024-10-28 00:00:00
RECON008234,HDFC2026947073,2024-10-28,Matched,None,0.0,0.0,0,2024-10-28 00:00:00
RECON008235,HDFC2026717476,2024-10-28,Matched,None,0.0,0.0,0,2024-10-28 00:00:00
RECON008236,HDFC2026743530,2024-10-28,Matched,None,0.0,0.0,0,2024-10-28 00:00:00
RECON008237,HDFC2026168535,2024-10-28,Matched,None,0.0,0.0,0,2024-10-28 00:00:00
RECON008238,HDFC2026588325,2024-10-28,Matched,None,0.0,0.0,0,2024-10-28 00:00:00
RECON008239,HDFC2026210122,2024-10-28,Matched,None,0.0,0.0,0,2024-10-28 00:00:00
RECON008240,HDFC2026243233,2024-10-28,Matched,None,0.0,0.0,0,2024-10-28 00:00:00
RECON008241,HDFC2026571831,2024-10-28,Matched,None,0.0,0.0,0,2024-10-28 00:00:00
RECON008242,HDFC2026190194,2024-10-28,Matched,None,0.0,0.0,0,2024-10-28 00:00:00
RECON008243,HDFC2026388840,2024-10-28,Matched,None,0.0,0.0,0,2024-10-28 00:00:00
RECON008244,HDFC2026164891,2024-10-29,Matched,None,0.0,0.0,0,2024-10-29 00:00:00
RECON008245,HDFC2026620183,2024-10-29,Matched,None,0.0,0.0,0,2024-10-29 00:00:00
RECON008246,HDFC2026169327,2024-10-29,Unmatched,Missing Settlement,530605.0,100.0,1,2024-10-30
RECON008247,HDFC2026128372,2024-10-29,Matched,None,0.0,0.0,0,2024-10-29 00:00:00
RECON008248,HDFC2026807097,2024-10-29,Matched,None,0.0,0.0,0,2024-10-29 00:00:00
RECON008249,HDFC2026985560,2024-10-29,Matched,None,0.0,0.0,0,2024-10-29 00:00:00
RECON008250,HDFC2026249250,2024-10-29,Matched,None,0.0,0.0,0,2024-10-29 00:00:00
RECON008251,HDFC2026297833,2024-10-29,Matched,None,0.0,0.0,0,2024-10-29 00:00:00
RECON008252,HDFC2026949722,2024-10-29,Matched,None,0.0,0.0,0,2024-10-29 00:00:00
RECON008253,HDFC2026240300,2024-10-29,Matched,None,0.0,0.0,0,2024-10-29 00:00:00
RECON008254,HDFC2026804242,2024-10-29,Matched,None,0.0,0.0,0,2024-10-29 00:00:00
RECON008255,HDFC2026254871,2024-10-29,Matched,None,0.0,0.0,0,2024-10-29 00:00:00
RECON008256,HDFC2026744333,2024-10-29,Matched,None,0.0,0.0,0,2024-10-29 00:00:00
RECON008257,HDFC2026935194,2024-10-29,Matched,None,0.0,0.0,0,2024-10-29 00:00:00
RECON008258,HDFC2026839490,2024-10-29,Matched,None,0.0,0.0,0,2024-10-29 00:00:00
RECON008259,HDFC2026956288,2024-10-29,Matched,None,0.0,0.0,0,2024-10-29 00:00:00
RECON008260,HDFC2026153777,2024-10-29,Matched,None,0.0,0.0,0,2024-10-29 00:00:00
RECON008261,HDFC2026137625,2024-10-29,Matched,None,0.0,0.0,0,2024-10-29 00:00:00
RECON008262,HDFC2026626690,2024-10-29,Matched,None,0.0,0.0,0,2024-10-29 00:00:00
RECON008263,HDFC2026430489,2024-10-29,Matched,None,0.0,0.0,0,2024-10-29 00:00:00
RECON008264,HDFC2026525964,2024-10-29,Unmatched,Missing Settlement,486870.0,100.0,1,2024-10-30
RECON008265,HDFC2026136915,2024-10-29,Matched,None,0.0,0.0,0,2024-10-29 00:00:00
RECON008266,HDFC2026886072,2024-10-30,Matched,None,0.0,0.0,0,2024-10-30 00:00:00
RECON008267,HDFC2026219876,2024-10-30,Matched,None,0.0,0.0,0,2024-10-30 00:00:00
RECON008268,HDFC2026638169,2024-10-30,Matched,None,0.0,0.0,0,2024-10-30 00:00:00
RECON008269,HDFC2026600025,2024-10-30,Matched,None,0.0,0.0,0,2024-10-30 00:00:00
RECON008270,HDFC2026978083,2024-10-30,Matched,None,0.0,0.0,0,2024-10-30 00:00:00
RECON008271,HDFC2026411128,2024-10-30,Matched,None,0.0,0.0,0,2024-10-30 00:00:00
RECON008272,HDFC2026361109,2024-10-30,Matched,None,0.0,0.0,0,2024-10-30 00:00:00
RECON008273,HDFC2026118473,2024-10-30,Unmatched,Amount Mismatch,11.0,0.022000000000000002,15,2024-11-14
RECON008274,HDFC2026246462,2024-10-30,Matched,None,0.0,0.0,0,2024-10-30 00:00:00
RECON008275,HDFC2026312362,2024-10-30,Matched,None,0.0,0.0,0,2024-10-30 00:00:00
RECON008276,HDFC2026370591,2024-10-30,Matched,None,0.0,0.0,0,2024-10-30 00:00:00
RECON008277,HDFC2026181239,2024-10-30,Matched,None,0.0,0.0,0,2024-10-30 00:00:00
RECON008278,HDFC2026318992,2024-10-30,Matched,None,0.0,0.0,0,2024-10-30 00:00:00
RECON008279,HDFC2026426280,2024-10-30,Matched,None,0.0,0.0,0,2024-10-30 00:00:00
RECON008280,HDFC2026410426,2024-10-30,Matched,None,0.0,0.0,0,2024-10-30 00:00:00
RECON008281,HDFC2026793291,2024-10-30,Matched,None,0.0,0.0,0,2024-10-30 00:00:00
RECON008282,HDFC2026110093,2024-10-30,Matched,None,0.0,0.0,0,2024-10-30 00:00:00
RECON008283,HDFC2026550885,2024-10-30,Matched,None,0.0,0.0,0,2024-10-30 00:00:00
RECON008284,HDFC2026820861,2024-10-30,Matched,None,0.0,0.0,0,2024-10-30 00:00:00
RECON008285,HDFC2026241383,2024-10-30,Duplicate,Duplicate Transaction,0.0,0.0,12,2024-11-11
RECON008286,HDFC2026170648,2024-10-30,Matched,None,0.0,0.0,0,2024-10-30 00:00:00
RECON008287,HDFC2026617843,2024-10-30,Matched,None,0.0,0.0,0,2024-10-30 00:00:00
RECON008288,HDFC2026206768,2024-10-30,Unmatched,Amount Mismatch,-3261.0,-0.8070863218544423,3,2024-11-02
RECON008289,HDFC2026908766,2024-10-30,Unmatched,Amount Mismatch,3144.0,1.6622168177852972,12,2024-11-11
RECON008290,HDFC2026932929,2024-10-30,Matched,None,0.0,0.0,0,2024-10-30 00:00:00
RECON008291,HDFC2026476819,2024-10-30,Matched,None,0.0,0.0,0,2024-10-30 00:00:00
RECON008292,HDFC2026842501,2024-10-30,Matched,None,0.0,0.0,0,2024-10-30 00:00:00
RECON008293,HDFC2026804478,2024-10-30,Matched,None,0.0,0.0,0,2024-10-30 00:00:00
RECON008294,HDFC2026836138,2024-10-31,Matched,None,0.0,0.0,0,2024-10-31 00:00:00
RECON008295,HDFC2026103368,2024-10-31,Unmatched,Amount Mismatch,-2057.0,-4.114,5,2024-11-05
RECON008296,HDFC2026199198,2024-10-31,Matched,None,0.0,0.0,0,2024-10-31 00:00:00
RECON008297,HDFC2026173576,2024-10-31,Matched,None,0.0,0.0,0,2024-10-31 00:00:00
RECON008298,HDFC2026251638,2024-10-31,Matched,None,0.0,0.0,0,2024-10-31 00:00:00
RECON008299,HDFC2026705908,2024-10-31,Matched,None,0.0,0.0,0,2024-10-31 00:00:00
RECON008300,HDFC2026191984,2024-10-31,Matched,None,0.0,0.0,0,2024-10-31 00:00:00
RECON008301,HDFC2026640880,2024-10-31,Unmatched,FX Rate Discrepancy,0.0,1.63,15,2024-11-15
RECON008302,HDFC2026624488,2024-10-31,Matched,None,0.0,0.0,0,2024-10-31 00:00:00
RECON008303,HDFC2026902602,2024-10-31,Matched,None,0.0,0.0,0,2024-10-31 00:00:00
RECON008304,HDFC2026988102,2024-10-31,Matched,None,0.0,0.0,0,2024-10-31 00:00:00
RECON008305,HDFC2026284552,2024-10-31,Unmatched,Amount Mismatch,-3666.0,-1.0346696169520992,15,2024-11-15
RECON008306,HDFC2026172485,2024-10-31,Matched,None,0.0,0.0,0,2024-10-31 00:00:00
RECON008307,HDFC2026705359,2024-10-31,Matched,None,0.0,0.0,0,2024-10-31 00:00:00
RECON008308,HDFC2026436898,2024-10-31,Matched,None,0.0,0.0,0,2024-10-31 00:00:00
RECON008309,HDFC2026567262,2024-10-31,Matched,None,0.0,0.0,0,2024-10-31 00:00:00
RECON008310,HDFC2026664078,2024-10-31,Matched,None,0.0,0.0,0,2024-10-31 00:00:00
RECON008311,HDFC2026748403,2024-10-31,Matched,None,0.0,0.0,0,2024-10-31 00:00:00
RECON008312,HDFC2026463029,2024-10-31,Matched,None,0.0,0.0,0,2024-10-31 00:00:00
RECON008313,HDFC2026216851,2024-10-31,Matched,None,0.0,0.0,0,2024-10-31 00:00:00
RECON008314,HDFC2026915520,2024-10-31,Matched,None,0.0,0.0,0,2024-10-31 00:00:00
RECON008315,HDFC2026241191,2024-10-31,Matched,None,0.0,0.0,0,2024-10-31 00:00:00
RECON008316,HDFC2026571765,2024-10-31,Unmatched,FX Rate Discrepancy,0.0,1.07,10,2024-11-10
RECON008317,HDFC2026451980,2024-10-31,Matched,None,0.0,0.0,0,2024-10-31 00:00:00
RECON008318,HDFC2026235215,2024-10-31,Matched,None,0.0,0.0,0,2024-10-31 00:00:00
RECON008319,HDFC2026744883,2024-10-31,Matched,None,0.0,0.0,0,2024-10-31 00:00:00
RECON008320,HDFC2026707040,2024-10-31,Matched,None,0.0,0.0,0,2024-10-31 00:00:00
RECON008321,HDFC2026608205,2024-11-01,Unmatched,Amount Mismatch,4982.0,0.9710157073777312,7,2024-11-08
RECON008322,HDFC2026809724,2024-11-01,Matched,None,0.0,0.0,0,2024-11-01 00:00:00
RECON008323,HDFC2026338920,2024-11-01,Matched,None,0.0,0.0,0,2024-11-01 00:00:00
RECON008324,HDFC2026164153,2024-11-01,Matched,None,0.0,0.0,0,2024-11-01 00:00:00
RECON008325,HDFC2026557422,2024-11-01,Matched,None,0.0,0.0,0,2024-11-01 00:00:00
RECON008326,HDFC2026934033,2024-11-01,Matched,None,0.0,0.0,0,2024-11-01 00:00:00
RECON008327,HDFC2026464980,2024-11-01,Matched,None,0.0,0.0,0,2024-11-01 00:00:00
RECON008328,HDFC2026127168,2024-11-01,Unmatched,Amount Mismatch,-2208.0,-0.2875014974036323,5,2024-11-06
RECON008329,HDFC2026834767,2024-11-01,Matched,None,0.0,0.0,0,2024-11-01 00:00:00
RECON008330,HDFC2026510372,2024-11-01,Unmatched,Amount Mismatch,-3095.0,-0.8094042575448508,13,2024-11-14
RECON008331,HDFC2026978283,2024-11-01,Matched,None,0.0,0.0,0,2024-11-01 00:00:00
RECON008332,HDFC2026597107,2024-11-01,Matched,None,0.0,0.0,0,2024-11-01 00:00:00
RECON008333,HDFC2026339186,2024-11-01,Duplicate,Duplicate Transaction,0.0,0.0,7,2024-11-08
RECON008334,HDFC2026141673,2024-11-01,Matched,None,0.0,0.0,0,2024-11-01 00:00:00
RECON008335,HDFC2026540888,2024-11-01,Matched,None,0.0,0.0,0,2024-11-01 00:00:00
RECON008336,HDFC2026194775,2024-11-01,Matched,None,0.0,0.0,0,2024-11-01 00:00:00
RECON008337,HDFC2026688072,2024-11-01,Matched,None,0.0,0.0,0,2024-11-01 00:00:00
RECON008338,HDFC2026829928,2024-11-01,Matched,None,0.0,0.0,0,2024-11-01 00:00:00
RECON008339,HDFC2026716062,2024-11-01,Matched,None,0.0,0.0,0,2024-11-01 00:00:00
RECON008340,HDFC2026144627,2024-11-01,Matched,None,0.0,0.0,0,2024-11-01 00:00:00
RECON008341,HDFC2026616919,2024-11-01,Matched,None,0.0,0.0,0,2024-11-01 00:00:00
RECON008342,HDFC2026225025,2024-11-01,Unmatched,Missing Settlement,1734775.0,100.0,14,2024-11-15
RECON008343,HDFC2026876609,2024-11-01,Matched,None,0.0,0.0,0,2024-11-01 00:00:00
RECON008344,HDFC2026499407,2024-11-01,Matched,None,0.0,0.0,0,2024-11-01 00:00:00
RECON008345,HDFC2026575497,2024-11-01,Matched,None,0.0,0.0,0,2024-11-01 00:00:00
RECON008346,HDFC2026490453,2024-11-01,Duplicate,Duplicate Transaction,0.0,0.0,6,2024-11-07
RECON008347,HDFC2026572052,2024-11-01,Matched,None,0.0,0.0,0,2024-11-01 00:00:00
RECON008348,HDFC2026452598,2024-11-02,Matched,None,0.0,0.0,0,2024-11-02 00:00:00
RECON008349,HDFC2026819701,2024-11-02,Matched,None,0.0,0.0,0,2024-11-02 00:00:00
RECON008350,HDFC2026922041,2024-11-02,Matched,None,0.0,0.0,0,2024-11-02 00:00:00
RECON008351,HDFC2026914488,2024-11-02,Unmatched,Amount Mismatch,756.0,0.1493000080969581,4,2024-11-06
RECON008352,HDFC2026559944,2024-11-02,Matched,None,0.0,0.0,0,2024-11-02 00:00:00
RECON008353,HDFC2026899541,2024-11-02,Unmatched,Amount Mismatch,3444.0,2.7122381477398014,7,2024-11-09
RECON008354,HDFC2026236495,2024-11-02,Matched,None,0.0,0.0,0,2024-11-02 00:00:00
RECON008355,HDFC2026199725,2024-11-02,Matched,None,0.0,0.0,0,2024-11-02 00:00:00
RECON008356,HDFC2026968777,2024-11-02,Duplicate,Duplicate Transaction,0.0,0.0,10,2024-11-12
RECON008357,HDFC2026634414,2024-11-02,Matched,None,0.0,0.0,0,2024-11-02 00:00:00
RECON008358,HDFC2026289440,2024-11-02,Matched,None,0.0,0.0,0,2024-11-02 00:00:00
RECON008359,HDFC2026267744,2024-11-02,Matched,None,0.0,0.0,0,2024-11-02 00:00:00
RECON008360,HDFC2026286859,2024-11-02,Duplicate,Duplicate Transaction,0.0,0.0,14,2024-11-16
RECON008361,HDFC2026983020,2024-11-02,Matched,None,0.0,0.0,0,2024-11-02 00:00:00
RECON008362,HDFC2026705526,2024-11-02,Unmatched,Amount Mismatch,4359.0,0.8017908317361282,2,2024-11-04
RECON008363,HDFC2026901569,2024-11-02,Duplicate,Duplicate Transaction,0.0,0.0,1,2024-11-03
RECON008364,HDFC2026887854,2024-11-02,Matched,None,0.0,0.0,0,2024-11-02 00:00:00
RECON008365,HDFC2026172988,2024-11-02,Matched,None,0.0,0.0,0,2024-11-02 00:00:00
RECON008366,HDFC2026609591,2024-11-02,Matched,None,0.0,0.0,0,2024-11-02 00:00:00
RECON008367,HDFC2026908253,2024-11-02,Matched,None,0.0,0.0,0,2024-11-02 00:00:00
RECON008368,HDFC2026564199,2024-11-02,Matched,None,0.0,0.0,0,2024-11-02 00:00:00
RECON008369,HDFC2026154552,2024-11-02,Matched,None,0.0,0.0,0,2024-11-02 00:00:00
RECON008370,HDFC2026743694,2024-11-02,Matched,None,0.0,0.0,0,2024-11-02 00:00:00
RECON008371,HDFC2026376767,2024-11-03,Matched,None,0.0,0.0,0,2024-11-03 00:00:00
RECON008372,HDFC2026739211,2024-11-03,Matched,None,0.0,0.0,0,2024-11-03 00:00:00
RECON008373,HDFC2026294840,2024-11-03,Matched,None,0.0,0.0,0,2024-11-03 00:00:00
RECON008374,HDFC2026538011,2024-11-03,Matched,None,0.0,0.0,0,2024-11-03 00:00:00
RECON008375,HDFC2026703950,2024-11-03,Matched,None,0.0,0.0,0,2024-11-03 00:00:00
RECON008376,HDFC2026452216,2024-11-03,Matched,None,0.0,0.0,0,2024-11-03 00:00:00
RECON008377,HDFC2026451329,2024-11-03,Unmatched,Missing Settlement,338243.0,100.0,6,2024-11-09
RECON008378,HDFC2026365735,2024-11-03,Matched,None,0.0,0.0,0,2024-11-03 00:00:00
RECON008379,HDFC2026190456,2024-11-03,Matched,None,0.0,0.0,0,2024-11-03 00:00:00
RECON008380,HDFC2026267688,2024-11-03,Matched,None,0.0,0.0,0,2024-11-03 00:00:00
RECON008381,HDFC2026743830,2024-11-03,Matched,None,0.0,0.0,0,2024-11-03 00:00:00
RECON008382,HDFC2026705978,2024-11-03,Unmatched,Missing Settlement,1278345.0,100.0,12,2024-11-15
RECON008383,HDFC2026474982,2024-11-03,Matched,None,0.0,0.0,0,2024-11-03 00:00:00
RECON008384,HDFC2026978747,2024-11-03,Matched,None,0.0,0.0,0,2024-11-03 00:00:00
RECON008385,HDFC2026934979,2024-11-03,Matched,None,0.0,0.0,0,2024-11-03 00:00:00
RECON008386,HDFC2026972782,2024-11-03,Unmatched,Missing Settlement,901295.0,100.0,14,2024-11-17
RECON008387,HDFC2026324750,2024-11-03,Unmatched,Amount Mismatch,586.0,0.08627225816899646,3,2024-11-06
RECON008388,HDFC2026342938,2024-11-03,Matched,None,0.0,0.0,0,2024-11-03 00:00:00
RECON008389,HDFC2026494898,2024-11-03,Matched,None,0.0,0.0,0,2024-11-03 00:00:00
RECON008390,HDFC2026498330,2024-11-03,Matched,None,0.0,0.0,0,2024-11-03 00:00:00
RECON008391,HDFC2026517669,2024-11-03,Matched,None,0.0,0.0,0,2024-11-03 00:00:00
RECON008392,HDFC2026738566,2024-11-03,Matched,None,0.0,0.0,0,2024-11-03 00:00:00
RECON008393,HDFC2026923489,2024-11-03,Matched,None,0.0,0.0,0,2024-11-03 00:00:00
RECON008394,HDFC2026896883,2024-11-03,Matched,None,0.0,0.0,0,2024-11-03 00:00:00
RECON008395,HDFC2026159532,2024-11-03,Matched,None,0.0,0.0,0,2024-11-03 00:00:00
RECON008396,HDFC2026879055,2024-11-03,Matched,None,0.0,0.0,0,2024-11-03 00:00:00
RECON008397,HDFC2026873661,2024-11-03,Matched,None,0.0,0.0,0,2024-11-03 00:00:00
RECON008398,HDFC2026438392,2024-11-03,Unmatched,Amount Mismatch,-3994.0,-5.625906779541645,7,2024-11-10
RECON008399,HDFC2026497875,2024-11-03,Matched,None,0.0,0.0,0,2024-11-03 00:00:00
RECON008400,HDFC2026404387,2024-11-03,Matched,None,0.0,0.0,0,2024-11-03 00:00:00
RECON008401,HDFC2026509000,2024-11-04,Matched,None,0.0,0.0,0,2024-11-04 00:00:00
RECON008402,HDFC2026894986,2024-11-04,Unmatched,Missing Settlement,50000.0,100.0,5,2024-11-09
RECON008403,HDFC2026652301,2024-11-04,Matched,None,0.0,0.0,0,2024-11-04 00:00:00
RECON008404,HDFC2026326563,2024-11-04,Duplicate,Duplicate Transaction,0.0,0.0,6,2024-11-10
RECON008405,HDFC2026466297,2024-11-04,Matched,None,0.0,0.0,0,2024-11-04 00:00:00
RECON008406,HDFC2026126773,2024-11-04,Matched,None,0.0,0.0,0,2024-11-04 00:00:00
RECON008407,HDFC2026144146,2024-11-04,Matched,None,0.0,0.0,0,2024-11-04 00:00:00
RECON008408,HDFC2026916418,2024-11-04,Unmatched,Amount Mismatch,895.0,0.15638350477275467,2,2024-11-06
RECON008409,HDFC2026382111,2024-11-04,Matched,None,0.0,0.0,0,2024-11-04 00:00:00
RECON008410,HDFC2026240727,2024-11-04,Matched,None,0.0,0.0,0,2024-11-04 00:00:00
RECON008411,HDFC2026657734,2024-11-04,Matched,None,0.0,0.0,0,2024-11-04 00:00:00
RECON008412,HDFC2026515235,2024-11-04,Matched,None,0.0,0.0,0,2024-11-04 00:00:00
RECON008413,HDFC2026403442,2024-11-04,Matched,None,0.0,0.0,0,2024-11-04 00:00:00
RECON008414,HDFC2026987216,2024-11-04,Matched,None,0.0,0.0,0,2024-11-04 00:00:00
RECON008415,HDFC2026104574,2024-11-04,Matched,None,0.0,0.0,0,2024-11-04 00:00:00
RECON008416,HDFC2026307761,2024-11-04,Duplicate,Duplicate Transaction,0.0,0.0,8,2024-11-12
RECON008417,HDFC2026485021,2024-11-04,Matched,None,0.0,0.0,0,2024-11-04 00:00:00
RECON008418,HDFC2026697043,2024-11-04,Matched,None,0.0,0.0,0,2024-11-04 00:00:00
RECON008419,HDFC2026347305,2024-11-04,Matched,None,0.0,0.0,0,2024-11-04 00:00:00
RECON008420,HDFC2026225264,2024-11-04,Matched,None,0.0,0.0,0,2024-11-04 00:00:00
RECON008421,HDFC2026695262,2024-11-04,Matched,None,0.0,0.0,0,2024-11-04 00:00:00
RECON008422,HDFC2026187908,2024-11-04,Matched,None,0.0,0.0,0,2024-11-04 00:00:00
RECON008423,HDFC2026612333,2024-11-04,Matched,None,0.0,0.0,0,2024-11-04 00:00:00
RECON008424,HDFC2026688098,2024-11-04,Matched,None,0.0,0.0,0,2024-11-04 00:00:00
RECON008425,HDFC2026932518,2024-11-04,Matched,None,0.0,0.0,0,2024-11-04 00:00:00
RECON008426,HDFC2026677112,2024-11-04,Matched,None,0.0,0.0,0,2024-11-04 00:00:00
RECON008427,HDFC2026545192,2024-11-04,Matched,None,0.0,0.0,0,2024-11-04 00:00:00
RECON008428,HDFC2026695926,2024-11-04,Matched,None,0.0,0.0,0,2024-11-04 00:00:00
RECON008429,HDFC2026152889,2024-11-04,Matched,None,0.0,0.0,0,2024-11-04 00:00:00
RECON008430,HDFC2026225933,2024-11-04,Matched,None,0.0,0.0,0,2024-11-04 00:00:00
RECON008431,HDFC2026644349,2024-11-04,Matched,None,0.0,0.0,0,2024-11-04 00:00:00
RECON008432,HDFC2026288622,2024-11-04,Matched,None,0.0,0.0,0,2024-11-04 00:00:00
RECON008433,HDFC2026598190,2024-11-04,Matched,None,0.0,0.0,0,2024-11-04 00:00:00
RECON008434,HDFC2026471831,2024-11-05,Matched,None,0.0,0.0,0,2024-11-05 00:00:00
RECON008435,HDFC2026593069,2024-11-05,Matched,None,0.0,0.0,0,2024-11-05 00:00:00
RECON008436,HDFC2026630961,2024-11-05,Matched,None,0.0,0.0,0,2024-11-05 00:00:00
RECON008437,HDFC2026644609,2024-11-05,Unmatched,Amount Mismatch,-353.0,-0.033764685964507865,5,2024-11-10
RECON008438,HDFC2026869795,2024-11-05,Matched,None,0.0,0.0,0,2024-11-05 00:00:00
RECON008439,HDFC2026103890,2024-11-05,Unmatched,FX Rate Discrepancy,0.0,0.99,4,2024-11-09
RECON008440,HDFC2026625357,2024-11-05,Matched,None,0.0,0.0,0,2024-11-05 00:00:00
RECON008441,HDFC2026331562,2024-11-05,Matched,None,0.0,0.0,0,2024-11-05 00:00:00
RECON008442,HDFC2026681406,2024-11-05,Matched,None,0.0,0.0,0,2024-11-05 00:00:00
RECON008443,HDFC2026942726,2024-11-05,Matched,None,0.0,0.0,0,2024-11-05 00:00:00
RECON008444,HDFC2026244122,2024-11-05,Matched,None,0.0,0.0,0,2024-11-05 00:00:00
RECON008445,HDFC2026398057,2024-11-05,Matched,None,0.0,0.0,0,2024-11-05 00:00:00
RECON008446,HDFC2026607259,2024-11-05,Matched,None,0.0,0.0,0,2024-11-05 00:00:00
RECON008447,HDFC2026699022,2024-11-05,Matched,None,0.0,0.0,0,2024-11-05 00:00:00
RECON008448,HDFC2026670061,2024-11-05,Unmatched,Missing Settlement,312690.0,100.0,12,2024-11-17
RECON008449,HDFC2026634344,2024-11-05,Unmatched,Amount Mismatch,678.0,0.9509383152402592,10,2024-11-15
RECON008450,HDFC2026305813,2024-11-05,Matched,None,0.0,0.0,0,2024-11-05 00:00:00
RECON008451,HDFC2026308777,2024-11-05,Matched,None,0.0,0.0,0,2024-11-05 00:00:00
RECON008452,HDFC2026860425,2024-11-05,Matched,None,0.0,0.0,0,2024-11-05 00:00:00
RECON008453,HDFC2026588780,2024-11-05,Unmatched,Missing Settlement,207167.0,100.0,4,2024-11-09
RECON008454,HDFC2026410267,2024-11-05,Matched,None,0.0,0.0,0,2024-11-05 00:00:00
RECON008455,HDFC2026549708,2024-11-05,Matched,None,0.0,0.0,0,2024-11-05 00:00:00
RECON008456,HDFC2026779831,2024-11-05,Matched,None,0.0,0.0,0,2024-11-05 00:00:00
RECON008457,HDFC2026296631,2024-11-05,Unmatched,Amount Mismatch,-601.0,-0.1506677262710866,13,2024-11-18
RECON008458,HDFC2026374025,2024-11-05,Matched,None,0.0,0.0,0,2024-11-05 00:00:00
RECON008459,HDFC2026633546,2024-11-06,Matched,None,0.0,0.0,0,2024-11-06 00:00:00
RECON008460,HDFC2026332869,2024-11-06,Matched,None,0.0,0.0,0,2024-11-06 00:00:00
RECON008461,HDFC2026535452,2024-11-06,Matched,None,0.0,0.0,0,2024-11-06 00:00:00
RECON008462,HDFC2026884056,2024-11-06,Matched,None,0.0,0.0,0,2024-11-06 00:00:00
RECON008463,HDFC2026792814,2024-11-06,Matched,None,0.0,0.0,0,2024-11-06 00:00:00
RECON008464,HDFC2026131807,2024-11-06,Matched,None,0.0,0.0,0,2024-11-06 00:00:00
RECON008465,HDFC2026630000,2024-11-06,Matched,None,0.0,0.0,0,2024-11-06 00:00:00
RECON008466,HDFC2026584506,2024-11-06,Matched,None,0.0,0.0,0,2024-11-06 00:00:00
RECON008467,HDFC2026972798,2024-11-06,Matched,None,0.0,0.0,0,2024-11-06 00:00:00
RECON008468,HDFC2026528059,2024-11-06,Matched,None,0.0,0.0,0,2024-11-06 00:00:00
RECON008469,HDFC2026702673,2024-11-06,Unmatched,Amount Mismatch,3636.0,0.6287829004254142,7,2024-11-13
RECON008470,HDFC2026735324,2024-11-06,Matched,None,0.0,0.0,0,2024-11-06 00:00:00
RECON008471,HDFC2026282424,2024-11-06,Matched,None,0.0,0.0,0,2024-11-06 00:00:00
RECON008472,HDFC2026461486,2024-11-06,Matched,None,0.0,0.0,0,2024-11-06 00:00:00
RECON008473,HDFC2026241786,2024-11-06,Matched,None,0.0,0.0,0,2024-11-06 00:00:00
RECON008474,HDFC2026173617,2024-11-06,Matched,None,0.0,0.0,0,2024-11-06 00:00:00
RECON008475,HDFC2026647219,2024-11-06,Matched,None,0.0,0.0,0,2024-11-06 00:00:00
RECON008476,HDFC2026589778,2024-11-06,Matched,None,0.0,0.0,0,2024-11-06 00:00:00
RECON008477,HDFC2026459774,2024-11-06,Matched,None,0.0,0.0,0,2024-11-06 00:00:00
RECON008478,HDFC2026226665,2024-11-06,Matched,None,0.0,0.0,0,2024-11-06 00:00:00
RECON008479,HDFC2026826233,2024-11-06,Matched,None,0.0,0.0,0,2024-11-06 00:00:00
RECON008480,HDFC2026849356,2024-11-06,Duplicate,Duplicate Transaction,0.0,0.0,12,2024-11-18
RECON008481,HDFC2026340007,2024-11-06,Unmatched,FX Rate Discrepancy,0.0,0.95,1,2024-11-07
RECON008482,HDFC2026243691,2024-11-06,Matched,None,0.0,0.0,0,2024-11-06 00:00:00
RECON008483,HDFC2026288060,2024-11-06,Matched,None,0.0,0.0,0,2024-11-06 00:00:00
RECON008484,HDFC2026728709,2024-11-06,Matched,None,0.0,0.0,0,2024-11-06 00:00:00
RECON008485,HDFC2026740037,2024-11-06,Matched,None,0.0,0.0,0,2024-11-06 00:00:00
RECON008486,HDFC2026520320,2024-11-06,Matched,None,0.0,0.0,0,2024-11-06 00:00:00
RECON008487,HDFC2026933859,2024-11-06,Matched,None,0.0,0.0,0,2024-11-06 00:00:00
RECON008488,HDFC2026425235,2024-11-06,Matched,None,0.0,0.0,0,2024-11-06 00:00:00
RECON008489,HDFC2026989283,2024-11-06,Matched,None,0.0,0.0,0,2024-11-06 00:00:00
RECON008490,HDFC2026112187,2024-11-06,Matched,None,0.0,0.0,0,2024-11-06 00:00:00
RECON008491,HDFC2026173327,2024-11-07,Unmatched,FX Rate Discrepancy,0.0,0.17,14,2024-11-21
RECON008492,HDFC2026690209,2024-11-07,Unmatched,FX Rate Discrepancy,0.0,-0.71,5,2024-11-12
RECON008493,HDFC2026910137,2024-11-07,Matched,None,0.0,0.0,0,2024-11-07 00:00:00
RECON008494,HDFC2026811748,2024-11-07,Matched,None,0.0,0.0,0,2024-11-07 00:00:00
RECON008495,HDFC2026675462,2024-11-07,Matched,None,0.0,0.0,0,2024-11-07 00:00:00
RECON008496,HDFC2026387949,2024-11-07,Matched,None,0.0,0.0,0,2024-11-07 00:00:00
RECON008497,HDFC2026211392,2024-11-07,Matched,None,0.0,0.0,0,2024-11-07 00:00:00
RECON008498,HDFC2026131873,2024-11-07,Matched,None,0.0,0.0,0,2024-11-07 00:00:00
RECON008499,HDFC2026337873,2024-11-07,Matched,None,0.0,0.0,0,2024-11-07 00:00:00
RECON008500,HDFC2026705816,2024-11-07,Matched,None,0.0,0.0,0,2024-11-07 00:00:00
RECON008501,HDFC2026698192,2024-11-07,Matched,None,0.0,0.0,0,2024-11-07 00:00:00
RECON008502,HDFC2026655286,2024-11-07,Matched,None,0.0,0.0,0,2024-11-07 00:00:00
RECON008503,HDFC2026644644,2024-11-07,Matched,None,0.0,0.0,0,2024-11-07 00:00:00
RECON008504,HDFC2026113655,2024-11-07,Matched,None,0.0,0.0,0,2024-11-07 00:00:00
RECON008505,HDFC2026650541,2024-11-07,Matched,None,0.0,0.0,0,2024-11-07 00:00:00
RECON008506,HDFC2026249715,2024-11-07,Unmatched,Amount Mismatch,1543.0,2.853233232863034,12,2024-11-19
RECON008507,HDFC2026391835,2024-11-07,Matched,None,0.0,0.0,0,2024-11-07 00:00:00
RECON008508,HDFC2026958939,2024-11-07,Matched,None,0.0,0.0,0,2024-11-07 00:00:00
RECON008509,HDFC2026254666,2024-11-07,Matched,None,0.0,0.0,0,2024-11-07 00:00:00
RECON008510,HDFC2026820756,2024-11-07,Unmatched,Amount Mismatch,1421.0,0.67241444579043,2,2024-11-09
RECON008511,HDFC2026618384,2024-11-07,Matched,None,0.0,0.0,0,2024-11-07 00:00:00
RECON008512,HDFC2026512130,2024-11-07,Matched,None,0.0,0.0,0,2024-11-07 00:00:00
RECON008513,HDFC2026137802,2024-11-07,Matched,None,0.0,0.0,0,2024-11-07 00:00:00
RECON008514,HDFC2026466352,2024-11-07,Matched,None,0.0,0.0,0,2024-11-07 00:00:00
RECON008515,HDFC2026217075,2024-11-07,Unmatched,Amount Mismatch,2306.0,1.744986757472569,10,2024-11-17
RECON008516,HDFC2026195641,2024-11-07,Matched,None,0.0,0.0,0,2024-11-07 00:00:00
RECON008517,HDFC2026722652,2024-11-07,Matched,None,0.0,0.0,0,2024-11-07 00:00:00
RECON008518,HDFC2026720209,2024-11-07,Unmatched,FX Rate Discrepancy,0.0,-1.75,10,2024-11-17
RECON008519,HDFC2026768221,2024-11-07,Unmatched,FX Rate Discrepancy,0.0,0.65,7,2024-11-14
RECON008520,HDFC2026485776,2024-11-08,Matched,None,0.0,0.0,0,2024-11-08 00:00:00
RECON008521,HDFC2026700814,2024-11-08,Matched,None,0.0,0.0,0,2024-11-08 00:00:00
RECON008522,HDFC2026772966,2024-11-08,Matched,None,0.0,0.0,0,2024-11-08 00:00:00
RECON008523,HDFC2026751149,2024-11-08,Matched,None,0.0,0.0,0,2024-11-08 00:00:00
RECON008524,HDFC2026261022,2024-11-08,Matched,None,0.0,0.0,0,2024-11-08 00:00:00
RECON008525,HDFC2026950349,2024-11-08,Matched,None,0.0,0.0,0,2024-11-08 00:00:00
RECON008526,HDFC2026298809,2024-11-08,Matched,None,0.0,0.0,0,2024-11-08 00:00:00
RECON008527,HDFC2026847192,2024-11-08,Matched,None,0.0,0.0,0,2024-11-08 00:00:00
RECON008528,HDFC2026572844,2024-11-08,Unmatched,Missing Settlement,231677.0,100.0,2,2024-11-10
RECON008529,HDFC2026512193,2024-11-08,Matched,None,0.0,0.0,0,2024-11-08 00:00:00
RECON008530,HDFC2026139868,2024-11-08,Matched,None,0.0,0.0,0,2024-11-08 00:00:00
RECON008531,HDFC2026155216,2024-11-08,Matched,None,0.0,0.0,0,2024-11-08 00:00:00
RECON008532,HDFC2026297597,2024-11-08,Matched,None,0.0,0.0,0,2024-11-08 00:00:00
RECON008533,HDFC2026664107,2024-11-08,Matched,None,0.0,0.0,0,2024-11-08 00:00:00
RECON008534,HDFC2026781291,2024-11-08,Matched,None,0.0,0.0,0,2024-11-08 00:00:00
RECON008535,HDFC2026251779,2024-11-08,Matched,None,0.0,0.0,0,2024-11-08 00:00:00
RECON008536,HDFC2026362065,2024-11-08,Matched,None,0.0,0.0,0,2024-11-08 00:00:00
RECON008537,HDFC2026821412,2024-11-08,Matched,None,0.0,0.0,0,2024-11-08 00:00:00
RECON008538,HDFC2026716696,2024-11-08,Duplicate,Duplicate Transaction,0.0,0.0,2,2024-11-10
RECON008539,HDFC2026736127,2024-11-08,Matched,None,0.0,0.0,0,2024-11-08 00:00:00
RECON008540,HDFC2026397200,2024-11-08,Matched,None,0.0,0.0,0,2024-11-08 00:00:00
RECON008541,HDFC2026424371,2024-11-08,Matched,None,0.0,0.0,0,2024-11-08 00:00:00
RECON008542,HDFC2026618938,2024-11-08,Matched,None,0.0,0.0,0,2024-11-08 00:00:00
RECON008543,HDFC2026389874,2024-11-08,Matched,None,0.0,0.0,0,2024-11-08 00:00:00
RECON008544,HDFC2026853151,2024-11-08,Matched,None,0.0,0.0,0,2024-11-08 00:00:00
RECON008545,HDFC2026636533,2024-11-08,Matched,None,0.0,0.0,0,2024-11-08 00:00:00
RECON008546,HDFC2026518200,2024-11-09,Unmatched,Amount Mismatch,-3009.0,-1.1785395353209356,13,2024-11-22
RECON008547,HDFC2026519603,2024-11-09,Matched,None,0.0,0.0,0,2024-11-09 00:00:00
RECON008548,HDFC2026320091,2024-11-09,Matched,None,0.0,0.0,0,2024-11-09 00:00:00
RECON008549,HDFC2026525674,2024-11-09,Unmatched,FX Rate Discrepancy,0.0,1.7,4,2024-11-13
RECON008550,HDFC2026461003,2024-11-09,Matched,None,0.0,0.0,0,2024-11-09 00:00:00
RECON008551,HDFC2026562886,2024-11-09,Matched,None,0.0,0.0,0,2024-11-09 00:00:00
RECON008552,HDFC2026498447,2024-11-09,Matched,None,0.0,0.0,0,2024-11-09 00:00:00
RECON008553,HDFC2026131470,2024-11-09,Matched,None,0.0,0.0,0,2024-11-09 00:00:00
RECON008554,HDFC2026449382,2024-11-09,Matched,None,0.0,0.0,0,2024-11-09 00:00:00
RECON008555,HDFC2026382813,2024-11-09,Matched,None,0.0,0.0,0,2024-11-09 00:00:00
RECON008556,HDFC2026499685,2024-11-09,Matched,None,0.0,0.0,0,2024-11-09 00:00:00
RECON008557,HDFC2026510087,2024-11-09,Matched,None,0.0,0.0,0,2024-11-09 00:00:00
RECON008558,HDFC2026399549,2024-11-09,Matched,None,0.0,0.0,0,2024-11-09 00:00:00
RECON008559,HDFC2026590846,2024-11-09,Matched,None,0.0,0.0,0,2024-11-09 00:00:00
RECON008560,HDFC2026905635,2024-11-09,Matched,None,0.0,0.0,0,2024-11-09 00:00:00
RECON008561,HDFC2026424365,2024-11-09,Matched,None,0.0,0.0,0,2024-11-09 00:00:00
RECON008562,HDFC2026277946,2024-11-09,Matched,None,0.0,0.0,0,2024-11-09 00:00:00
RECON008563,HDFC2026557952,2024-11-09,Matched,None,0.0,0.0,0,2024-11-09 00:00:00
RECON008564,HDFC2026176782,2024-11-09,Matched,None,0.0,0.0,0,2024-11-09 00:00:00
RECON008565,HDFC2026318895,2024-11-09,Matched,None,0.0,0.0,0,2024-11-09 00:00:00
RECON008566,HDFC2026174838,2024-11-09,Matched,None,0.0,0.0,0,2024-11-09 00:00:00
RECON008567,HDFC2026351432,2024-11-10,Matched,None,0.0,0.0,0,2024-11-10 00:00:00
RECON008568,HDFC2026419335,2024-11-10,Unmatched,Amount Mismatch,1309.0,0.6023625127121959,11,2024-11-21
RECON008569,HDFC2026227523,2024-11-10,Matched,None,0.0,0.0,0,2024-11-10 00:00:00
RECON008570,HDFC2026327074,2024-11-10,Unmatched,Missing Settlement,127235.0,100.0,11,2024-11-21
RECON008571,HDFC2026263013,2024-11-10,Duplicate,Duplicate Transaction,0.0,0.0,9,2024-11-19
RECON008572,HDFC2026632934,2024-11-10,Matched,None,0.0,0.0,0,2024-11-10 00:00:00
RECON008573,HDFC2026141433,2024-11-10,Matched,None,0.0,0.0,0,2024-11-10 00:00:00
RECON008574,HDFC2026591639,2024-11-10,Unmatched,Amount Mismatch,-3417.0,-2.1701714162321455,15,2024-11-25
RECON008575,HDFC2026110081,2024-11-10,Matched,None,0.0,0.0,0,2024-11-10 00:00:00
RECON008576,HDFC2026459387,2024-11-10,Matched,None,0.0,0.0,0,2024-11-10 00:00:00
RECON008577,HDFC2026328244,2024-11-10,Matched,None,0.0,0.0,0,2024-11-10 00:00:00
RECON008578,HDFC2026531735,2024-11-10,Matched,None,0.0,0.0,0,2024-11-10 00:00:00
RECON008579,HDFC2026770457,2024-11-10,Unmatched,Missing Settlement,220658.0,100.0,11,2024-11-21
RECON008580,HDFC2026152641,2024-11-10,Matched,None,0.0,0.0,0,2024-11-10 00:00:00
RECON008581,HDFC2026690679,2024-11-10,Matched,None,0.0,0.0,0,2024-11-10 00:00:00
RECON008582,HDFC2026603387,2024-11-10,Matched,None,0.0,0.0,0,2024-11-10 00:00:00
RECON008583,HDFC2026554350,2024-11-10,Matched,None,0.0,0.0,0,2024-11-10 00:00:00
RECON008584,HDFC2026946559,2024-11-10,Matched,None,0.0,0.0,0,2024-11-10 00:00:00
RECON008585,HDFC2026678453,2024-11-10,Matched,None,0.0,0.0,0,2024-11-10 00:00:00
RECON008586,HDFC2026142889,2024-11-10,Matched,None,0.0,0.0,0,2024-11-10 00:00:00
RECON008587,HDFC2026884974,2024-11-11,Matched,None,0.0,0.0,0,2024-11-11 00:00:00
RECON008588,HDFC2026908614,2024-11-11,Unmatched,FX Rate Discrepancy,0.0,1.13,4,2024-11-15
RECON008589,HDFC2026991066,2024-11-11,Matched,None,0.0,0.0,0,2024-11-11 00:00:00
RECON008590,HDFC2026871173,2024-11-11,Matched,None,0.0,0.0,0,2024-11-11 00:00:00
RECON008591,HDFC2026528435,2024-11-11,Matched,None,0.0,0.0,0,2024-11-11 00:00:00
RECON008592,HDFC2026617287,2024-11-11,Matched,None,0.0,0.0,0,2024-11-11 00:00:00
RECON008593,HDFC2026127491,2024-11-11,Matched,None,0.0,0.0,0,2024-11-11 00:00:00
RECON008594,HDFC2026644544,2024-11-11,Matched,None,0.0,0.0,0,2024-11-11 00:00:00
RECON008595,HDFC2026607615,2024-11-11,Matched,None,0.0,0.0,0,2024-11-11 00:00:00
RECON008596,HDFC2026570128,2024-11-11,Matched,None,0.0,0.0,0,2024-11-11 00:00:00
RECON008597,HDFC2026570359,2024-11-11,Matched,None,0.0,0.0,0,2024-11-11 00:00:00
RECON008598,HDFC2026575754,2024-11-11,Matched,None,0.0,0.0,0,2024-11-11 00:00:00
RECON008599,HDFC2026979163,2024-11-11,Matched,None,0.0,0.0,0,2024-11-11 00:00:00
RECON008600,HDFC2026963652,2024-11-11,Matched,None,0.0,0.0,0,2024-11-11 00:00:00
RECON008601,HDFC2026348089,2024-11-11,Unmatched,Amount Mismatch,-4157.0,-1.4831120736097385,2,2024-11-13
RECON008602,HDFC2026919965,2024-11-11,Matched,None,0.0,0.0,0,2024-11-11 00:00:00
RECON008603,HDFC2026646449,2024-11-11,Matched,None,0.0,0.0,0,2024-11-11 00:00:00
RECON008604,HDFC2026723121,2024-11-11,Matched,None,0.0,0.0,0,2024-11-11 00:00:00
RECON008605,HDFC2026346193,2024-11-11,Duplicate,Duplicate Transaction,0.0,0.0,13,2024-11-24
RECON008606,HDFC2026586452,2024-11-11,Matched,None,0.0,0.0,0,2024-11-11 00:00:00
RECON008607,HDFC2026523545,2024-11-11,Matched,None,0.0,0.0,0,2024-11-11 00:00:00
RECON008608,HDFC2026421226,2024-11-11,Matched,None,0.0,0.0,0,2024-11-11 00:00:00
RECON008609,HDFC2026250506,2024-11-11,Matched,None,0.0,0.0,0,2024-11-11 00:00:00
RECON008610,HDFC2026167164,2024-11-11,Matched,None,0.0,0.0,0,2024-11-11 00:00:00
RECON008611,HDFC2026197716,2024-11-11,Matched,None,0.0,0.0,0,2024-11-11 00:00:00
RECON008612,HDFC2026250703,2024-11-11,Matched,None,0.0,0.0,0,2024-11-11 00:00:00
RECON008613,HDFC2026468414,2024-11-11,Unmatched,Missing Settlement,147277.0,100.0,10,2024-11-21
RECON008614,HDFC2026718968,2024-11-11,Matched,None,0.0,0.0,0,2024-11-11 00:00:00
RECON008615,HDFC2026339691,2024-11-12,Matched,None,0.0,0.0,0,2024-11-12 00:00:00
RECON008616,HDFC2026830311,2024-11-12,Matched,None,0.0,0.0,0,2024-11-12 00:00:00
RECON008617,HDFC2026162200,2024-11-12,Matched,None,0.0,0.0,0,2024-11-12 00:00:00
RECON008618,HDFC2026234960,2024-11-12,Duplicate,Duplicate Transaction,0.0,0.0,10,2024-11-22
RECON008619,HDFC2026318999,2024-11-12,Matched,None,0.0,0.0,0,2024-11-12 00:00:00
RECON008620,HDFC2026636435,2024-11-12,Matched,None,0.0,0.0,0,2024-11-12 00:00:00
RECON008621,HDFC2026230690,2024-11-12,Matched,None,0.0,0.0,0,2024-11-12 00:00:00
RECON008622,HDFC2026949540,2024-11-12,Matched,None,0.0,0.0,0,2024-11-12 00:00:00
RECON008623,HDFC2026957510,2024-11-12,Matched,None,0.0,0.0,0,2024-11-12 00:00:00
RECON008624,HDFC2026388918,2024-11-12,Matched,None,0.0,0.0,0,2024-11-12 00:00:00
RECON008625,HDFC2026129169,2024-11-12,Matched,None,0.0,0.0,0,2024-11-12 00:00:00
RECON008626,HDFC2026168687,2024-11-12,Matched,None,0.0,0.0,0,2024-11-12 00:00:00
RECON008627,HDFC2026129315,2024-11-12,Matched,None,0.0,0.0,0,2024-11-12 00:00:00
RECON008628,HDFC2026293866,2024-11-12,Matched,None,0.0,0.0,0,2024-11-12 00:00:00
RECON008629,HDFC2026122716,2024-11-12,Matched,None,0.0,0.0,0,2024-11-12 00:00:00
RECON008630,HDFC2026945363,2024-11-12,Matched,None,0.0,0.0,0,2024-11-12 00:00:00
RECON008631,HDFC2026236378,2024-11-12,Matched,None,0.0,0.0,0,2024-11-12 00:00:00
RECON008632,HDFC2026518612,2024-11-12,Matched,None,0.0,0.0,0,2024-11-12 00:00:00
RECON008633,HDFC2026716364,2024-11-12,Matched,None,0.0,0.0,0,2024-11-12 00:00:00
RECON008634,HDFC2026521139,2024-11-12,Matched,None,0.0,0.0,0,2024-11-12 00:00:00
RECON008635,HDFC2026189856,2024-11-12,Unmatched,Amount Mismatch,-2818.0,-0.5220916272658555,10,2024-11-22
RECON008636,HDFC2026511410,2024-11-12,Matched,None,0.0,0.0,0,2024-11-12 00:00:00
RECON008637,HDFC2026596438,2024-11-12,Matched,None,0.0,0.0,0,2024-11-12 00:00:00
RECON008638,HDFC2026901520,2024-11-12,Matched,None,0.0,0.0,0,2024-11-12 00:00:00
RECON008639,HDFC2026743940,2024-11-12,Unmatched,FX Rate Discrepancy,0.0,0.07,3,2024-11-15
RECON008640,HDFC2026275067,2024-11-12,Unmatched,Amount Mismatch,1842.0,0.8807707939847467,6,2024-11-18
RECON008641,HDFC2026875959,2024-11-12,Matched,None,0.0,0.0,0,2024-11-12 00:00:00
RECON008642,HDFC2026278077,2024-11-12,Matched,None,0.0,0.0,0,2024-11-12 00:00:00
RECON008643,HDFC2026585550,2024-11-12,Matched,None,0.0,0.0,0,2024-11-12 00:00:00
RECON008644,HDFC2026468143,2024-11-12,Matched,None,0.0,0.0,0,2024-11-12 00:00:00
RECON008645,HDFC2026756906,2024-11-13,Matched,None,0.0,0.0,0,2024-11-13 00:00:00
RECON008646,HDFC2026285978,2024-11-13,Duplicate,Duplicate Transaction,0.0,0.0,13,2024-11-26
RECON008647,HDFC2026321850,2024-11-13,Matched,None,0.0,0.0,0,2024-11-13 00:00:00
RECON008648,HDFC2026127150,2024-11-13,Matched,None,0.0,0.0,0,2024-11-13 00:00:00
RECON008649,HDFC2026746866,2024-11-13,Matched,None,0.0,0.0,0,2024-11-13 00:00:00
RECON008650,HDFC2026557008,2024-11-13,Matched,None,0.0,0.0,0,2024-11-13 00:00:00
RECON008651,HDFC2026871234,2024-11-13,Matched,None,0.0,0.0,0,2024-11-13 00:00:00
RECON008652,HDFC2026109423,2024-11-13,Matched,None,0.0,0.0,0,2024-11-13 00:00:00
RECON008653,HDFC2026399968,2024-11-13,Matched,None,0.0,0.0,0,2024-11-13 00:00:00
RECON008654,HDFC2026166577,2024-11-13,Matched,None,0.0,0.0,0,2024-11-13 00:00:00
RECON008655,HDFC2026337896,2024-11-13,Matched,None,0.0,0.0,0,2024-11-13 00:00:00
RECON008656,HDFC2026805858,2024-11-13,Matched,None,0.0,0.0,0,2024-11-13 00:00:00
RECON008657,HDFC2026573933,2024-11-13,Unmatched,FX Rate Discrepancy,0.0,0.3,13,2024-11-26
RECON008658,HDFC2026785866,2024-11-13,Matched,None,0.0,0.0,0,2024-11-13 00:00:00
RECON008659,HDFC2026392427,2024-11-13,Matched,None,0.0,0.0,0,2024-11-13 00:00:00
RECON008660,HDFC2026586085,2024-11-13,Matched,None,0.0,0.0,0,2024-11-13 00:00:00
RECON008661,HDFC2026364972,2024-11-13,Matched,None,0.0,0.0,0,2024-11-13 00:00:00
RECON008662,HDFC2026967641,2024-11-13,Matched,None,0.0,0.0,0,2024-11-13 00:00:00
RECON008663,HDFC2026596816,2024-11-13,Unmatched,Amount Mismatch,-4450.0,-1.690382672248095,12,2024-11-25
RECON008664,HDFC2026404460,2024-11-13,Matched,None,0.0,0.0,0,2024-11-13 00:00:00
RECON008665,HDFC2026119629,2024-11-13,Matched,None,0.0,0.0,0,2024-11-13 00:00:00
RECON008666,HDFC2026121595,2024-11-13,Matched,None,0.0,0.0,0,2024-11-13 00:00:00
RECON008667,HDFC2026163201,2024-11-13,Matched,None,0.0,0.0,0,2024-11-13 00:00:00
RECON008668,HDFC2026170129,2024-11-13,Matched,None,0.0,0.0,0,2024-11-13 00:00:00
RECON008669,HDFC2026894714,2024-11-13,Matched,None,0.0,0.0,0,2024-11-13 00:00:00
RECON008670,HDFC2026335400,2024-11-13,Matched,None,0.0,0.0,0,2024-11-13 00:00:00
RECON008671,HDFC2026574409,2024-11-13,Unmatched,FX Rate Discrepancy,0.0,0.98,7,2024-11-20
RECON008672,HDFC2026301196,2024-11-14,Matched,None,0.0,0.0,0,2024-11-14 00:00:00
RECON008673,HDFC2026556347,2024-11-14,Unmatched,Amount Mismatch,-3387.0,-1.6087127922827384,5,2024-11-19
RECON008674,HDFC2026116730,2024-11-14,Matched,None,0.0,0.0,0,2024-11-14 00:00:00
RECON008675,HDFC2026291818,2024-11-14,Matched,None,0.0,0.0,0,2024-11-14 00:00:00
RECON008676,HDFC2026126521,2024-11-14,Matched,None,0.0,0.0,0,2024-11-14 00:00:00
RECON008677,HDFC2026910113,2024-11-14,Matched,None,0.0,0.0,0,2024-11-14 00:00:00
RECON008678,HDFC2026549450,2024-11-14,Unmatched,Amount Mismatch,3864.0,1.448585342445725,2,2024-11-16
RECON008679,HDFC2026912824,2024-11-14,Matched,None,0.0,0.0,0,2024-11-14 00:00:00
RECON008680,HDFC2026463558,2024-11-14,Matched,None,0.0,0.0,0,2024-11-14 00:00:00
RECON008681,HDFC2026769989,2024-11-14,Matched,None,0.0,0.0,0,2024-11-14 00:00:00
RECON008682,HDFC2026691309,2024-11-14,Matched,None,0.0,0.0,0,2024-11-14 00:00:00
RECON008683,HDFC2026869109,2024-11-14,Matched,None,0.0,0.0,0,2024-11-14 00:00:00
RECON008684,HDFC2026373093,2024-11-14,Matched,None,0.0,0.0,0,2024-11-14 00:00:00
RECON008685,HDFC2026575207,2024-11-14,Matched,None,0.0,0.0,0,2024-11-14 00:00:00
RECON008686,HDFC2026616837,2024-11-14,Matched,None,0.0,0.0,0,2024-11-14 00:00:00
RECON008687,HDFC2026787492,2024-11-14,Unmatched,Missing Settlement,63018.0,100.0,10,2024-11-24
RECON008688,HDFC2026463778,2024-11-14,Matched,None,0.0,0.0,0,2024-11-14 00:00:00
RECON008689,HDFC2026295230,2024-11-14,Matched,None,0.0,0.0,0,2024-11-14 00:00:00
RECON008690,HDFC2026707510,2024-11-14,Matched,None,0.0,0.0,0,2024-11-14 00:00:00
RECON008691,HDFC2026942955,2024-11-14,Matched,None,0.0,0.0,0,2024-11-14 00:00:00
RECON008692,HDFC2026518907,2024-11-14,Matched,None,0.0,0.0,0,2024-11-14 00:00:00
RECON008693,HDFC2026778243,2024-11-14,Matched,None,0.0,0.0,0,2024-11-14 00:00:00
RECON008694,HDFC2026131815,2024-11-14,Matched,None,0.0,0.0,0,2024-11-14 00:00:00
RECON008695,HDFC2026149387,2024-11-14,Matched,None,0.0,0.0,0,2024-11-14 00:00:00
RECON008696,HDFC2026272743,2024-11-15,Matched,None,0.0,0.0,0,2024-11-15 00:00:00
RECON008697,HDFC2026151945,2024-11-15,Unmatched,Missing Settlement,169496.0,100.0,10,2024-11-25
RECON008698,HDFC2026407864,2024-11-15,Matched,None,0.0,0.0,0,2024-11-15 00:00:00
RECON008699,HDFC2026267243,2024-11-15,Unmatched,Missing Settlement,135163.0,100.0,5,2024-11-20
RECON008700,HDFC2026288807,2024-11-15,Matched,None,0.0,0.0,0,2024-11-15 00:00:00
RECON008701,HDFC2026342098,2024-11-15,Matched,None,0.0,0.0,0,2024-11-15 00:00:00
RECON008702,HDFC2026957590,2024-11-15,Matched,None,0.0,0.0,0,2024-11-15 00:00:00
RECON008703,HDFC2026909884,2024-11-15,Unmatched,Amount Mismatch,-1433.0,-1.6031234617622052,8,2024-11-23
RECON008704,HDFC2026752179,2024-11-15,Unmatched,Missing Settlement,136397.0,100.0,13,2024-11-28
RECON008705,HDFC2026882355,2024-11-15,Matched,None,0.0,0.0,0,2024-11-15 00:00:00
RECON008706,HDFC2026414908,2024-11-15,Matched,None,0.0,0.0,0,2024-11-15 00:00:00
RECON008707,HDFC2026845804,2024-11-15,Unmatched,FX Rate Discrepancy,0.0,0.38,4,2024-11-19
RECON008708,HDFC2026488182,2024-11-15,Matched,None,0.0,0.0,0,2024-11-15 00:00:00
RECON008709,HDFC2026550168,2024-11-15,Matched,None,0.0,0.0,0,2024-11-15 00:00:00
RECON008710,HDFC2026908783,2024-11-15,Matched,None,0.0,0.0,0,2024-11-15 00:00:00
RECON008711,HDFC2026903868,2024-11-15,Unmatched,Missing Settlement,286031.0,100.0,12,2024-11-27
RECON008712,HDFC2026483203,2024-11-15,Matched,None,0.0,0.0,0,2024-11-15 00:00:00
RECON008713,HDFC2026112023,2024-11-15,Matched,None,0.0,0.0,0,2024-11-15 00:00:00
RECON008714,HDFC2026193653,2024-11-15,Matched,None,0.0,0.0,0,2024-11-15 00:00:00
RECON008715,HDFC2026965401,2024-11-15,Unmatched,FX Rate Discrepancy,0.0,-0.82,12,2024-11-27
RECON008716,HDFC2026716705,2024-11-15,Matched,None,0.0,0.0,0,2024-11-15 00:00:00
RECON008717,HDFC2026225570,2024-11-15,Matched,None,0.0,0.0,0,2024-11-15 00:00:00
RECON008718,HDFC2026118921,2024-11-15,Matched,None,0.0,0.0,0,2024-11-15 00:00:00
RECON008719,HDFC2026389913,2024-11-15,Matched,None,0.0,0.0,0,2024-11-15 00:00:00
RECON008720,HDFC2026370097,2024-11-15,Matched,None,0.0,0.0,0,2024-11-15 00:00:00
RECON008721,HDFC2026137662,2024-11-15,Matched,None,0.0,0.0,0,2024-11-15 00:00:00
RECON008722,HDFC2026500365,2024-11-15,Matched,None,0.0,0.0,0,2024-11-15 00:00:00
RECON008723,HDFC2026236443,2024-11-16,Unmatched,Missing Settlement,402709.0,100.0,10,2024-11-26
RECON008724,HDFC2026721323,2024-11-16,Matched,None,0.0,0.0,0,2024-11-16 00:00:00
RECON008725,HDFC2026297584,2024-11-16,Matched,None,0.0,0.0,0,2024-11-16 00:00:00
RECON008726,HDFC2026103697,2024-11-16,Matched,None,0.0,0.0,0,2024-11-16 00:00:00
RECON008727,HDFC2026888007,2024-11-16,Matched,None,0.0,0.0,0,2024-11-16 00:00:00
RECON008728,HDFC2026282573,2024-11-16,Matched,None,0.0,0.0,0,2024-11-16 00:00:00
RECON008729,HDFC2026586765,2024-11-16,Matched,None,0.0,0.0,0,2024-11-16 00:00:00
RECON008730,HDFC2026182578,2024-11-16,Matched,None,0.0,0.0,0,2024-11-16 00:00:00
RECON008731,HDFC2026630949,2024-11-16,Matched,None,0.0,0.0,0,2024-11-16 00:00:00
RECON008732,HDFC2026753712,2024-11-16,Matched,None,0.0,0.0,0,2024-11-16 00:00:00
RECON008733,HDFC2026689356,2024-11-16,Matched,None,0.0,0.0,0,2024-11-16 00:00:00
RECON008734,HDFC2026231250,2024-11-16,Matched,None,0.0,0.0,0,2024-11-16 00:00:00
RECON008735,HDFC2026850088,2024-11-16,Matched,None,0.0,0.0,0,2024-11-16 00:00:00
RECON008736,HDFC2026758566,2024-11-16,Matched,None,0.0,0.0,0,2024-11-16 00:00:00
RECON008737,HDFC2026653819,2024-11-16,Matched,None,0.0,0.0,0,2024-11-16 00:00:00
RECON008738,HDFC2026406556,2024-11-16,Unmatched,Amount Mismatch,-2941.0,-0.953879086663207,4,2024-11-20
RECON008739,HDFC2026503415,2024-11-16,Matched,None,0.0,0.0,0,2024-11-16 00:00:00
RECON008740,HDFC2026306061,2024-11-16,Matched,None,0.0,0.0,0,2024-11-16 00:00:00
RECON008741,HDFC2026997888,2024-11-16,Matched,None,0.0,0.0,0,2024-11-16 00:00:00
RECON008742,HDFC2026107450,2024-11-16,Matched,None,0.0,0.0,0,2024-11-16 00:00:00
RECON008743,HDFC2026834406,2024-11-16,Matched,None,0.0,0.0,0,2024-11-16 00:00:00
RECON008744,HDFC2026693616,2024-11-16,Matched,None,0.0,0.0,0,2024-11-16 00:00:00
RECON008745,HDFC2026158317,2024-11-16,Matched,None,0.0,0.0,0,2024-11-16 00:00:00
RECON008746,HDFC2026994414,2024-11-16,Matched,None,0.0,0.0,0,2024-11-16 00:00:00
RECON008747,HDFC2026233817,2024-11-16,Matched,None,0.0,0.0,0,2024-11-16 00:00:00
RECON008748,HDFC2026356190,2024-11-16,Matched,None,0.0,0.0,0,2024-11-16 00:00:00
RECON008749,HDFC2026472640,2024-11-16,Matched,None,0.0,0.0,0,2024-11-16 00:00:00
RECON008750,HDFC2026887971,2024-11-16,Matched,None,0.0,0.0,0,2024-11-16 00:00:00
RECON008751,HDFC2026159509,2024-11-16,Matched,None,0.0,0.0,0,2024-11-16 00:00:00
RECON008752,HDFC2026993228,2024-11-16,Matched,None,0.0,0.0,0,2024-11-16 00:00:00
RECON008753,HDFC2026385438,2024-11-16,Matched,None,0.0,0.0,0,2024-11-16 00:00:00
RECON008754,HDFC2026204411,2024-11-16,Matched,None,0.0,0.0,0,2024-11-16 00:00:00
RECON008755,HDFC2026412053,2024-11-16,Unmatched,Missing Settlement,91150.0,100.0,14,2024-11-30
RECON008756,HDFC2026681819,2024-11-17,Duplicate,Duplicate Transaction,0.0,0.0,5,2024-11-22
RECON008757,HDFC2026879105,2024-11-17,Matched,None,0.0,0.0,0,2024-11-17 00:00:00
RECON008758,HDFC2026823808,2024-11-17,Matched,None,0.0,0.0,0,2024-11-17 00:00:00
RECON008759,HDFC2026937725,2024-11-17,Matched,None,0.0,0.0,0,2024-11-17 00:00:00
RECON008760,HDFC2026702623,2024-11-17,Matched,None,0.0,0.0,0,2024-11-17 00:00:00
RECON008761,HDFC2026325402,2024-11-17,Matched,None,0.0,0.0,0,2024-11-17 00:00:00
RECON008762,HDFC2026396780,2024-11-17,Matched,None,0.0,0.0,0,2024-11-17 00:00:00
RECON008763,HDFC2026509446,2024-11-17,Matched,None,0.0,0.0,0,2024-11-17 00:00:00
RECON008764,HDFC2026285751,2024-11-17,Unmatched,Missing Settlement,112069.0,100.0,11,2024-11-28
RECON008765,HDFC2026689343,2024-11-17,Matched,None,0.0,0.0,0,2024-11-17 00:00:00
RECON008766,HDFC2026899707,2024-11-17,Matched,None,0.0,0.0,0,2024-11-17 00:00:00
RECON008767,HDFC2026988331,2024-11-17,Matched,None,0.0,0.0,0,2024-11-17 00:00:00
RECON008768,HDFC2026233819,2024-11-17,Matched,None,0.0,0.0,0,2024-11-17 00:00:00
RECON008769,HDFC2026740939,2024-11-17,Matched,None,0.0,0.0,0,2024-11-17 00:00:00
RECON008770,HDFC2026202546,2024-11-17,Matched,None,0.0,0.0,0,2024-11-17 00:00:00
RECON008771,HDFC2026728831,2024-11-17,Matched,None,0.0,0.0,0,2024-11-17 00:00:00
RECON008772,HDFC2026311727,2024-11-17,Unmatched,Missing Settlement,159261.0,100.0,10,2024-11-27
RECON008773,HDFC2026991952,2024-11-17,Unmatched,Missing Settlement,520198.0,100.0,9,2024-11-26
RECON008774,HDFC2026345674,2024-11-17,Matched,None,0.0,0.0,0,2024-11-17 00:00:00
RECON008775,HDFC2026692818,2024-11-17,Matched,None,0.0,0.0,0,2024-11-17 00:00:00
RECON008776,HDFC2026626160,2024-11-17,Duplicate,Duplicate Transaction,0.0,0.0,10,2024-11-27
RECON008777,HDFC2026622230,2024-11-17,Matched,None,0.0,0.0,0,2024-11-17 00:00:00
RECON008778,HDFC2026484452,2024-11-17,Matched,None,0.0,0.0,0,2024-11-17 00:00:00
RECON008779,HDFC2026569065,2024-11-17,Matched,None,0.0,0.0,0,2024-11-17 00:00:00
RECON008780,HDFC2026500202,2024-11-17,Matched,None,0.0,0.0,0,2024-11-17 00:00:00
RECON008781,HDFC2026470758,2024-11-17,Matched,None,0.0,0.0,0,2024-11-17 00:00:00
RECON008782,HDFC2026127043,2024-11-17,Matched,None,0.0,0.0,0,2024-11-17 00:00:00
RECON008783,HDFC2026842685,2024-11-17,Matched,None,0.0,0.0,0,2024-11-17 00:00:00
RECON008784,HDFC2026827114,2024-11-17,Matched,None,0.0,0.0,0,2024-11-17 00:00:00
RECON008785,HDFC2026292899,2024-11-17,Matched,None,0.0,0.0,0,2024-11-17 00:00:00
RECON008786,HDFC2026903673,2024-11-17,Matched,None,0.0,0.0,0,2024-11-17 00:00:00
RECON008787,HDFC2026242198,2024-11-18,Unmatched,Amount Mismatch,-2783.0,-1.0971162754025978,13,2024-12-01
RECON008788,HDFC2026622001,2024-11-18,Matched,None,0.0,0.0,0,2024-11-18 00:00:00
RECON008789,HDFC2026461459,2024-11-18,Matched,None,0.0,0.0,0,2024-11-18 00:00:00
RECON008790,HDFC2026506426,2024-11-18,Matched,None,0.0,0.0,0,2024-11-18 00:00:00
RECON008791,HDFC2026952357,2024-11-18,Matched,None,0.0,0.0,0,2024-11-18 00:00:00
RECON008792,HDFC2026129549,2024-11-18,Matched,None,0.0,0.0,0,2024-11-18 00:00:00
RECON008793,HDFC2026585898,2024-11-18,Unmatched,FX Rate Discrepancy,0.0,-1.93,12,2024-11-30
RECON008794,HDFC2026493289,2024-11-18,Matched,None,0.0,0.0,0,2024-11-18 00:00:00
RECON008795,HDFC2026241843,2024-11-18,Matched,None,0.0,0.0,0,2024-11-18 00:00:00
RECON008796,HDFC2026250755,2024-11-18,Matched,None,0.0,0.0,0,2024-11-18 00:00:00
RECON008797,HDFC2026625961,2024-11-18,Matched,None,0.0,0.0,0,2024-11-18 00:00:00
RECON008798,HDFC2026626069,2024-11-18,Matched,None,0.0,0.0,0,2024-11-18 00:00:00
RECON008799,HDFC2026570267,2024-11-18,Matched,None,0.0,0.0,0,2024-11-18 00:00:00
RECON008800,HDFC2026236823,2024-11-18,Matched,None,0.0,0.0,0,2024-11-18 00:00:00
RECON008801,HDFC2026509348,2024-11-18,Duplicate,Duplicate Transaction,0.0,0.0,15,2024-12-03
RECON008802,HDFC2026909727,2024-11-18,Matched,None,0.0,0.0,0,2024-11-18 00:00:00
RECON008803,HDFC2026635536,2024-11-18,Matched,None,0.0,0.0,0,2024-11-18 00:00:00
RECON008804,HDFC2026769070,2024-11-18,Unmatched,FX Rate Discrepancy,0.0,-0.97,6,2024-11-24
RECON008805,HDFC2026931900,2024-11-18,Duplicate,Duplicate Transaction,0.0,0.0,9,2024-11-27
RECON008806,HDFC2026555193,2024-11-18,Matched,None,0.0,0.0,0,2024-11-18 00:00:00
RECON008807,HDFC2026936698,2024-11-18,Matched,None,0.0,0.0,0,2024-11-18 00:00:00
RECON008808,HDFC2026525780,2024-11-18,Matched,None,0.0,0.0,0,2024-11-18 00:00:00
RECON008809,HDFC2026596589,2024-11-18,Matched,None,0.0,0.0,0,2024-11-18 00:00:00
RECON008810,HDFC2026759739,2024-11-18,Unmatched,Missing Settlement,171301.0,100.0,8,2024-11-26
RECON008811,HDFC2026482705,2024-11-18,Matched,None,0.0,0.0,0,2024-11-18 00:00:00
RECON008812,HDFC2026311247,2024-11-18,Matched,None,0.0,0.0,0,2024-11-18 00:00:00
RECON008813,HDFC2026685831,2024-11-18,Matched,None,0.0,0.0,0,2024-11-18 00:00:00
RECON008814,HDFC2026225245,2024-11-19,Matched,None,0.0,0.0,0,2024-11-19 00:00:00
RECON008815,HDFC2026264398,2024-11-19,Matched,None,0.0,0.0,0,2024-11-19 00:00:00
RECON008816,HDFC2026321521,2024-11-19,Matched,None,0.0,0.0,0,2024-11-19 00:00:00
RECON008817,HDFC2026661539,2024-11-19,Matched,None,0.0,0.0,0,2024-11-19 00:00:00
RECON008818,HDFC2026924512,2024-11-19,Matched,None,0.0,0.0,0,2024-11-19 00:00:00
RECON008819,HDFC2026970522,2024-11-19,Matched,None,0.0,0.0,0,2024-11-19 00:00:00
RECON008820,HDFC2026984503,2024-11-19,Matched,None,0.0,0.0,0,2024-11-19 00:00:00
RECON008821,HDFC2026749039,2024-11-19,Matched,None,0.0,0.0,0,2024-11-19 00:00:00
RECON008822,HDFC2026884989,2024-11-19,Unmatched,Amount Mismatch,7.0,0.002604127914763173,7,2024-11-26
RECON008823,HDFC2026434707,2024-11-19,Matched,None,0.0,0.0,0,2024-11-19 00:00:00
RECON008824,HDFC2026457844,2024-11-19,Matched,None,0.0,0.0,0,2024-11-19 00:00:00
RECON008825,HDFC2026138035,2024-11-19,Matched,None,0.0,0.0,0,2024-11-19 00:00:00
RECON008826,HDFC2026506394,2024-11-19,Matched,None,0.0,0.0,0,2024-11-19 00:00:00
RECON008827,HDFC2026924765,2024-11-19,Matched,None,0.0,0.0,0,2024-11-19 00:00:00
RECON008828,HDFC2026743141,2024-11-19,Matched,None,0.0,0.0,0,2024-11-19 00:00:00
RECON008829,HDFC2026174612,2024-11-19,Matched,None,0.0,0.0,0,2024-11-19 00:00:00
RECON008830,HDFC2026765282,2024-11-19,Matched,None,0.0,0.0,0,2024-11-19 00:00:00
RECON008831,HDFC2026565497,2024-11-19,Duplicate,Duplicate Transaction,0.0,0.0,3,2024-11-22
RECON008832,HDFC2026473767,2024-11-19,Matched,None,0.0,0.0,0,2024-11-19 00:00:00
RECON008833,HDFC2026861345,2024-11-19,Matched,None,0.0,0.0,0,2024-11-19 00:00:00
RECON008834,HDFC2026688821,2024-11-19,Matched,None,0.0,0.0,0,2024-11-19 00:00:00
RECON008835,HDFC2026983360,2024-11-19,Matched,None,0.0,0.0,0,2024-11-19 00:00:00
RECON008836,HDFC2026725145,2024-11-19,Unmatched,Missing Settlement,165775.0,100.0,8,2024-11-27
RECON008837,HDFC2026993523,2024-11-20,Matched,None,0.0,0.0,0,2024-11-20 00:00:00
RECON008838,HDFC2026896976,2024-11-20,Matched,None,0.0,0.0,0,2024-11-20 00:00:00
RECON008839,HDFC2026749943,2024-11-20,Matched,None,0.0,0.0,0,2024-11-20 00:00:00
RECON008840,HDFC2026818950,2024-11-20,Matched,None,0.0,0.0,0,2024-11-20 00:00:00
RECON008841,HDFC2026162285,2024-11-20,Matched,None,0.0,0.0,0,2024-11-20 00:00:00
RECON008842,HDFC2026411499,2024-11-20,Matched,None,0.0,0.0,0,2024-11-20 00:00:00
RECON008843,HDFC2026117438,2024-11-20,Matched,None,0.0,0.0,0,2024-11-20 00:00:00
RECON008844,HDFC2026905870,2024-11-20,Matched,None,0.0,0.0,0,2024-11-20 00:00:00
RECON008845,HDFC2026439035,2024-11-20,Matched,None,0.0,0.0,0,2024-11-20 00:00:00
RECON008846,HDFC2026203225,2024-11-20,Matched,None,0.0,0.0,0,2024-11-20 00:00:00
RECON008847,HDFC2026145956,2024-11-20,Matched,None,0.0,0.0,0,2024-11-20 00:00:00
RECON008848,HDFC2026728543,2024-11-20,Matched,None,0.0,0.0,0,2024-11-20 00:00:00
RECON008849,HDFC2026405203,2024-11-20,Matched,None,0.0,0.0,0,2024-11-20 00:00:00
RECON008850,HDFC2026561535,2024-11-20,Unmatched,Amount Mismatch,16.0,0.021485161810124883,11,2024-12-01
RECON008851,HDFC2026286970,2024-11-20,Matched,None,0.0,0.0,0,2024-11-20 00:00:00
RECON008852,HDFC2026739193,2024-11-20,Matched,None,0.0,0.0,0,2024-11-20 00:00:00
RECON008853,HDFC2026778407,2024-11-20,Matched,None,0.0,0.0,0,2024-11-20 00:00:00
RECON008854,HDFC2026712521,2024-11-20,Matched,None,0.0,0.0,0,2024-11-20 00:00:00
RECON008855,HDFC2026970196,2024-11-20,Matched,None,0.0,0.0,0,2024-11-20 00:00:00
RECON008856,HDFC2026624771,2024-11-20,Matched,None,0.0,0.0,0,2024-11-20 00:00:00
RECON008857,HDFC2026817303,2024-11-20,Matched,None,0.0,0.0,0,2024-11-20 00:00:00
RECON008858,HDFC2026751124,2024-11-20,Matched,None,0.0,0.0,0,2024-11-20 00:00:00
RECON008859,HDFC2026485060,2024-11-20,Matched,None,0.0,0.0,0,2024-11-20 00:00:00
RECON008860,HDFC2026368049,2024-11-20,Unmatched,FX Rate Discrepancy,0.0,0.65,14,2024-12-04
RECON008861,HDFC2026214279,2024-11-20,Matched,None,0.0,0.0,0,2024-11-20 00:00:00
RECON008862,HDFC2026233464,2024-11-20,Matched,None,0.0,0.0,0,2024-11-20 00:00:00
RECON008863,HDFC2026588402,2024-11-20,Matched,None,0.0,0.0,0,2024-11-20 00:00:00
RECON008864,HDFC2026395795,2024-11-20,Matched,None,0.0,0.0,0,2024-11-20 00:00:00
RECON008865,HDFC2026904216,2024-11-20,Matched,None,0.0,0.0,0,2024-11-20 00:00:00
RECON008866,HDFC2026708838,2024-11-20,Matched,None,0.0,0.0,0,2024-11-20 00:00:00
RECON008867,HDFC2026540222,2024-11-20,Matched,None,0.0,0.0,0,2024-11-20 00:00:00
RECON008868,HDFC2026727186,2024-11-20,Matched,None,0.0,0.0,0,2024-11-20 00:00:00
RECON008869,HDFC2026709518,2024-11-20,Matched,None,0.0,0.0,0,2024-11-20 00:00:00
RECON008870,HDFC2026777274,2024-11-20,Unmatched,Missing Settlement,136537.0,100.0,1,2024-11-21
RECON008871,HDFC2026186835,2024-11-20,Matched,None,0.0,0.0,0,2024-11-20 00:00:00
RECON008872,HDFC2026347428,2024-11-20,Unmatched,Amount Mismatch,3384.0,1.268532228740652,1,2024-11-21
RECON008873,HDFC2026871992,2024-11-20,Unmatched,FX Rate Discrepancy,0.0,0.4,6,2024-11-26
RECON008874,HDFC2026778327,2024-11-21,Unmatched,Amount Mismatch,4313.0,0.5184997289086741,1,2024-11-22
RECON008875,HDFC2026689920,2024-11-21,Matched,None,0.0,0.0,0,2024-11-21 00:00:00
RECON008876,HDFC2026586325,2024-11-21,Matched,None,0.0,0.0,0,2024-11-21 00:00:00
RECON008877,HDFC2026308218,2024-11-21,Matched,None,0.0,0.0,0,2024-11-21 00:00:00
RECON008878,HDFC2026443873,2024-11-21,Matched,None,0.0,0.0,0,2024-11-21 00:00:00
RECON008879,HDFC2026455692,2024-11-21,Matched,None,0.0,0.0,0,2024-11-21 00:00:00
RECON008880,HDFC2026609563,2024-11-21,Matched,None,0.0,0.0,0,2024-11-21 00:00:00
RECON008881,HDFC2026809175,2024-11-21,Matched,None,0.0,0.0,0,2024-11-21 00:00:00
RECON008882,HDFC2026771670,2024-11-21,Matched,None,0.0,0.0,0,2024-11-21 00:00:00
RECON008883,HDFC2026188867,2024-11-21,Matched,None,0.0,0.0,0,2024-11-21 00:00:00
RECON008884,HDFC2026825251,2024-11-21,Matched,None,0.0,0.0,0,2024-11-21 00:00:00
RECON008885,HDFC2026837328,2024-11-21,Matched,None,0.0,0.0,0,2024-11-21 00:00:00
RECON008886,HDFC2026420012,2024-11-21,Matched,None,0.0,0.0,0,2024-11-21 00:00:00
RECON008887,HDFC2026777423,2024-11-21,Matched,None,0.0,0.0,0,2024-11-21 00:00:00
RECON008888,HDFC2026892589,2024-11-21,Matched,None,0.0,0.0,0,2024-11-21 00:00:00
RECON008889,HDFC2026342226,2024-11-21,Matched,None,0.0,0.0,0,2024-11-21 00:00:00
RECON008890,HDFC2026592383,2024-11-21,Matched,None,0.0,0.0,0,2024-11-21 00:00:00
RECON008891,HDFC2026991585,2024-11-21,Matched,None,0.0,0.0,0,2024-11-21 00:00:00
RECON008892,HDFC2026106578,2024-11-21,Matched,None,0.0,0.0,0,2024-11-21 00:00:00
RECON008893,HDFC2026738720,2024-11-21,Matched,None,0.0,0.0,0,2024-11-21 00:00:00
RECON008894,HDFC2026145649,2024-11-21,Matched,None,0.0,0.0,0,2024-11-21 00:00:00
RECON008895,HDFC2026256992,2024-11-21,Matched,None,0.0,0.0,0,2024-11-21 00:00:00
RECON008896,HDFC2026693677,2024-11-21,Matched,None,0.0,0.0,0,2024-11-21 00:00:00
RECON008897,HDFC2026564523,2024-11-22,Matched,None,0.0,0.0,0,2024-11-22 00:00:00
RECON008898,HDFC2026464519,2024-11-22,Matched,None,0.0,0.0,0,2024-11-22 00:00:00
RECON008899,HDFC2026294708,2024-11-22,Matched,None,0.0,0.0,0,2024-11-22 00:00:00
RECON008900,HDFC2026747847,2024-11-22,Matched,None,0.0,0.0,0,2024-11-22 00:00:00
RECON008901,HDFC2026608247,2024-11-22,Unmatched,Amount Mismatch,4804.0,1.353266120740409,10,2024-12-02
RECON008902,HDFC2026296611,2024-11-22,Matched,None,0.0,0.0,0,2024-11-22 00:00:00
RECON008903,HDFC2026463413,2024-11-22,Matched,None,0.0,0.0,0,2024-11-22 00:00:00
RECON008904,HDFC2026264594,2024-11-22,Matched,None,0.0,0.0,0,2024-11-22 00:00:00
RECON008905,HDFC2026237526,2024-11-22,Unmatched,FX Rate Discrepancy,0.0,-0.89,12,2024-12-04
RECON008906,HDFC2026214526,2024-11-22,Matched,None,0.0,0.0,0,2024-11-22 00:00:00
RECON008907,HDFC2026173950,2024-11-22,Matched,None,0.0,0.0,0,2024-11-22 00:00:00
RECON008908,HDFC2026961734,2024-11-22,Unmatched,Amount Mismatch,3723.0,0.4324900764263286,12,2024-12-04
RECON008909,HDFC2026428477,2024-11-22,Matched,None,0.0,0.0,0,2024-11-22 00:00:00
RECON008910,HDFC2026728500,2024-11-22,Unmatched,Amount Mismatch,-4441.0,-3.40883795546481,9,2024-12-01
RECON008911,HDFC2026110228,2024-11-22,Matched,None,0.0,0.0,0,2024-11-22 00:00:00
RECON008912,HDFC2026367681,2024-11-22,Matched,None,0.0,0.0,0,2024-11-22 00:00:00
RECON008913,HDFC2026918170,2024-11-22,Matched,None,0.0,0.0,0,2024-11-22 00:00:00
RECON008914,HDFC2026514815,2024-11-22,Matched,None,0.0,0.0,0,2024-11-22 00:00:00
RECON008915,HDFC2026491381,2024-11-22,Matched,None,0.0,0.0,0,2024-11-22 00:00:00
RECON008916,HDFC2026335673,2024-11-22,Unmatched,Missing Settlement,233272.0,100.0,14,2024-12-06
RECON008917,HDFC2026476937,2024-11-22,Matched,None,0.0,0.0,0,2024-11-22 00:00:00
RECON008918,HDFC2026215717,2024-11-22,Unmatched,Missing Settlement,76130.0,100.0,5,2024-11-27
RECON008919,HDFC2026473124,2024-11-22,Matched,None,0.0,0.0,0,2024-11-22 00:00:00
RECON008920,HDFC2026859171,2024-11-22,Matched,None,0.0,0.0,0,2024-11-22 00:00:00
RECON008921,HDFC2026631265,2024-11-23,Matched,None,0.0,0.0,0,2024-11-23 00:00:00
RECON008922,HDFC2026265320,2024-11-23,Matched,None,0.0,0.0,0,2024-11-23 00:00:00
RECON008923,HDFC2026648887,2024-11-23,Matched,None,0.0,0.0,0,2024-11-23 00:00:00
RECON008924,HDFC2026494663,2024-11-23,Matched,None,0.0,0.0,0,2024-11-23 00:00:00
RECON008925,HDFC2026960681,2024-11-23,Unmatched,Amount Mismatch,-508.0,-0.543071561437643,5,2024-11-28
RECON008926,HDFC2026295440,2024-11-23,Matched,None,0.0,0.0,0,2024-11-23 00:00:00
RECON008927,HDFC2026445356,2024-11-23,Matched,None,0.0,0.0,0,2024-11-23 00:00:00
RECON008928,HDFC2026514942,2024-11-23,Matched,None,0.0,0.0,0,2024-11-23 00:00:00
RECON008929,HDFC2026966393,2024-11-23,Matched,None,0.0,0.0,0,2024-11-23 00:00:00
RECON008930,HDFC2026870907,2024-11-23,Matched,None,0.0,0.0,0,2024-11-23 00:00:00
RECON008931,HDFC2026692997,2024-11-23,Duplicate,Duplicate Transaction,0.0,0.0,6,2024-11-29
RECON008932,HDFC2026553600,2024-11-23,Matched,None,0.0,0.0,0,2024-11-23 00:00:00
RECON008933,HDFC2026790002,2024-11-23,Matched,None,0.0,0.0,0,2024-11-23 00:00:00
RECON008934,HDFC2026976668,2024-11-23,Matched,None,0.0,0.0,0,2024-11-23 00:00:00
RECON008935,HDFC2026354917,2024-11-23,Matched,None,0.0,0.0,0,2024-11-23 00:00:00
RECON008936,HDFC2026387892,2024-11-23,Matched,None,0.0,0.0,0,2024-11-23 00:00:00
RECON008937,HDFC2026751764,2024-11-23,Matched,None,0.0,0.0,0,2024-11-23 00:00:00
RECON008938,HDFC2026348332,2024-11-23,Matched,None,0.0,0.0,0,2024-11-23 00:00:00
RECON008939,HDFC2026626124,2024-11-23,Matched,None,0.0,0.0,0,2024-11-23 00:00:00
RECON008940,HDFC2026959071,2024-11-23,Matched,None,0.0,0.0,0,2024-11-23 00:00:00
RECON008941,HDFC2026590795,2024-11-23,Matched,None,0.0,0.0,0,2024-11-23 00:00:00
RECON008942,HDFC2026588719,2024-11-23,Matched,None,0.0,0.0,0,2024-11-23 00:00:00
RECON008943,HDFC2026306543,2024-11-23,Unmatched,Missing Settlement,164367.0,100.0,1,2024-11-24
RECON008944,HDFC2026908371,2024-11-23,Matched,None,0.0,0.0,0,2024-11-23 00:00:00
RECON008945,HDFC2026466562,2024-11-23,Matched,None,0.0,0.0,0,2024-11-23 00:00:00
RECON008946,HDFC2026462866,2024-11-23,Matched,None,0.0,0.0,0,2024-11-23 00:00:00
RECON008947,HDFC2026546468,2024-11-23,Matched,None,0.0,0.0,0,2024-11-23 00:00:00
RECON008948,HDFC2026137519,2024-11-23,Unmatched,Amount Mismatch,655.0,0.2443045339937637,2,2024-11-25
RECON008949,HDFC2026731982,2024-11-23,Matched,None,0.0,0.0,0,2024-11-23 00:00:00
RECON008950,HDFC2026975205,2024-11-24,Matched,None,0.0,0.0,0,2024-11-24 00:00:00
RECON008951,HDFC2026579964,2024-11-24,Matched,None,0.0,0.0,0,2024-11-24 00:00:00
RECON008952,HDFC2026686379,2024-11-24,Matched,None,0.0,0.0,0,2024-11-24 00:00:00
RECON008953,HDFC2026991151,2024-11-24,Matched,None,0.0,0.0,0,2024-11-24 00:00:00
RECON008954,HDFC2026717444,2024-11-24,Unmatched,Missing Settlement,576801.0,100.0,14,2024-12-08
RECON008955,HDFC2026954008,2024-11-24,Unmatched,Amount Mismatch,2946.0,1.0036452832759855,11,2024-12-05
RECON008956,HDFC2026290339,2024-11-24,Matched,None,0.0,0.0,0,2024-11-24 00:00:00
RECON008957,HDFC2026208255,2024-11-24,Matched,None,0.0,0.0,0,2024-11-24 00:00:00
RECON008958,HDFC2026416470,2024-11-24,Matched,None,0.0,0.0,0,2024-11-24 00:00:00
RECON008959,HDFC2026547861,2024-11-24,Unmatched,Amount Mismatch,-878.0,-0.6985162496519353,10,2024-12-04
RECON008960,HDFC2026742185,2024-11-24,Matched,None,0.0,0.0,0,2024-11-24 00:00:00
RECON008961,HDFC2026824516,2024-11-24,Unmatched,Amount Mismatch,-2101.0,-0.7687100964089055,4,2024-11-28
RECON008962,HDFC2026703491,2024-11-24,Matched,None,0.0,0.0,0,2024-11-24 00:00:00
RECON008963,HDFC2026587558,2024-11-24,Matched,None,0.0,0.0,0,2024-11-24 00:00:00
RECON008964,HDFC2026617300,2024-11-24,Matched,None,0.0,0.0,0,2024-11-24 00:00:00
RECON008965,HDFC2026903028,2024-11-24,Matched,None,0.0,0.0,0,2024-11-24 00:00:00
RECON008966,HDFC2026679095,2024-11-24,Matched,None,0.0,0.0,0,2024-11-24 00:00:00
RECON008967,HDFC2026702549,2024-11-24,Matched,None,0.0,0.0,0,2024-11-24 00:00:00
RECON008968,HDFC2026694407,2024-11-24,Unmatched,FX Rate Discrepancy,0.0,-1.61,10,2024-12-04
RECON008969,HDFC2026570895,2024-11-24,Matched,None,0.0,0.0,0,2024-11-24 00:00:00
RECON008970,HDFC2026605332,2024-11-24,Matched,None,0.0,0.0,0,2024-11-24 00:00:00
RECON008971,HDFC2026832272,2024-11-24,Matched,None,0.0,0.0,0,2024-11-24 00:00:00
RECON008972,HDFC2026490064,2024-11-24,Unmatched,Missing Settlement,123083.0,100.0,8,2024-12-02
RECON008973,HDFC2026174861,2024-11-24,Matched,None,0.0,0.0,0,2024-11-24 00:00:00
RECON008974,HDFC2026601273,2024-11-24,Duplicate,Duplicate Transaction,0.0,0.0,7,2024-12-01
RECON008975,HDFC2026455457,2024-11-24,Matched,None,0.0,0.0,0,2024-11-24 00:00:00
RECON008976,HDFC2026905934,2024-11-24,Matched,None,0.0,0.0,0,2024-11-24 00:00:00
RECON008977,HDFC2026735557,2024-11-24,Matched,None,0.0,0.0,0,2024-11-24 00:00:00
RECON008978,HDFC2026318854,2024-11-24,Matched,None,0.0,0.0,0,2024-11-24 00:00:00
RECON008979,HDFC2026432360,2024-11-24,Matched,None,0.0,0.0,0,2024-11-24 00:00:00
RECON008980,HDFC2026782028,2024-11-25,Duplicate,Duplicate Transaction,0.0,0.0,12,2024-12-07
RECON008981,HDFC2026501125,2024-11-25,Unmatched,Missing Settlement,98529.0,100.0,10,2024-12-05
RECON008982,HDFC2026831213,2024-11-25,Unmatched,Missing Settlement,287515.0,100.0,8,2024-12-03
RECON008983,HDFC2026253387,2024-11-25,Unmatched,Amount Mismatch,-1525.0,-1.2535551646472785,14,2024-12-09
RECON008984,HDFC2026844216,2024-11-25,Matched,None,0.0,0.0,0,2024-11-25 00:00:00
RECON008985,HDFC2026489279,2024-11-25,Unmatched,Missing Settlement,50000.0,100.0,7,2024-12-02
RECON008986,HDFC2026132640,2024-11-25,Matched,None,0.0,0.0,0,2024-11-25 00:00:00
RECON008987,HDFC2026893041,2024-11-25,Matched,None,0.0,0.0,0,2024-11-25 00:00:00
RECON008988,HDFC2026998572,2024-11-25,Matched,None,0.0,0.0,0,2024-11-25 00:00:00
RECON008989,HDFC2026623979,2024-11-25,Matched,None,0.0,0.0,0,2024-11-25 00:00:00
RECON008990,HDFC2026608474,2024-11-25,Matched,None,0.0,0.0,0,2024-11-25 00:00:00
RECON008991,HDFC2026262868,2024-11-25,Matched,None,0.0,0.0,0,2024-11-25 00:00:00
RECON008992,HDFC2026249148,2024-11-25,Matched,None,0.0,0.0,0,2024-11-25 00:00:00
RECON008993,HDFC2026499880,2024-11-25,Matched,None,0.0,0.0,0,2024-11-25 00:00:00
RECON008994,HDFC2026580292,2024-11-25,Matched,None,0.0,0.0,0,2024-11-25 00:00:00
RECON008995,HDFC2026352626,2024-11-25,Unmatched,Missing Settlement,521444.0,100.0,4,2024-11-29
RECON008996,HDFC2026652313,2024-11-25,Matched,None,0.0,0.0,0,2024-11-25 00:00:00
RECON008997,HDFC2026743790,2024-11-25,Unmatched,Missing Settlement,240456.0,100.0,8,2024-12-03
RECON008998,HDFC2026118702,2024-11-25,Matched,None,0.0,0.0,0,2024-11-25 00:00:00
RECON008999,HDFC2026793444,2024-11-25,Duplicate,Duplicate Transaction,0.0,0.0,8,2024-12-03
RECON009000,HDFC2026642532,2024-11-25,Matched,None,0.0,0.0,0,2024-11-25 00:00:00
RECON009001,HDFC2026461981,2024-11-25,Matched,None,0.0,0.0,0,2024-11-25 00:00:00
RECON009002,HDFC2026751852,2024-11-25,Matched,None,0.0,0.0,0,2024-11-25 00:00:00
RECON009003,HDFC2026993020,2024-11-25,Matched,None,0.0,0.0,0,2024-11-25 00:00:00
RECON009004,HDFC2026946474,2024-11-25,Matched,None,0.0,0.0,0,2024-11-25 00:00:00
RECON009005,HDFC2026634781,2024-11-25,Matched,None,0.0,0.0,0,2024-11-25 00:00:00
RECON009006,HDFC2026399716,2024-11-25,Unmatched,FX Rate Discrepancy,0.0,1.21,4,2024-11-29
RECON009007,HDFC2026635535,2024-11-25,Matched,None,0.0,0.0,0,2024-11-25 00:00:00
RECON009008,HDFC2026490044,2024-11-26,Matched,None,0.0,0.0,0,2024-11-26 00:00:00
RECON009009,HDFC2026373257,2024-11-26,Matched,None,0.0,0.0,0,2024-11-26 00:00:00
RECON009010,HDFC2026245209,2024-11-26,Matched,None,0.0,0.0,0,2024-11-26 00:00:00
RECON009011,HDFC2026247104,2024-11-26,Matched,None,0.0,0.0,0,2024-11-26 00:00:00
RECON009012,HDFC2026603157,2024-11-26,Matched,None,0.0,0.0,0,2024-11-26 00:00:00
RECON009013,HDFC2026936381,2024-11-26,Matched,None,0.0,0.0,0,2024-11-26 00:00:00
RECON009014,HDFC2026891312,2024-11-26,Matched,None,0.0,0.0,0,2024-11-26 00:00:00
RECON009015,HDFC2026448981,2024-11-26,Matched,None,0.0,0.0,0,2024-11-26 00:00:00
RECON009016,HDFC2026343360,2024-11-26,Unmatched,Missing Settlement,690823.0,100.0,1,2024-11-27
RECON009017,HDFC2026307356,2024-11-26,Matched,None,0.0,0.0,0,2024-11-26 00:00:00
RECON009018,HDFC2026284308,2024-11-26,Matched,None,0.0,0.0,0,2024-11-26 00:00:00
RECON009019,HDFC2026586097,2024-11-26,Matched,None,0.0,0.0,0,2024-11-26 00:00:00
RECON009020,HDFC2026934987,2024-11-26,Unmatched,Missing Settlement,53387.0,100.0,15,2024-12-11
RECON009021,HDFC2026163809,2024-11-26,Matched,None,0.0,0.0,0,2024-11-26 00:00:00
RECON009022,HDFC2026453778,2024-11-26,Unmatched,Missing Settlement,336235.0,100.0,4,2024-11-30
RECON009023,HDFC2026566309,2024-11-26,Matched,None,0.0,0.0,0,2024-11-26 00:00:00
RECON009024,HDFC2026331140,2024-11-26,Duplicate,Duplicate Transaction,0.0,0.0,4,2024-11-30
RECON009025,HDFC2026730123,2024-11-26,Matched,None,0.0,0.0,0,2024-11-26 00:00:00
RECON009026,HDFC2026315907,2024-11-26,Matched,None,0.0,0.0,0,2024-11-26 00:00:00
RECON009027,HDFC2026968895,2024-11-26,Matched,None,0.0,0.0,0,2024-11-26 00:00:00
RECON009028,HDFC2026434254,2024-11-26,Duplicate,Duplicate Transaction,0.0,0.0,6,2024-12-02
RECON009029,HDFC2026282586,2024-11-26,Matched,None,0.0,0.0,0,2024-11-26 00:00:00
RECON009030,HDFC2026472787,2024-11-26,Matched,None,0.0,0.0,0,2024-11-26 00:00:00
RECON009031,HDFC2026145948,2024-11-26,Matched,None,0.0,0.0,0,2024-11-26 00:00:00
RECON009032,HDFC2026849666,2024-11-26,Matched,None,0.0,0.0,0,2024-11-26 00:00:00
RECON009033,HDFC2026972716,2024-11-26,Matched,None,0.0,0.0,0,2024-11-26 00:00:00
RECON009034,HDFC2026468154,2024-11-26,Matched,None,0.0,0.0,0,2024-11-26 00:00:00
RECON009035,HDFC2026425000,2024-11-27,Matched,None,0.0,0.0,0,2024-11-27 00:00:00
RECON009036,HDFC2026177576,2024-11-27,Matched,None,0.0,0.0,0,2024-11-27 00:00:00
RECON009037,HDFC2026345403,2024-11-27,Matched,None,0.0,0.0,0,2024-11-27 00:00:00
RECON009038,HDFC2026307847,2024-11-27,Matched,None,0.0,0.0,0,2024-11-27 00:00:00
RECON009039,HDFC2026206115,2024-11-27,Matched,None,0.0,0.0,0,2024-11-27 00:00:00
RECON009040,HDFC2026184178,2024-11-27,Matched,None,0.0,0.0,0,2024-11-27 00:00:00
RECON009041,HDFC2026487834,2024-11-27,Matched,None,0.0,0.0,0,2024-11-27 00:00:00
RECON009042,HDFC2026369244,2024-11-27,Matched,None,0.0,0.0,0,2024-11-27 00:00:00
RECON009043,HDFC2026994386,2024-11-27,Matched,None,0.0,0.0,0,2024-11-27 00:00:00
RECON009044,HDFC2026828836,2024-11-27,Matched,None,0.0,0.0,0,2024-11-27 00:00:00
RECON009045,HDFC2026670989,2024-11-27,Matched,None,0.0,0.0,0,2024-11-27 00:00:00
RECON009046,HDFC2026105808,2024-11-27,Matched,None,0.0,0.0,0,2024-11-27 00:00:00
RECON009047,HDFC2026197352,2024-11-27,Duplicate,Duplicate Transaction,0.0,0.0,10,2024-12-07
RECON009048,HDFC2026642430,2024-11-27,Matched,None,0.0,0.0,0,2024-11-27 00:00:00
RECON009049,HDFC2026174110,2024-11-27,Matched,None,0.0,0.0,0,2024-11-27 00:00:00
RECON009050,HDFC2026652067,2024-11-27,Matched,None,0.0,0.0,0,2024-11-27 00:00:00
RECON009051,HDFC2026536931,2024-11-27,Matched,None,0.0,0.0,0,2024-11-27 00:00:00
RECON009052,HDFC2026471831,2024-11-27,Matched,None,0.0,0.0,0,2024-11-27 00:00:00
RECON009053,HDFC2026607881,2024-11-27,Duplicate,Duplicate Transaction,0.0,0.0,11,2024-12-08
RECON009054,HDFC2026627936,2024-11-27,Matched,None,0.0,0.0,0,2024-11-27 00:00:00
RECON009055,HDFC2026778727,2024-11-27,Unmatched,Amount Mismatch,-1337.0,-0.33376937210417,10,2024-12-07
RECON009056,HDFC2026558075,2024-11-27,Matched,None,0.0,0.0,0,2024-11-27 00:00:00
RECON009057,HDFC2026435922,2024-11-27,Matched,None,0.0,0.0,0,2024-11-27 00:00:00
RECON009058,HDFC2026170292,2024-11-27,Unmatched,Amount Mismatch,4016.0,0.963538605124317,12,2024-12-09
RECON009059,HDFC2026749881,2024-11-27,Matched,None,0.0,0.0,0,2024-11-27 00:00:00
RECON009060,HDFC2026974579,2024-11-27,Matched,None,0.0,0.0,0,2024-11-27 00:00:00
RECON009061,HDFC2026653985,2024-11-27,Matched,None,0.0,0.0,0,2024-11-27 00:00:00
RECON009062,HDFC2026945260,2024-11-27,Matched,None,0.0,0.0,0,2024-11-27 00:00:00
RECON009063,HDFC2026678097,2024-11-27,Matched,None,0.0,0.0,0,2024-11-27 00:00:00
RECON009064,HDFC2026688730,2024-11-27,Matched,None,0.0,0.0,0,2024-11-27 00:00:00
RECON009065,HDFC2026632804,2024-11-27,Matched,None,0.0,0.0,0,2024-11-27 00:00:00
RECON009066,HDFC2026337839,2024-11-27,Matched,None,0.0,0.0,0,2024-11-27 00:00:00
RECON009067,HDFC2026849917,2024-11-27,Matched,None,0.0,0.0,0,2024-11-27 00:00:00
RECON009068,HDFC2026382098,2024-11-27,Duplicate,Duplicate Transaction,0.0,0.0,5,2024-12-02
RECON009069,HDFC2026499850,2024-11-27,Matched,None,0.0,0.0,0,2024-11-27 00:00:00
RECON009070,HDFC2026705282,2024-11-27,Matched,None,0.0,0.0,0,2024-11-27 00:00:00
RECON009071,HDFC2026703297,2024-11-27,Matched,None,0.0,0.0,0,2024-11-27 00:00:00
RECON009072,HDFC2026567797,2024-11-28,Matched,None,0.0,0.0,0,2024-11-28 00:00:00
RECON009073,HDFC2026788796,2024-11-28,Matched,None,0.0,0.0,0,2024-11-28 00:00:00
RECON009074,HDFC2026739664,2024-11-28,Matched,None,0.0,0.0,0,2024-11-28 00:00:00
RECON009075,HDFC2026138878,2024-11-28,Matched,None,0.0,0.0,0,2024-11-28 00:00:00
RECON009076,HDFC2026902904,2024-11-28,Matched,None,0.0,0.0,0,2024-11-28 00:00:00
RECON009077,HDFC2026347096,2024-11-28,Matched,None,0.0,0.0,0,2024-11-28 00:00:00
RECON009078,HDFC2026346907,2024-11-28,Matched,None,0.0,0.0,0,2024-11-28 00:00:00
RECON009079,HDFC2026478087,2024-11-28,Matched,None,0.0,0.0,0,2024-11-28 00:00:00
RECON009080,HDFC2026404822,2024-11-28,Matched,None,0.0,0.0,0,2024-11-28 00:00:00
RECON009081,HDFC2026290615,2024-11-28,Matched,None,0.0,0.0,0,2024-11-28 00:00:00
RECON009082,HDFC2026670322,2024-11-28,Matched,None,0.0,0.0,0,2024-11-28 00:00:00
RECON009083,HDFC2026794280,2024-11-28,Unmatched,Missing Settlement,110446.0,100.0,14,2024-12-12
RECON009084,HDFC2026398505,2024-11-28,Matched,None,0.0,0.0,0,2024-11-28 00:00:00
RECON009085,HDFC2026818266,2024-11-28,Unmatched,Amount Mismatch,-1145.0,-0.7318678930514098,7,2024-12-05
RECON009086,HDFC2026688602,2024-11-28,Matched,None,0.0,0.0,0,2024-11-28 00:00:00
RECON009087,HDFC2026289937,2024-11-28,Matched,None,0.0,0.0,0,2024-11-28 00:00:00
RECON009088,HDFC2026667250,2024-11-28,Matched,None,0.0,0.0,0,2024-11-28 00:00:00
RECON009089,HDFC2026580408,2024-11-28,Matched,None,0.0,0.0,0,2024-11-28 00:00:00
RECON009090,HDFC2026997244,2024-11-28,Matched,None,0.0,0.0,0,2024-11-28 00:00:00
RECON009091,HDFC2026439958,2024-11-28,Unmatched,Amount Mismatch,-3512.0,-1.7990236506041992,8,2024-12-06
RECON009092,HDFC2026977177,2024-11-28,Matched,None,0.0,0.0,0,2024-11-28 00:00:00
RECON009093,HDFC2026439956,2024-11-28,Matched,None,0.0,0.0,0,2024-11-28 00:00:00
RECON009094,HDFC2026590662,2024-11-28,Matched,None,0.0,0.0,0,2024-11-28 00:00:00
RECON009095,HDFC2026590411,2024-11-28,Matched,None,0.0,0.0,0,2024-11-28 00:00:00
RECON009096,HDFC2026678009,2024-11-28,Matched,None,0.0,0.0,0,2024-11-28 00:00:00
RECON009097,HDFC2026775544,2024-11-28,Matched,None,0.0,0.0,0,2024-11-28 00:00:00
RECON009098,HDFC2026785491,2024-11-28,Matched,None,0.0,0.0,0,2024-11-28 00:00:00
RECON009099,HDFC2026967397,2024-11-28,Matched,None,0.0,0.0,0,2024-11-28 00:00:00
RECON009100,HDFC2026497813,2024-11-28,Matched,None,0.0,0.0,0,2024-11-28 00:00:00
RECON009101,HDFC2026895235,2024-11-28,Unmatched,FX Rate Discrepancy,0.0,-1.27,11,2024-12-09
RECON009102,HDFC2026747213,2024-11-28,Matched,None,0.0,0.0,0,2024-11-28 00:00:00
RECON009103,HDFC2026541984,2024-11-29,Matched,None,0.0,0.0,0,2024-11-29 00:00:00
RECON009104,HDFC2026638917,2024-11-29,Matched,None,0.0,0.0,0,2024-11-29 00:00:00
RECON009105,HDFC2026153045,2024-11-29,Matched,None,0.0,0.0,0,2024-11-29 00:00:00
RECON009106,HDFC2026324822,2024-11-29,Matched,None,0.0,0.0,0,2024-11-29 00:00:00
RECON009107,HDFC2026359363,2024-11-29,Unmatched,Missing Settlement,1205057.0,100.0,11,2024-12-10
RECON009108,HDFC2026730249,2024-11-29,Unmatched,Missing Settlement,279668.0,100.0,7,2024-12-06
RECON009109,HDFC2026988362,2024-11-29,Matched,None,0.0,0.0,0,2024-11-29 00:00:00
RECON009110,HDFC2026124847,2024-11-29,Unmatched,FX Rate Discrepancy,0.0,1.42,12,2024-12-11
RECON009111,HDFC2026606584,2024-11-29,Matched,None,0.0,0.0,0,2024-11-29 00:00:00
RECON009112,HDFC2026784719,2024-11-29,Unmatched,Missing Settlement,235747.0,100.0,7,2024-12-06
RECON009113,HDFC2026448024,2024-11-29,Unmatched,Amount Mismatch,138.0,0.10356006483760581,1,2024-11-30
RECON009114,HDFC2026164659,2024-11-29,Matched,None,0.0,0.0,0,2024-11-29 00:00:00
RECON009115,HDFC2026553267,2024-11-29,Unmatched,Amount Mismatch,2839.0,2.7830059208720543,1,2024-11-30
RECON009116,HDFC2026767225,2024-11-29,Matched,None,0.0,0.0,0,2024-11-29 00:00:00
RECON009117,HDFC2026520106,2024-11-29,Matched,None,0.0,0.0,0,2024-11-29 00:00:00
RECON009118,HDFC2026955088,2024-11-29,Matched,None,0.0,0.0,0,2024-11-29 00:00:00
RECON009119,HDFC2026197330,2024-11-29,Matched,None,0.0,0.0,0,2024-11-29 00:00:00
RECON009120,HDFC2026476315,2024-11-29,Matched,None,0.0,0.0,0,2024-11-29 00:00:00
RECON009121,HDFC2026249241,2024-11-29,Matched,None,0.0,0.0,0,2024-11-29 00:00:00
RECON009122,HDFC2026765489,2024-11-29,Matched,None,0.0,0.0,0,2024-11-29 00:00:00
RECON009123,HDFC2026877195,2024-11-29,Matched,None,0.0,0.0,0,2024-11-29 00:00:00
RECON009124,HDFC2026894501,2024-11-29,Matched,None,0.0,0.0,0,2024-11-29 00:00:00
RECON009125,HDFC2026919182,2024-11-29,Matched,None,0.0,0.0,0,2024-11-29 00:00:00
RECON009126,HDFC2026996405,2024-11-29,Matched,None,0.0,0.0,0,2024-11-29 00:00:00
RECON009127,HDFC2026425562,2024-11-29,Matched,None,0.0,0.0,0,2024-11-29 00:00:00
RECON009128,HDFC2026127661,2024-11-29,Matched,None,0.0,0.0,0,2024-11-29 00:00:00
RECON009129,HDFC2026201413,2024-11-29,Matched,None,0.0,0.0,0,2024-11-29 00:00:00
RECON009130,HDFC2026674332,2024-11-30,Matched,None,0.0,0.0,0,2024-11-30 00:00:00
RECON009131,HDFC2026257044,2024-11-30,Matched,None,0.0,0.0,0,2024-11-30 00:00:00
RECON009132,HDFC2026426057,2024-11-30,Matched,None,0.0,0.0,0,2024-11-30 00:00:00
RECON009133,HDFC2026806073,2024-11-30,Matched,None,0.0,0.0,0,2024-11-30 00:00:00
RECON009134,HDFC2026308132,2024-11-30,Matched,None,0.0,0.0,0,2024-11-30 00:00:00
RECON009135,HDFC2026662624,2024-11-30,Matched,None,0.0,0.0,0,2024-11-30 00:00:00
RECON009136,HDFC2026699259,2024-11-30,Matched,None,0.0,0.0,0,2024-11-30 00:00:00
RECON009137,HDFC2026332135,2024-11-30,Matched,None,0.0,0.0,0,2024-11-30 00:00:00
RECON009138,HDFC2026527047,2024-11-30,Matched,None,0.0,0.0,0,2024-11-30 00:00:00
RECON009139,HDFC2026223901,2024-11-30,Unmatched,Amount Mismatch,-4916.0,-1.2232141968489045,12,2024-12-12
RECON009140,HDFC2026473857,2024-11-30,Matched,None,0.0,0.0,0,2024-11-30 00:00:00
RECON009141,HDFC2026398644,2024-11-30,Matched,None,0.0,0.0,0,2024-11-30 00:00:00
RECON009142,HDFC2026337749,2024-11-30,Matched,None,0.0,0.0,0,2024-11-30 00:00:00
RECON009143,HDFC2026273001,2024-11-30,Matched,None,0.0,0.0,0,2024-11-30 00:00:00
RECON009144,HDFC2026678628,2024-11-30,Matched,None,0.0,0.0,0,2024-11-30 00:00:00
RECON009145,HDFC2026186097,2024-11-30,Matched,None,0.0,0.0,0,2024-11-30 00:00:00
RECON009146,HDFC2026574381,2024-11-30,Matched,None,0.0,0.0,0,2024-11-30 00:00:00
RECON009147,HDFC2026541521,2024-11-30,Duplicate,Duplicate Transaction,0.0,0.0,11,2024-12-11
RECON009148,HDFC2026494956,2024-11-30,Matched,None,0.0,0.0,0,2024-11-30 00:00:00
RECON009149,HDFC2026979673,2024-11-30,Matched,None,0.0,0.0,0,2024-11-30 00:00:00
RECON009150,HDFC2026159731,2024-11-30,Matched,None,0.0,0.0,0,2024-11-30 00:00:00
RECON009151,HDFC2026316800,2024-11-30,Matched,None,0.0,0.0,0,2024-11-30 00:00:00
RECON009152,HDFC2026883997,2024-11-30,Matched,None,0.0,0.0,0,2024-11-30 00:00:00
RECON009153,HDFC2026391476,2024-11-30,Matched,None,0.0,0.0,0,2024-11-30 00:00:00
RECON009154,HDFC2026321960,2024-11-30,Matched,None,0.0,0.0,0,2024-11-30 00:00:00
RECON009155,HDFC2026786139,2024-11-30,Matched,None,0.0,0.0,0,2024-11-30 00:00:00
RECON009156,HDFC2026374258,2024-11-30,Matched,None,0.0,0.0,0,2024-11-30 00:00:00
RECON009157,HDFC2026637113,2024-11-30,Unmatched,Missing Settlement,50000.0,100.0,11,2024-12-11
RECON009158,HDFC2026120602,2024-12-01,Unmatched,FX Rate Discrepancy,0.0,0.21,15,2024-12-16
RECON009159,HDFC2026924156,2024-12-01,Matched,None,0.0,0.0,0,2024-12-01 00:00:00
RECON009160,HDFC2026536518,2024-12-01,Matched,None,0.0,0.0,0,2024-12-01 00:00:00
RECON009161,HDFC2026489146,2024-12-01,Matched,None,0.0,0.0,0,2024-12-01 00:00:00
RECON009162,HDFC2026915565,2024-12-01,Matched,None,0.0,0.0,0,2024-12-01 00:00:00
RECON009163,HDFC2026536740,2024-12-01,Unmatched,Missing Settlement,591042.0,100.0,8,2024-12-09
RECON009164,HDFC2026555304,2024-12-01,Matched,None,0.0,0.0,0,2024-12-01 00:00:00
RECON009165,HDFC2026541249,2024-12-01,Matched,None,0.0,0.0,0,2024-12-01 00:00:00
RECON009166,HDFC2026322955,2024-12-01,Matched,None,0.0,0.0,0,2024-12-01 00:00:00
RECON009167,HDFC2026635994,2024-12-01,Matched,None,0.0,0.0,0,2024-12-01 00:00:00
RECON009168,HDFC2026188406,2024-12-01,Matched,None,0.0,0.0,0,2024-12-01 00:00:00
RECON009169,HDFC2026429719,2024-12-01,Matched,None,0.0,0.0,0,2024-12-01 00:00:00
RECON009170,HDFC2026284025,2024-12-01,Matched,None,0.0,0.0,0,2024-12-01 00:00:00
RECON009171,HDFC2026568909,2024-12-01,Unmatched,Missing Settlement,125738.0,100.0,11,2024-12-12
RECON009172,HDFC2026519432,2024-12-01,Matched,None,0.0,0.0,0,2024-12-01 00:00:00
RECON009173,HDFC2026767164,2024-12-01,Matched,None,0.0,0.0,0,2024-12-01 00:00:00
RECON009174,HDFC2026988494,2024-12-01,Matched,None,0.0,0.0,0,2024-12-01 00:00:00
RECON009175,HDFC2026400403,2024-12-01,Matched,None,0.0,0.0,0,2024-12-01 00:00:00
RECON009176,HDFC2026550081,2024-12-01,Matched,None,0.0,0.0,0,2024-12-01 00:00:00
RECON009177,HDFC2026426449,2024-12-01,Matched,None,0.0,0.0,0,2024-12-01 00:00:00
RECON009178,HDFC2026788565,2024-12-01,Matched,None,0.0,0.0,0,2024-12-01 00:00:00
RECON009179,HDFC2026171114,2024-12-01,Matched,None,0.0,0.0,0,2024-12-01 00:00:00
RECON009180,HDFC2026601695,2024-12-02,Matched,None,0.0,0.0,0,2024-12-02 00:00:00
RECON009181,HDFC2026169223,2024-12-02,Matched,None,0.0,0.0,0,2024-12-02 00:00:00
RECON009182,HDFC2026851470,2024-12-02,Matched,None,0.0,0.0,0,2024-12-02 00:00:00
RECON009183,HDFC2026188120,2024-12-02,Matched,None,0.0,0.0,0,2024-12-02 00:00:00
RECON009184,HDFC2026617885,2024-12-02,Matched,None,0.0,0.0,0,2024-12-02 00:00:00
RECON009185,HDFC2026738577,2024-12-02,Matched,None,0.0,0.0,0,2024-12-02 00:00:00
RECON009186,HDFC2026559613,2024-12-02,Matched,None,0.0,0.0,0,2024-12-02 00:00:00
RECON009187,HDFC2026330697,2024-12-02,Matched,None,0.0,0.0,0,2024-12-02 00:00:00
RECON009188,HDFC2026928373,2024-12-02,Matched,None,0.0,0.0,0,2024-12-02 00:00:00
RECON009189,HDFC2026156015,2024-12-02,Matched,None,0.0,0.0,0,2024-12-02 00:00:00
RECON009190,HDFC2026980661,2024-12-02,Unmatched,Amount Mismatch,-3463.0,-0.6921376520484316,9,2024-12-11
RECON009191,HDFC2026277233,2024-12-02,Matched,None,0.0,0.0,0,2024-12-02 00:00:00
RECON009192,HDFC2026359896,2024-12-02,Matched,None,0.0,0.0,0,2024-12-02 00:00:00
RECON009193,HDFC2026179861,2024-12-02,Matched,None,0.0,0.0,0,2024-12-02 00:00:00
RECON009194,HDFC2026219200,2024-12-02,Matched,None,0.0,0.0,0,2024-12-02 00:00:00
RECON009195,HDFC2026431667,2024-12-02,Matched,None,0.0,0.0,0,2024-12-02 00:00:00
RECON009196,HDFC2026682235,2024-12-02,Matched,None,0.0,0.0,0,2024-12-02 00:00:00
RECON009197,HDFC2026333177,2024-12-02,Matched,None,0.0,0.0,0,2024-12-02 00:00:00
RECON009198,HDFC2026101533,2024-12-02,Matched,None,0.0,0.0,0,2024-12-02 00:00:00
RECON009199,HDFC2026821078,2024-12-02,Matched,None,0.0,0.0,0,2024-12-02 00:00:00
RECON009200,HDFC2026503004,2024-12-02,Duplicate,Duplicate Transaction,0.0,0.0,9,2024-12-11
RECON009201,HDFC2026679198,2024-12-02,Unmatched,FX Rate Discrepancy,0.0,-0.31,15,2024-12-17
RECON009202,HDFC2026518707,2024-12-02,Matched,None,0.0,0.0,0,2024-12-02 00:00:00
RECON009203,HDFC2026691021,2024-12-02,Matched,None,0.0,0.0,0,2024-12-02 00:00:00
RECON009204,HDFC2026236814,2024-12-02,Matched,None,0.0,0.0,0,2024-12-02 00:00:00
RECON009205,HDFC2026123005,2024-12-03,Matched,None,0.0,0.0,0,2024-12-03 00:00:00
RECON009206,HDFC2026815325,2024-12-03,Matched,None,0.0,0.0,0,2024-12-03 00:00:00
RECON009207,HDFC2026992373,2024-12-03,Unmatched,Amount Mismatch,-4103.0,-0.4153489822279631,2,2024-12-05
RECON009208,HDFC2026897718,2024-12-03,Duplicate,Duplicate Transaction,0.0,0.0,8,2024-12-11
RECON009209,HDFC2026579605,2024-12-03,Matched,None,0.0,0.0,0,2024-12-03 00:00:00
RECON009210,HDFC2026636361,2024-12-03,Matched,None,0.0,0.0,0,2024-12-03 00:00:00
RECON009211,HDFC2026865692,2024-12-03,Unmatched,Missing Settlement,53255.0,100.0,8,2024-12-11
RECON009212,HDFC2026533452,2024-12-03,Matched,None,0.0,0.0,0,2024-12-03 00:00:00
RECON009213,HDFC2026970210,2024-12-03,Matched,None,0.0,0.0,0,2024-12-03 00:00:00
RECON009214,HDFC2026602021,2024-12-03,Matched,None,0.0,0.0,0,2024-12-03 00:00:00
RECON009215,HDFC2026377967,2024-12-03,Matched,None,0.0,0.0,0,2024-12-03 00:00:00
RECON009216,HDFC2026957952,2024-12-03,Matched,None,0.0,0.0,0,2024-12-03 00:00:00
RECON009217,HDFC2026728700,2024-12-03,Matched,None,0.0,0.0,0,2024-12-03 00:00:00
RECON009218,HDFC2026339597,2024-12-03,Matched,None,0.0,0.0,0,2024-12-03 00:00:00
RECON009219,HDFC2026186288,2024-12-03,Matched,None,0.0,0.0,0,2024-12-03 00:00:00
RECON009220,HDFC2026279516,2024-12-03,Matched,None,0.0,0.0,0,2024-12-03 00:00:00
RECON009221,HDFC2026619792,2024-12-03,Matched,None,0.0,0.0,0,2024-12-03 00:00:00
RECON009222,HDFC2026287356,2024-12-03,Matched,None,0.0,0.0,0,2024-12-03 00:00:00
RECON009223,HDFC2026336508,2024-12-03,Matched,None,0.0,0.0,0,2024-12-03 00:00:00
RECON009224,HDFC2026609584,2024-12-03,Matched,None,0.0,0.0,0,2024-12-03 00:00:00
RECON009225,HDFC2026495893,2024-12-03,Matched,None,0.0,0.0,0,2024-12-03 00:00:00
RECON009226,HDFC2026456827,2024-12-03,Matched,None,0.0,0.0,0,2024-12-03 00:00:00
RECON009227,HDFC2026784061,2024-12-03,Matched,None,0.0,0.0,0,2024-12-03 00:00:00
RECON009228,HDFC2026485606,2024-12-03,Matched,None,0.0,0.0,0,2024-12-03 00:00:00
RECON009229,HDFC2026603371,2024-12-03,Matched,None,0.0,0.0,0,2024-12-03 00:00:00
RECON009230,HDFC2026340058,2024-12-03,Matched,None,0.0,0.0,0,2024-12-03 00:00:00
RECON009231,HDFC2026672367,2024-12-03,Matched,None,0.0,0.0,0,2024-12-03 00:00:00
RECON009232,HDFC2026603760,2024-12-03,Matched,None,0.0,0.0,0,2024-12-03 00:00:00
RECON009233,HDFC2026157637,2024-12-03,Matched,None,0.0,0.0,0,2024-12-03 00:00:00
RECON009234,HDFC2026821548,2024-12-04,Matched,None,0.0,0.0,0,2024-12-04 00:00:00
RECON009235,HDFC2026189484,2024-12-04,Matched,None,0.0,0.0,0,2024-12-04 00:00:00
RECON009236,HDFC2026121613,2024-12-04,Matched,None,0.0,0.0,0,2024-12-04 00:00:00
RECON009237,HDFC2026765604,2024-12-04,Matched,None,0.0,0.0,0,2024-12-04 00:00:00
RECON009238,HDFC2026849363,2024-12-04,Matched,None,0.0,0.0,0,2024-12-04 00:00:00
RECON009239,HDFC2026215266,2024-12-04,Matched,None,0.0,0.0,0,2024-12-04 00:00:00
RECON009240,HDFC2026556823,2024-12-04,Matched,None,0.0,0.0,0,2024-12-04 00:00:00
RECON009241,HDFC2026855889,2024-12-04,Matched,None,0.0,0.0,0,2024-12-04 00:00:00
RECON009242,HDFC2026274126,2024-12-04,Matched,None,0.0,0.0,0,2024-12-04 00:00:00
RECON009243,HDFC2026475125,2024-12-04,Matched,None,0.0,0.0,0,2024-12-04 00:00:00
RECON009244,HDFC2026369765,2024-12-04,Matched,None,0.0,0.0,0,2024-12-04 00:00:00
RECON009245,HDFC2026460207,2024-12-04,Matched,None,0.0,0.0,0,2024-12-04 00:00:00
RECON009246,HDFC2026399434,2024-12-04,Matched,None,0.0,0.0,0,2024-12-04 00:00:00
RECON009247,HDFC2026483070,2024-12-04,Matched,None,0.0,0.0,0,2024-12-04 00:00:00
RECON009248,HDFC2026409619,2024-12-04,Matched,None,0.0,0.0,0,2024-12-04 00:00:00
RECON009249,HDFC2026131832,2024-12-04,Matched,None,0.0,0.0,0,2024-12-04 00:00:00
RECON009250,HDFC2026408857,2024-12-04,Matched,None,0.0,0.0,0,2024-12-04 00:00:00
RECON009251,HDFC2026749222,2024-12-04,Matched,None,0.0,0.0,0,2024-12-04 00:00:00
RECON009252,HDFC2026271344,2024-12-04,Unmatched,FX Rate Discrepancy,0.0,-1.65,11,2024-12-15
RECON009253,HDFC2026141877,2024-12-04,Matched,None,0.0,0.0,0,2024-12-04 00:00:00
RECON009254,HDFC2026202452,2024-12-04,Matched,None,0.0,0.0,0,2024-12-04 00:00:00
RECON009255,HDFC2026551983,2024-12-04,Matched,None,0.0,0.0,0,2024-12-04 00:00:00
RECON009256,HDFC2026443516,2024-12-04,Matched,None,0.0,0.0,0,2024-12-04 00:00:00
RECON009257,HDFC2026673819,2024-12-04,Matched,None,0.0,0.0,0,2024-12-04 00:00:00
RECON009258,HDFC2026227648,2024-12-04,Unmatched,Amount Mismatch,-2512.0,-1.1270638908829864,9,2024-12-13
RECON009259,HDFC2026362707,2024-12-04,Matched,None,0.0,0.0,0,2024-12-04 00:00:00
RECON009260,HDFC2026407823,2024-12-04,Matched,None,0.0,0.0,0,2024-12-04 00:00:00
RECON009261,HDFC2026866496,2024-12-04,Matched,None,0.0,0.0,0,2024-12-04 00:00:00
RECON009262,HDFC2026963915,2024-12-04,Matched,None,0.0,0.0,0,2024-12-04 00:00:00
RECON009263,HDFC2026311973,2024-12-04,Matched,None,0.0,0.0,0,2024-12-04 00:00:00
RECON009264,HDFC2026318742,2024-12-04,Matched,None,0.0,0.0,0,2024-12-04 00:00:00
RECON009265,HDFC2026854500,2024-12-04,Matched,None,0.0,0.0,0,2024-12-04 00:00:00
RECON009266,HDFC2026516905,2024-12-04,Unmatched,Amount Mismatch,-1224.0,-1.0429003535977506,6,2024-12-10
RECON009267,HDFC2026356089,2024-12-04,Unmatched,FX Rate Discrepancy,0.0,-0.97,4,2024-12-08
RECON009268,HDFC2026948799,2024-12-04,Unmatched,Missing Settlement,285609.0,100.0,12,2024-12-16
RECON009269,HDFC2026301435,2024-12-05,Matched,None,0.0,0.0,0,2024-12-05 00:00:00
RECON009270,HDFC2026644998,2024-12-05,Unmatched,Amount Mismatch,-1887.0,-0.8045433033601515,14,2024-12-19
RECON009271,HDFC2026815864,2024-12-05,Matched,None,0.0,0.0,0,2024-12-05 00:00:00
RECON009272,HDFC2026462986,2024-12-05,Matched,None,0.0,0.0,0,2024-12-05 00:00:00
RECON009273,HDFC2026894133,2024-12-05,Matched,None,0.0,0.0,0,2024-12-05 00:00:00
RECON009274,HDFC2026402152,2024-12-05,Matched,None,0.0,0.0,0,2024-12-05 00:00:00
RECON009275,HDFC2026585610,2024-12-05,Matched,None,0.0,0.0,0,2024-12-05 00:00:00
RECON009276,HDFC2026527265,2024-12-05,Matched,None,0.0,0.0,0,2024-12-05 00:00:00
RECON009277,HDFC2026440911,2024-12-05,Matched,None,0.0,0.0,0,2024-12-05 00:00:00
RECON009278,HDFC2026357874,2024-12-05,Matched,None,0.0,0.0,0,2024-12-05 00:00:00
RECON009279,HDFC2026683238,2024-12-05,Matched,None,0.0,0.0,0,2024-12-05 00:00:00
RECON009280,HDFC2026535273,2024-12-05,Matched,None,0.0,0.0,0,2024-12-05 00:00:00
RECON009281,HDFC2026279679,2024-12-05,Matched,None,0.0,0.0,0,2024-12-05 00:00:00
RECON009282,HDFC2026908366,2024-12-05,Duplicate,Duplicate Transaction,0.0,0.0,7,2024-12-12
RECON009283,HDFC2026739760,2024-12-05,Matched,None,0.0,0.0,0,2024-12-05 00:00:00
RECON009284,HDFC2026685473,2024-12-05,Unmatched,Amount Mismatch,3655.0,3.0899422590817247,4,2024-12-09
RECON009285,HDFC2026618659,2024-12-05,Matched,None,0.0,0.0,0,2024-12-05 00:00:00
RECON009286,HDFC2026352069,2024-12-05,Matched,None,0.0,0.0,0,2024-12-05 00:00:00
RECON009287,HDFC2026635820,2024-12-05,Matched,None,0.0,0.0,0,2024-12-05 00:00:00
RECON009288,HDFC2026131350,2024-12-05,Matched,None,0.0,0.0,0,2024-12-05 00:00:00
RECON009289,HDFC2026462544,2024-12-05,Matched,None,0.0,0.0,0,2024-12-05 00:00:00
RECON009290,HDFC2026556112,2024-12-05,Matched,None,0.0,0.0,0,2024-12-05 00:00:00
RECON009291,HDFC2026930326,2024-12-05,Matched,None,0.0,0.0,0,2024-12-05 00:00:00
RECON009292,HDFC2026276878,2024-12-05,Matched,None,0.0,0.0,0,2024-12-05 00:00:00
RECON009293,HDFC2026539261,2024-12-06,Matched,None,0.0,0.0,0,2024-12-06 00:00:00
RECON009294,HDFC2026259253,2024-12-06,Matched,None,0.0,0.0,0,2024-12-06 00:00:00
RECON009295,HDFC2026713327,2024-12-06,Matched,None,0.0,0.0,0,2024-12-06 00:00:00
RECON009296,HDFC2026513283,2024-12-06,Matched,None,0.0,0.0,0,2024-12-06 00:00:00
RECON009297,HDFC2026611015,2024-12-06,Unmatched,Amount Mismatch,3000.0,0.2623978616323596,7,2024-12-13
RECON009298,HDFC2026568457,2024-12-06,Matched,None,0.0,0.0,0,2024-12-06 00:00:00
RECON009299,HDFC2026156853,2024-12-06,Matched,None,0.0,0.0,0,2024-12-06 00:00:00
RECON009300,HDFC2026141236,2024-12-06,Matched,None,0.0,0.0,0,2024-12-06 00:00:00
RECON009301,HDFC2026850855,2024-12-06,Matched,None,0.0,0.0,0,2024-12-06 00:00:00
RECON009302,HDFC2026991253,2024-12-06,Matched,None,0.0,0.0,0,2024-12-06 00:00:00
RECON009303,HDFC2026813398,2024-12-06,Matched,None,0.0,0.0,0,2024-12-06 00:00:00
RECON009304,HDFC2026789545,2024-12-06,Matched,None,0.0,0.0,0,2024-12-06 00:00:00
RECON009305,HDFC2026375378,2024-12-06,Matched,None,0.0,0.0,0,2024-12-06 00:00:00
RECON009306,HDFC2026695183,2024-12-06,Matched,None,0.0,0.0,0,2024-12-06 00:00:00
RECON009307,HDFC2026439458,2024-12-06,Matched,None,0.0,0.0,0,2024-12-06 00:00:00
RECON009308,HDFC2026457867,2024-12-06,Matched,None,0.0,0.0,0,2024-12-06 00:00:00
RECON009309,HDFC2026425417,2024-12-06,Duplicate,Duplicate Transaction,0.0,0.0,13,2024-12-19
RECON009310,HDFC2026572239,2024-12-06,Matched,None,0.0,0.0,0,2024-12-06 00:00:00
RECON009311,HDFC2026841063,2024-12-06,Matched,None,0.0,0.0,0,2024-12-06 00:00:00
RECON009312,HDFC2026826596,2024-12-06,Matched,None,0.0,0.0,0,2024-12-06 00:00:00
RECON009313,HDFC2026248809,2024-12-06,Matched,None,0.0,0.0,0,2024-12-06 00:00:00
RECON009314,HDFC2026647312,2024-12-06,Matched,None,0.0,0.0,0,2024-12-06 00:00:00
RECON009315,HDFC2026923303,2024-12-06,Matched,None,0.0,0.0,0,2024-12-06 00:00:00
RECON009316,HDFC2026151000,2024-12-06,Matched,None,0.0,0.0,0,2024-12-06 00:00:00
RECON009317,HDFC2026427704,2024-12-06,Matched,None,0.0,0.0,0,2024-12-06 00:00:00
RECON009318,HDFC2026584221,2024-12-07,Matched,None,0.0,0.0,0,2024-12-07 00:00:00
RECON009319,HDFC2026878339,2024-12-07,Matched,None,0.0,0.0,0,2024-12-07 00:00:00
RECON009320,HDFC2026827966,2024-12-07,Matched,None,0.0,0.0,0,2024-12-07 00:00:00
RECON009321,HDFC2026580425,2024-12-07,Matched,None,0.0,0.0,0,2024-12-07 00:00:00
RECON009322,HDFC2026944601,2024-12-07,Matched,None,0.0,0.0,0,2024-12-07 00:00:00
RECON009323,HDFC2026630134,2024-12-07,Matched,None,0.0,0.0,0,2024-12-07 00:00:00
RECON009324,HDFC2026558089,2024-12-07,Matched,None,0.0,0.0,0,2024-12-07 00:00:00
RECON009325,HDFC2026556899,2024-12-07,Matched,None,0.0,0.0,0,2024-12-07 00:00:00
RECON009326,HDFC2026424314,2024-12-07,Matched,None,0.0,0.0,0,2024-12-07 00:00:00
RECON009327,HDFC2026457572,2024-12-07,Matched,None,0.0,0.0,0,2024-12-07 00:00:00
RECON009328,HDFC2026830056,2024-12-07,Unmatched,Amount Mismatch,-919.0,-0.09109743162736293,13,2024-12-20
RECON009329,HDFC2026393356,2024-12-07,Matched,None,0.0,0.0,0,2024-12-07 00:00:00
RECON009330,HDFC2026599100,2024-12-07,Matched,None,0.0,0.0,0,2024-12-07 00:00:00
RECON009331,HDFC2026431355,2024-12-07,Matched,None,0.0,0.0,0,2024-12-07 00:00:00
RECON009332,HDFC2026253209,2024-12-07,Matched,None,0.0,0.0,0,2024-12-07 00:00:00
RECON009333,HDFC2026610816,2024-12-07,Matched,None,0.0,0.0,0,2024-12-07 00:00:00
RECON009334,HDFC2026833387,2024-12-07,Matched,None,0.0,0.0,0,2024-12-07 00:00:00
RECON009335,HDFC2026349312,2024-12-07,Matched,None,0.0,0.0,0,2024-12-07 00:00:00
RECON009336,HDFC2026925135,2024-12-07,Matched,None,0.0,0.0,0,2024-12-07 00:00:00
RECON009337,HDFC2026652530,2024-12-07,Matched,None,0.0,0.0,0,2024-12-07 00:00:00
RECON009338,HDFC2026724288,2024-12-07,Matched,None,0.0,0.0,0,2024-12-07 00:00:00
RECON009339,HDFC2026765235,2024-12-07,Matched,None,0.0,0.0,0,2024-12-07 00:00:00
RECON009340,HDFC2026635747,2024-12-08,Matched,None,0.0,0.0,0,2024-12-08 00:00:00
RECON009341,HDFC2026823190,2024-12-08,Matched,None,0.0,0.0,0,2024-12-08 00:00:00
RECON009342,HDFC2026715772,2024-12-08,Matched,None,0.0,0.0,0,2024-12-08 00:00:00
RECON009343,HDFC2026522063,2024-12-08,Matched,None,0.0,0.0,0,2024-12-08 00:00:00
RECON009344,HDFC2026586466,2024-12-08,Matched,None,0.0,0.0,0,2024-12-08 00:00:00
RECON009345,HDFC2026612029,2024-12-08,Matched,None,0.0,0.0,0,2024-12-08 00:00:00
RECON009346,HDFC2026843984,2024-12-08,Matched,None,0.0,0.0,0,2024-12-08 00:00:00
RECON009347,HDFC2026214717,2024-12-08,Matched,None,0.0,0.0,0,2024-12-08 00:00:00
RECON009348,HDFC2026185159,2024-12-08,Unmatched,Amount Mismatch,2809.0,5.618,10,2024-12-18
RECON009349,HDFC2026225079,2024-12-08,Matched,None,0.0,0.0,0,2024-12-08 00:00:00
RECON009350,HDFC2026703580,2024-12-08,Matched,None,0.0,0.0,0,2024-12-08 00:00:00
RECON009351,HDFC2026171897,2024-12-08,Matched,None,0.0,0.0,0,2024-12-08 00:00:00
RECON009352,HDFC2026262845,2024-12-08,Matched,None,0.0,0.0,0,2024-12-08 00:00:00
RECON009353,HDFC2026392004,2024-12-08,Unmatched,FX Rate Discrepancy,0.0,-1.05,15,2024-12-23
RECON009354,HDFC2026579264,2024-12-08,Matched,None,0.0,0.0,0,2024-12-08 00:00:00
RECON009355,HDFC2026824066,2024-12-08,Matched,None,0.0,0.0,0,2024-12-08 00:00:00
RECON009356,HDFC2026503523,2024-12-08,Matched,None,0.0,0.0,0,2024-12-08 00:00:00
RECON009357,HDFC2026807284,2024-12-08,Matched,None,0.0,0.0,0,2024-12-08 00:00:00
RECON009358,HDFC2026240870,2024-12-08,Matched,None,0.0,0.0,0,2024-12-08 00:00:00
RECON009359,HDFC2026314181,2024-12-08,Matched,None,0.0,0.0,0,2024-12-08 00:00:00
RECON009360,HDFC2026720485,2024-12-08,Matched,None,0.0,0.0,0,2024-12-08 00:00:00
RECON009361,HDFC2026803962,2024-12-08,Matched,None,0.0,0.0,0,2024-12-08 00:00:00
RECON009362,HDFC2026496435,2024-12-08,Matched,None,0.0,0.0,0,2024-12-08 00:00:00
RECON009363,HDFC2026718924,2024-12-09,Matched,None,0.0,0.0,0,2024-12-09 00:00:00
RECON009364,HDFC2026522413,2024-12-09,Matched,None,0.0,0.0,0,2024-12-09 00:00:00
RECON009365,HDFC2026519320,2024-12-09,Unmatched,Amount Mismatch,-819.0,-0.3601424739457368,14,2024-12-23
RECON009366,HDFC2026706701,2024-12-09,Matched,None,0.0,0.0,0,2024-12-09 00:00:00
RECON009367,HDFC2026882371,2024-12-09,Matched,None,0.0,0.0,0,2024-12-09 00:00:00
RECON009368,HDFC2026786393,2024-12-09,Matched,None,0.0,0.0,0,2024-12-09 00:00:00
RECON009369,HDFC2026155642,2024-12-09,Matched,None,0.0,0.0,0,2024-12-09 00:00:00
RECON009370,HDFC2026878427,2024-12-09,Matched,None,0.0,0.0,0,2024-12-09 00:00:00
RECON009371,HDFC2026481088,2024-12-09,Matched,None,0.0,0.0,0,2024-12-09 00:00:00
RECON009372,HDFC2026882296,2024-12-09,Matched,None,0.0,0.0,0,2024-12-09 00:00:00
RECON009373,HDFC2026586838,2024-12-09,Matched,None,0.0,0.0,0,2024-12-09 00:00:00
RECON009374,HDFC2026350369,2024-12-09,Matched,None,0.0,0.0,0,2024-12-09 00:00:00
RECON009375,HDFC2026774349,2024-12-09,Unmatched,Amount Mismatch,4109.0,1.633764736287549,6,2024-12-15
RECON009376,HDFC2026768882,2024-12-09,Matched,None,0.0,0.0,0,2024-12-09 00:00:00
RECON009377,HDFC2026783833,2024-12-09,Matched,None,0.0,0.0,0,2024-12-09 00:00:00
RECON009378,HDFC2026630601,2024-12-09,Matched,None,0.0,0.0,0,2024-12-09 00:00:00
RECON009379,HDFC2026328417,2024-12-09,Matched,None,0.0,0.0,0,2024-12-09 00:00:00
RECON009380,HDFC2026777406,2024-12-09,Matched,None,0.0,0.0,0,2024-12-09 00:00:00
RECON009381,HDFC2026936499,2024-12-09,Matched,None,0.0,0.0,0,2024-12-09 00:00:00
RECON009382,HDFC2026949329,2024-12-09,Unmatched,FX Rate Discrepancy,0.0,1.13,2,2024-12-11
RECON009383,HDFC2026564668,2024-12-09,Matched,None,0.0,0.0,0,2024-12-09 00:00:00
RECON009384,HDFC2026489033,2024-12-09,Matched,None,0.0,0.0,0,2024-12-09 00:00:00
RECON009385,HDFC2026232021,2024-12-09,Matched,None,0.0,0.0,0,2024-12-09 00:00:00
RECON009386,HDFC2026401715,2024-12-09,Unmatched,FX Rate Discrepancy,0.0,-0.62,2,2024-12-11
RECON009387,HDFC2026709066,2024-12-10,Matched,None,0.0,0.0,0,2024-12-10 00:00:00
RECON009388,HDFC2026262245,2024-12-10,Unmatched,Amount Mismatch,3365.0,2.0613946422117264,1,2024-12-11
RECON009389,HDFC2026460367,2024-12-10,Matched,None,0.0,0.0,0,2024-12-10 00:00:00
RECON009390,HDFC2026809821,2024-12-10,Matched,None,0.0,0.0,0,2024-12-10 00:00:00
RECON009391,HDFC2026893477,2024-12-10,Unmatched,Amount Mismatch,4154.0,1.397039782338915,12,2024-12-22
RECON009392,HDFC2026933901,2024-12-10,Matched,None,0.0,0.0,0,2024-12-10 00:00:00
RECON009393,HDFC2026690380,2024-12-10,Matched,None,0.0,0.0,0,2024-12-10 00:00:00
RECON009394,HDFC2026953779,2024-12-10,Matched,None,0.0,0.0,0,2024-12-10 00:00:00
RECON009395,HDFC2026607270,2024-12-10,Matched,None,0.0,0.0,0,2024-12-10 00:00:00
RECON009396,HDFC2026541893,2024-12-10,Matched,None,0.0,0.0,0,2024-12-10 00:00:00
RECON009397,HDFC2026616973,2024-12-10,Matched,None,0.0,0.0,0,2024-12-10 00:00:00
RECON009398,HDFC2026489678,2024-12-10,Matched,None,0.0,0.0,0,2024-12-10 00:00:00
RECON009399,HDFC2026308778,2024-12-10,Matched,None,0.0,0.0,0,2024-12-10 00:00:00
RECON009400,HDFC2026608753,2024-12-10,Unmatched,Amount Mismatch,3732.0,1.9672234843892487,2,2024-12-12
RECON009401,HDFC2026203025,2024-12-10,Unmatched,Amount Mismatch,-833.0,-0.2365361789610581,1,2024-12-11
RECON009402,HDFC2026281723,2024-12-10,Matched,None,0.0,0.0,0,2024-12-10 00:00:00
RECON009403,HDFC2026330906,2024-12-10,Duplicate,Duplicate Transaction,0.0,0.0,3,2024-12-13
RECON009404,HDFC2026150448,2024-12-10,Matched,None,0.0,0.0,0,2024-12-10 00:00:00
RECON009405,HDFC2026244844,2024-12-10,Matched,None,0.0,0.0,0,2024-12-10 00:00:00
RECON009406,HDFC2026203965,2024-12-10,Matched,None,0.0,0.0,0,2024-12-10 00:00:00
RECON009407,HDFC2026132122,2024-12-10,Duplicate,Duplicate Transaction,0.0,0.0,2,2024-12-12
RECON009408,HDFC2026527698,2024-12-10,Matched,None,0.0,0.0,0,2024-12-10 00:00:00
RECON009409,HDFC2026668129,2024-12-10,Matched,None,0.0,0.0,0,2024-12-10 00:00:00
RECON009410,HDFC2026901909,2024-12-10,Unmatched,Amount Mismatch,3010.0,2.0771226675499617,11,2024-12-21
RECON009411,HDFC2026869983,2024-12-10,Matched,None,0.0,0.0,0,2024-12-10 00:00:00
RECON009412,HDFC2026316015,2024-12-10,Matched,None,0.0,0.0,0,2024-12-10 00:00:00
RECON009413,HDFC2026414800,2024-12-10,Matched,None,0.0,0.0,0,2024-12-10 00:00:00
RECON009414,HDFC2026183835,2024-12-11,Unmatched,Amount Mismatch,3017.0,1.385521143319005,4,2024-12-15
RECON009415,HDFC2026370698,2024-12-11,Matched,None,0.0,0.0,0,2024-12-11 00:00:00
RECON009416,HDFC2026884071,2024-12-11,Matched,None,0.0,0.0,0,2024-12-11 00:00:00
RECON009417,HDFC2026374312,2024-12-11,Matched,None,0.0,0.0,0,2024-12-11 00:00:00
RECON009418,HDFC2026701790,2024-12-11,Matched,None,0.0,0.0,0,2024-12-11 00:00:00
RECON009419,HDFC2026425808,2024-12-11,Unmatched,Missing Settlement,395921.0,100.0,14,2024-12-25
RECON009420,HDFC2026928224,2024-12-11,Matched,None,0.0,0.0,0,2024-12-11 00:00:00
RECON009421,HDFC2026151691,2024-12-11,Matched,None,0.0,0.0,0,2024-12-11 00:00:00
RECON009422,HDFC2026864948,2024-12-11,Matched,None,0.0,0.0,0,2024-12-11 00:00:00
RECON009423,HDFC2026735819,2024-12-11,Matched,None,0.0,0.0,0,2024-12-11 00:00:00
RECON009424,HDFC2026505605,2024-12-11,Matched,None,0.0,0.0,0,2024-12-11 00:00:00
RECON009425,HDFC2026364012,2024-12-11,Matched,None,0.0,0.0,0,2024-12-11 00:00:00
RECON009426,HDFC2026785349,2024-12-11,Matched,None,0.0,0.0,0,2024-12-11 00:00:00
RECON009427,HDFC2026346988,2024-12-11,Matched,None,0.0,0.0,0,2024-12-11 00:00:00
RECON009428,HDFC2026773039,2024-12-11,Matched,None,0.0,0.0,0,2024-12-11 00:00:00
RECON009429,HDFC2026919282,2024-12-11,Matched,None,0.0,0.0,0,2024-12-11 00:00:00
RECON009430,HDFC2026139341,2024-12-11,Matched,None,0.0,0.0,0,2024-12-11 00:00:00
RECON009431,HDFC2026719567,2024-12-11,Matched,None,0.0,0.0,0,2024-12-11 00:00:00
RECON009432,HDFC2026746036,2024-12-11,Matched,None,0.0,0.0,0,2024-12-11 00:00:00
RECON009433,HDFC2026822823,2024-12-11,Matched,None,0.0,0.0,0,2024-12-11 00:00:00
RECON009434,HDFC2026782540,2024-12-11,Matched,None,0.0,0.0,0,2024-12-11 00:00:00
RECON009435,HDFC2026878732,2024-12-11,Matched,None,0.0,0.0,0,2024-12-11 00:00:00
RECON009436,HDFC2026811899,2024-12-11,Matched,None,0.0,0.0,0,2024-12-11 00:00:00
RECON009437,HDFC2026573431,2024-12-11,Matched,None,0.0,0.0,0,2024-12-11 00:00:00
RECON009438,HDFC2026716139,2024-12-11,Matched,None,0.0,0.0,0,2024-12-11 00:00:00
RECON009439,HDFC2026114680,2024-12-11,Matched,None,0.0,0.0,0,2024-12-11 00:00:00
RECON009440,HDFC2026328937,2024-12-11,Matched,None,0.0,0.0,0,2024-12-11 00:00:00
RECON009441,HDFC2026904115,2024-12-11,Matched,None,0.0,0.0,0,2024-12-11 00:00:00
RECON009442,HDFC2026269928,2024-12-11,Matched,None,0.0,0.0,0,2024-12-11 00:00:00
RECON009443,HDFC2026191328,2024-12-11,Matched,None,0.0,0.0,0,2024-12-11 00:00:00
RECON009444,HDFC2026390897,2024-12-11,Matched,None,0.0,0.0,0,2024-12-11 00:00:00
RECON009445,HDFC2026979682,2024-12-12,Matched,None,0.0,0.0,0,2024-12-12 00:00:00
RECON009446,HDFC2026738404,2024-12-12,Matched,None,0.0,0.0,0,2024-12-12 00:00:00
RECON009447,HDFC2026827814,2024-12-12,Matched,None,0.0,0.0,0,2024-12-12 00:00:00
RECON009448,HDFC2026617787,2024-12-12,Matched,None,0.0,0.0,0,2024-12-12 00:00:00
RECON009449,HDFC2026462073,2024-12-12,Matched,None,0.0,0.0,0,2024-12-12 00:00:00
RECON009450,HDFC2026375301,2024-12-12,Matched,None,0.0,0.0,0,2024-12-12 00:00:00
RECON009451,HDFC2026311396,2024-12-12,Matched,None,0.0,0.0,0,2024-12-12 00:00:00
RECON009452,HDFC2026310013,2024-12-12,Matched,None,0.0,0.0,0,2024-12-12 00:00:00
RECON009453,HDFC2026695357,2024-12-12,Matched,None,0.0,0.0,0,2024-12-12 00:00:00
RECON009454,HDFC2026267029,2024-12-12,Matched,None,0.0,0.0,0,2024-12-12 00:00:00
RECON009455,HDFC2026287132,2024-12-12,Matched,None,0.0,0.0,0,2024-12-12 00:00:00
RECON009456,HDFC2026983555,2024-12-12,Matched,None,0.0,0.0,0,2024-12-12 00:00:00
RECON009457,HDFC2026451429,2024-12-12,Matched,None,0.0,0.0,0,2024-12-12 00:00:00
RECON009458,HDFC2026561350,2024-12-12,Matched,None,0.0,0.0,0,2024-12-12 00:00:00
RECON009459,HDFC2026536815,2024-12-12,Matched,None,0.0,0.0,0,2024-12-12 00:00:00
RECON009460,HDFC2026544579,2024-12-12,Matched,None,0.0,0.0,0,2024-12-12 00:00:00
RECON009461,HDFC2026815153,2024-12-12,Matched,None,0.0,0.0,0,2024-12-12 00:00:00
RECON009462,HDFC2026194780,2024-12-12,Matched,None,0.0,0.0,0,2024-12-12 00:00:00
RECON009463,HDFC2026701334,2024-12-12,Matched,None,0.0,0.0,0,2024-12-12 00:00:00
RECON009464,HDFC2026712592,2024-12-12,Unmatched,Missing Settlement,339880.0,100.0,5,2024-12-17
RECON009465,HDFC2026416822,2024-12-12,Matched,None,0.0,0.0,0,2024-12-12 00:00:00
RECON009466,HDFC2026402537,2024-12-12,Matched,None,0.0,0.0,0,2024-12-12 00:00:00
RECON009467,HDFC2026898462,2024-12-12,Unmatched,Missing Settlement,322738.0,100.0,10,2024-12-22
RECON009468,HDFC2026772741,2024-12-12,Matched,None,0.0,0.0,0,2024-12-12 00:00:00
RECON009469,HDFC2026777621,2024-12-13,Matched,None,0.0,0.0,0,2024-12-13 00:00:00
RECON009470,HDFC2026761518,2024-12-13,Duplicate,Duplicate Transaction,0.0,0.0,6,2024-12-19
RECON009471,HDFC2026498730,2024-12-13,Matched,None,0.0,0.0,0,2024-12-13 00:00:00
RECON009472,HDFC2026931779,2024-12-13,Matched,None,0.0,0.0,0,2024-12-13 00:00:00
RECON009473,HDFC2026301170,2024-12-13,Matched,None,0.0,0.0,0,2024-12-13 00:00:00
RECON009474,HDFC2026759629,2024-12-13,Matched,None,0.0,0.0,0,2024-12-13 00:00:00
RECON009475,HDFC2026154567,2024-12-13,Unmatched,Amount Mismatch,2884.0,5.768,10,2024-12-23
RECON009476,HDFC2026467678,2024-12-13,Matched,None,0.0,0.0,0,2024-12-13 00:00:00
RECON009477,HDFC2026558767,2024-12-13,Matched,None,0.0,0.0,0,2024-12-13 00:00:00
RECON009478,HDFC2026697978,2024-12-13,Duplicate,Duplicate Transaction,0.0,0.0,1,2024-12-14
RECON009479,HDFC2026746481,2024-12-13,Matched,None,0.0,0.0,0,2024-12-13 00:00:00
RECON009480,HDFC2026687350,2024-12-13,Matched,None,0.0,0.0,0,2024-12-13 00:00:00
RECON009481,HDFC2026593867,2024-12-13,Matched,None,0.0,0.0,0,2024-12-13 00:00:00
RECON009482,HDFC2026302163,2024-12-13,Matched,None,0.0,0.0,0,2024-12-13 00:00:00
RECON009483,HDFC2026471566,2024-12-13,Matched,None,0.0,0.0,0,2024-12-13 00:00:00
RECON009484,HDFC2026795317,2024-12-13,Unmatched,Missing Settlement,258494.0,100.0,5,2024-12-18
RECON009485,HDFC2026384267,2024-12-13,Unmatched,Amount Mismatch,4491.0,0.26477892050854535,6,2024-12-19
RECON009486,HDFC2026230252,2024-12-13,Matched,None,0.0,0.0,0,2024-12-13 00:00:00
RECON009487,HDFC2026227095,2024-12-13,Matched,None,0.0,0.0,0,2024-12-13 00:00:00
RECON009488,HDFC2026801364,2024-12-13,Matched,None,0.0,0.0,0,2024-12-13 00:00:00
RECON009489,HDFC2026885962,2024-12-13,Matched,None,0.0,0.0,0,2024-12-13 00:00:00
RECON009490,HDFC2026378196,2024-12-13,Matched,None,0.0,0.0,0,2024-12-13 00:00:00
RECON009491,HDFC2026240829,2024-12-13,Matched,None,0.0,0.0,0,2024-12-13 00:00:00
RECON009492,HDFC2026819294,2024-12-13,Matched,None,0.0,0.0,0,2024-12-13 00:00:00
RECON009493,HDFC2026148442,2024-12-13,Matched,None,0.0,0.0,0,2024-12-13 00:00:00
RECON009494,HDFC2026924906,2024-12-14,Matched,None,0.0,0.0,0,2024-12-14 00:00:00
RECON009495,HDFC2026543380,2024-12-14,Matched,None,0.0,0.0,0,2024-12-14 00:00:00
RECON009496,HDFC2026670563,2024-12-14,Matched,None,0.0,0.0,0,2024-12-14 00:00:00
RECON009497,HDFC2026850629,2024-12-14,Matched,None,0.0,0.0,0,2024-12-14 00:00:00
RECON009498,HDFC2026278584,2024-12-14,Matched,None,0.0,0.0,0,2024-12-14 00:00:00
RECON009499,HDFC2026169767,2024-12-14,Matched,None,0.0,0.0,0,2024-12-14 00:00:00
RECON009500,HDFC2026168888,2024-12-14,Matched,None,0.0,0.0,0,2024-12-14 00:00:00
RECON009501,HDFC2026647273,2024-12-14,Matched,None,0.0,0.0,0,2024-12-14 00:00:00
RECON009502,HDFC2026718299,2024-12-14,Matched,None,0.0,0.0,0,2024-12-14 00:00:00
RECON009503,HDFC2026678603,2024-12-14,Matched,None,0.0,0.0,0,2024-12-14 00:00:00
RECON009504,HDFC2026144705,2024-12-14,Matched,None,0.0,0.0,0,2024-12-14 00:00:00
RECON009505,HDFC2026417198,2024-12-14,Matched,None,0.0,0.0,0,2024-12-14 00:00:00
RECON009506,HDFC2026772143,2024-12-14,Matched,None,0.0,0.0,0,2024-12-14 00:00:00
RECON009507,HDFC2026756286,2024-12-14,Matched,None,0.0,0.0,0,2024-12-14 00:00:00
RECON009508,HDFC2026105543,2024-12-14,Matched,None,0.0,0.0,0,2024-12-14 00:00:00
RECON009509,HDFC2026944590,2024-12-14,Matched,None,0.0,0.0,0,2024-12-14 00:00:00
RECON009510,HDFC2026370674,2024-12-14,Matched,None,0.0,0.0,0,2024-12-14 00:00:00
RECON009511,HDFC2026711093,2024-12-14,Matched,None,0.0,0.0,0,2024-12-14 00:00:00
RECON009512,HDFC2026522346,2024-12-14,Matched,None,0.0,0.0,0,2024-12-14 00:00:00
RECON009513,HDFC2026370956,2024-12-14,Matched,None,0.0,0.0,0,2024-12-14 00:00:00
RECON009514,HDFC2026831985,2024-12-14,Matched,None,0.0,0.0,0,2024-12-14 00:00:00
RECON009515,HDFC2026817889,2024-12-14,Matched,None,0.0,0.0,0,2024-12-14 00:00:00
RECON009516,HDFC2026928625,2024-12-14,Unmatched,Amount Mismatch,1296.0,0.25243327366610635,11,2024-12-25
RECON009517,HDFC2026720597,2024-12-14,Matched,None,0.0,0.0,0,2024-12-14 00:00:00
RECON009518,HDFC2026893522,2024-12-15,Matched,None,0.0,0.0,0,2024-12-15 00:00:00
RECON009519,HDFC2026323033,2024-12-15,Matched,None,0.0,0.0,0,2024-12-15 00:00:00
RECON009520,HDFC2026249967,2024-12-15,Matched,None,0.0,0.0,0,2024-12-15 00:00:00
RECON009521,HDFC2026654842,2024-12-15,Matched,None,0.0,0.0,0,2024-12-15 00:00:00
RECON009522,HDFC2026723195,2024-12-15,Matched,None,0.0,0.0,0,2024-12-15 00:00:00
RECON009523,HDFC2026949884,2024-12-15,Matched,None,0.0,0.0,0,2024-12-15 00:00:00
RECON009524,HDFC2026259140,2024-12-15,Matched,None,0.0,0.0,0,2024-12-15 00:00:00
RECON009525,HDFC2026111931,2024-12-15,Matched,None,0.0,0.0,0,2024-12-15 00:00:00
RECON009526,HDFC2026228288,2024-12-15,Matched,None,0.0,0.0,0,2024-12-15 00:00:00
RECON009527,HDFC2026890409,2024-12-15,Matched,None,0.0,0.0,0,2024-12-15 00:00:00
RECON009528,HDFC2026517348,2024-12-15,Matched,None,0.0,0.0,0,2024-12-15 00:00:00
RECON009529,HDFC2026940378,2024-12-15,Matched,None,0.0,0.0,0,2024-12-15 00:00:00
RECON009530,HDFC2026141814,2024-12-15,Matched,None,0.0,0.0,0,2024-12-15 00:00:00
RECON009531,HDFC2026755352,2024-12-15,Matched,None,0.0,0.0,0,2024-12-15 00:00:00
RECON009532,HDFC2026669868,2024-12-15,Matched,None,0.0,0.0,0,2024-12-15 00:00:00
RECON009533,HDFC2026496266,2024-12-15,Unmatched,FX Rate Discrepancy,0.0,0.58,12,2024-12-27
RECON009534,HDFC2026449636,2024-12-15,Matched,None,0.0,0.0,0,2024-12-15 00:00:00
RECON009535,HDFC2026589360,2024-12-15,Matched,None,0.0,0.0,0,2024-12-15 00:00:00
RECON009536,HDFC2026375594,2024-12-15,Unmatched,Missing Settlement,456508.0,100.0,2,2024-12-17
RECON009537,HDFC2026816933,2024-12-15,Matched,None,0.0,0.0,0,2024-12-15 00:00:00
RECON009538,HDFC2026558074,2024-12-15,Matched,None,0.0,0.0,0,2024-12-15 00:00:00
RECON009539,HDFC2026526128,2024-12-15,Matched,None,0.0,0.0,0,2024-12-15 00:00:00
RECON009540,HDFC2026148218,2024-12-15,Matched,None,0.0,0.0,0,2024-12-15 00:00:00
RECON009541,HDFC2026656011,2024-12-15,Duplicate,Duplicate Transaction,0.0,0.0,5,2024-12-20
RECON009542,HDFC2026363502,2024-12-15,Matched,None,0.0,0.0,0,2024-12-15 00:00:00
RECON009543,HDFC2026904314,2024-12-15,Matched,None,0.0,0.0,0,2024-12-15 00:00:00
RECON009544,HDFC2026479492,2024-12-15,Matched,None,0.0,0.0,0,2024-12-15 00:00:00
RECON009545,HDFC2026806484,2024-12-16,Matched,None,0.0,0.0,0,2024-12-16 00:00:00
RECON009546,HDFC2026293205,2024-12-16,Unmatched,Missing Settlement,50000.0,100.0,10,2024-12-26
RECON009547,HDFC2026928383,2024-12-16,Matched,None,0.0,0.0,0,2024-12-16 00:00:00
RECON009548,HDFC2026342428,2024-12-16,Matched,None,0.0,0.0,0,2024-12-16 00:00:00
RECON009549,HDFC2026970720,2024-12-16,Duplicate,Duplicate Transaction,0.0,0.0,10,2024-12-26
RECON009550,HDFC2026319308,2024-12-16,Matched,None,0.0,0.0,0,2024-12-16 00:00:00
RECON009551,HDFC2026137202,2024-12-16,Matched,None,0.0,0.0,0,2024-12-16 00:00:00
RECON009552,HDFC2026925954,2024-12-16,Matched,None,0.0,0.0,0,2024-12-16 00:00:00
RECON009553,HDFC2026589442,2024-12-16,Matched,None,0.0,0.0,0,2024-12-16 00:00:00
RECON009554,HDFC2026197917,2024-12-16,Matched,None,0.0,0.0,0,2024-12-16 00:00:00
RECON009555,HDFC2026766279,2024-12-16,Matched,None,0.0,0.0,0,2024-12-16 00:00:00
RECON009556,HDFC2026273599,2024-12-16,Matched,None,0.0,0.0,0,2024-12-16 00:00:00
RECON009557,HDFC2026703157,2024-12-16,Matched,None,0.0,0.0,0,2024-12-16 00:00:00
RECON009558,HDFC2026291315,2024-12-16,Matched,None,0.0,0.0,0,2024-12-16 00:00:00
RECON009559,HDFC2026319275,2024-12-16,Unmatched,Amount Mismatch,76.0,0.03640177985544662,9,2024-12-25
RECON009560,HDFC2026820055,2024-12-16,Matched,None,0.0,0.0,0,2024-12-16 00:00:00
RECON009561,HDFC2026644050,2024-12-16,Matched,None,0.0,0.0,0,2024-12-16 00:00:00
RECON009562,HDFC2026384645,2024-12-16,Matched,None,0.0,0.0,0,2024-12-16 00:00:00
RECON009563,HDFC2026427852,2024-12-16,Unmatched,Missing Settlement,59521.0,100.0,4,2024-12-20
RECON009564,HDFC2026567819,2024-12-16,Matched,None,0.0,0.0,0,2024-12-16 00:00:00
RECON009565,HDFC2026814012,2024-12-16,Matched,None,0.0,0.0,0,2024-12-16 00:00:00
RECON009566,HDFC2026122723,2024-12-16,Matched,None,0.0,0.0,0,2024-12-16 00:00:00
RECON009567,HDFC2026721109,2024-12-16,Matched,None,0.0,0.0,0,2024-12-16 00:00:00
RECON009568,HDFC2026812024,2024-12-16,Matched,None,0.0,0.0,0,2024-12-16 00:00:00
RECON009569,HDFC2026747464,2024-12-16,Matched,None,0.0,0.0,0,2024-12-16 00:00:00
RECON009570,HDFC2026846189,2024-12-16,Matched,None,0.0,0.0,0,2024-12-16 00:00:00
RECON009571,HDFC2026871758,2024-12-16,Matched,None,0.0,0.0,0,2024-12-16 00:00:00
RECON009572,HDFC2026361762,2024-12-16,Matched,None,0.0,0.0,0,2024-12-16 00:00:00
RECON009573,HDFC2026208834,2024-12-16,Matched,None,0.0,0.0,0,2024-12-16 00:00:00
RECON009574,HDFC2026963760,2024-12-16,Matched,None,0.0,0.0,0,2024-12-16 00:00:00
RECON009575,HDFC2026438586,2024-12-16,Unmatched,Amount Mismatch,-4538.0,-3.210992945438593,4,2024-12-20
RECON009576,HDFC2026619072,2024-12-16,Unmatched,Amount Mismatch,3860.0,1.9647065410476061,5,2024-12-21
RECON009577,HDFC2026903729,2024-12-16,Matched,None,0.0,0.0,0,2024-12-16 00:00:00
RECON009578,HDFC2026893490,2024-12-17,Matched,None,0.0,0.0,0,2024-12-17 00:00:00
RECON009579,HDFC2026762577,2024-12-17,Matched,None,0.0,0.0,0,2024-12-17 00:00:00
RECON009580,HDFC2026105630,2024-12-17,Matched,None,0.0,0.0,0,2024-12-17 00:00:00
RECON009581,HDFC2026758501,2024-12-17,Matched,None,0.0,0.0,0,2024-12-17 00:00:00
RECON009582,HDFC2026854024,2024-12-17,Matched,None,0.0,0.0,0,2024-12-17 00:00:00
RECON009583,HDFC2026536386,2024-12-17,Matched,None,0.0,0.0,0,2024-12-17 00:00:00
RECON009584,HDFC2026782723,2024-12-17,Matched,None,0.0,0.0,0,2024-12-17 00:00:00
RECON009585,HDFC2026490321,2024-12-17,Matched,None,0.0,0.0,0,2024-12-17 00:00:00
RECON009586,HDFC2026891605,2024-12-17,Matched,None,0.0,0.0,0,2024-12-17 00:00:00
RECON009587,HDFC2026179532,2024-12-17,Matched,None,0.0,0.0,0,2024-12-17 00:00:00
RECON009588,HDFC2026554756,2024-12-17,Matched,None,0.0,0.0,0,2024-12-17 00:00:00
RECON009589,HDFC2026520535,2024-12-17,Matched,None,0.0,0.0,0,2024-12-17 00:00:00
RECON009590,HDFC2026237515,2024-12-17,Matched,None,0.0,0.0,0,2024-12-17 00:00:00
RECON009591,HDFC2026883171,2024-12-17,Duplicate,Duplicate Transaction,0.0,0.0,3,2024-12-20
RECON009592,HDFC2026320511,2024-12-17,Matched,None,0.0,0.0,0,2024-12-17 00:00:00
RECON009593,HDFC2026107374,2024-12-17,Matched,None,0.0,0.0,0,2024-12-17 00:00:00
RECON009594,HDFC2026711917,2024-12-17,Matched,None,0.0,0.0,0,2024-12-17 00:00:00
RECON009595,HDFC2026159984,2024-12-17,Matched,None,0.0,0.0,0,2024-12-17 00:00:00
RECON009596,HDFC2026300401,2024-12-17,Matched,None,0.0,0.0,0,2024-12-17 00:00:00
RECON009597,HDFC2026491957,2024-12-17,Matched,None,0.0,0.0,0,2024-12-17 00:00:00
RECON009598,HDFC2026703867,2024-12-17,Duplicate,Duplicate Transaction,0.0,0.0,7,2024-12-24
RECON009599,HDFC2026796500,2024-12-17,Unmatched,Missing Settlement,116300.0,100.0,4,2024-12-21
RECON009600,HDFC2026157208,2024-12-17,Matched,None,0.0,0.0,0,2024-12-17 00:00:00
RECON009601,HDFC2026631148,2024-12-17,Matched,None,0.0,0.0,0,2024-12-17 00:00:00
RECON009602,HDFC2026325039,2024-12-17,Matched,None,0.0,0.0,0,2024-12-17 00:00:00
RECON009603,HDFC2026191211,2024-12-17,Matched,None,0.0,0.0,0,2024-12-17 00:00:00
RECON009604,HDFC2026732010,2024-12-17,Duplicate,Duplicate Transaction,0.0,0.0,11,2024-12-28
RECON009605,HDFC2026940383,2024-12-17,Matched,None,0.0,0.0,0,2024-12-17 00:00:00
RECON009606,HDFC2026768110,2024-12-17,Matched,None,0.0,0.0,0,2024-12-17 00:00:00
RECON009607,HDFC2026700733,2024-12-17,Matched,None,0.0,0.0,0,2024-12-17 00:00:00
RECON009608,HDFC2026161434,2024-12-17,Matched,None,0.0,0.0,0,2024-12-17 00:00:00
RECON009609,HDFC2026174637,2024-12-17,Unmatched,Amount Mismatch,-3578.0,-0.559683398770511,15,2025-01-01
RECON009610,HDFC2026809003,2024-12-17,Matched,None,0.0,0.0,0,2024-12-17 00:00:00
RECON009611,HDFC2026497263,2024-12-17,Matched,None,0.0,0.0,0,2024-12-17 00:00:00
RECON009612,HDFC2026611149,2024-12-17,Matched,None,0.0,0.0,0,2024-12-17 00:00:00
RECON009613,HDFC2026421906,2024-12-17,Matched,None,0.0,0.0,0,2024-12-17 00:00:00
RECON009614,HDFC2026728218,2024-12-17,Duplicate,Duplicate Transaction,0.0,0.0,10,2024-12-27
RECON009615,HDFC2026984855,2024-12-17,Matched,None,0.0,0.0,0,2024-12-17 00:00:00
RECON009616,HDFC2026925694,2024-12-17,Matched,None,0.0,0.0,0,2024-12-17 00:00:00
RECON009617,HDFC2026396189,2024-12-17,Matched,None,0.0,0.0,0,2024-12-17 00:00:00
RECON009618,HDFC2026143619,2024-12-17,Matched,None,0.0,0.0,0,2024-12-17 00:00:00
RECON009619,HDFC2026596957,2024-12-17,Matched,None,0.0,0.0,0,2024-12-17 00:00:00
RECON009620,HDFC2026766415,2024-12-17,Matched,None,0.0,0.0,0,2024-12-17 00:00:00
RECON009621,HDFC2026492435,2024-12-17,Matched,None,0.0,0.0,0,2024-12-17 00:00:00
RECON009622,HDFC2026358899,2024-12-18,Matched,None,0.0,0.0,0,2024-12-18 00:00:00
RECON009623,HDFC2026549152,2024-12-18,Matched,None,0.0,0.0,0,2024-12-18 00:00:00
RECON009624,HDFC2026683357,2024-12-18,Matched,None,0.0,0.0,0,2024-12-18 00:00:00
RECON009625,HDFC2026830564,2024-12-18,Matched,None,0.0,0.0,0,2024-12-18 00:00:00
RECON009626,HDFC2026546802,2024-12-18,Matched,None,0.0,0.0,0,2024-12-18 00:00:00
RECON009627,HDFC2026229946,2024-12-18,Matched,None,0.0,0.0,0,2024-12-18 00:00:00
RECON009628,HDFC2026430984,2024-12-18,Matched,None,0.0,0.0,0,2024-12-18 00:00:00
RECON009629,HDFC2026394517,2024-12-18,Matched,None,0.0,0.0,0,2024-12-18 00:00:00
RECON009630,HDFC2026592173,2024-12-18,Matched,None,0.0,0.0,0,2024-12-18 00:00:00
RECON009631,HDFC2026857703,2024-12-18,Matched,None,0.0,0.0,0,2024-12-18 00:00:00
RECON009632,HDFC2026561457,2024-12-18,Matched,None,0.0,0.0,0,2024-12-18 00:00:00
RECON009633,HDFC2026491437,2024-12-18,Matched,None,0.0,0.0,0,2024-12-18 00:00:00
RECON009634,HDFC2026474628,2024-12-18,Matched,None,0.0,0.0,0,2024-12-18 00:00:00
RECON009635,HDFC2026911498,2024-12-18,Matched,None,0.0,0.0,0,2024-12-18 00:00:00
RECON009636,HDFC2026312599,2024-12-18,Matched,None,0.0,0.0,0,2024-12-18 00:00:00
RECON009637,HDFC2026118625,2024-12-18,Matched,None,0.0,0.0,0,2024-12-18 00:00:00
RECON009638,HDFC2026975522,2024-12-18,Matched,None,0.0,0.0,0,2024-12-18 00:00:00
RECON009639,HDFC2026762233,2024-12-18,Matched,None,0.0,0.0,0,2024-12-18 00:00:00
RECON009640,HDFC2026312146,2024-12-18,Matched,None,0.0,0.0,0,2024-12-18 00:00:00
RECON009641,HDFC2026176517,2024-12-18,Matched,None,0.0,0.0,0,2024-12-18 00:00:00
RECON009642,HDFC2026187203,2024-12-18,Duplicate,Duplicate Transaction,0.0,0.0,12,2024-12-30
RECON009643,HDFC2026113001,2024-12-18,Unmatched,FX Rate Discrepancy,0.0,-0.11,1,2024-12-19
RECON009644,HDFC2026946331,2024-12-18,Unmatched,FX Rate Discrepancy,0.0,0.05,15,2025-01-02
RECON009645,HDFC2026455136,2024-12-18,Matched,None,0.0,0.0,0,2024-12-18 00:00:00
RECON009646,HDFC2026543234,2024-12-18,Matched,None,0.0,0.0,0,2024-12-18 00:00:00
RECON009647,HDFC2026425553,2024-12-18,Unmatched,Missing Settlement,824505.0,100.0,12,2024-12-30
RECON009648,HDFC2026378398,2024-12-18,Matched,None,0.0,0.0,0,2024-12-18 00:00:00
RECON009649,HDFC2026929617,2024-12-18,Matched,None,0.0,0.0,0,2024-12-18 00:00:00
RECON009650,HDFC2026394008,2024-12-18,Matched,None,0.0,0.0,0,2024-12-18 00:00:00
RECON009651,HDFC2026607157,2024-12-18,Matched,None,0.0,0.0,0,2024-12-18 00:00:00
RECON009652,HDFC2026937139,2024-12-18,Matched,None,0.0,0.0,0,2024-12-18 00:00:00
RECON009653,HDFC2026428751,2024-12-19,Matched,None,0.0,0.0,0,2024-12-19 00:00:00
RECON009654,HDFC2026661267,2024-12-19,Matched,None,0.0,0.0,0,2024-12-19 00:00:00
RECON009655,HDFC2026897523,2024-12-19,Matched,None,0.0,0.0,0,2024-12-19 00:00:00
RECON009656,HDFC2026367638,2024-12-19,Matched,None,0.0,0.0,0,2024-12-19 00:00:00
RECON009657,HDFC2026713194,2024-12-19,Matched,None,0.0,0.0,0,2024-12-19 00:00:00
RECON009658,HDFC2026575254,2024-12-19,Matched,None,0.0,0.0,0,2024-12-19 00:00:00
RECON009659,HDFC2026509593,2024-12-19,Matched,None,0.0,0.0,0,2024-12-19 00:00:00
RECON009660,HDFC2026301474,2024-12-19,Matched,None,0.0,0.0,0,2024-12-19 00:00:00
RECON009661,HDFC2026372172,2024-12-19,Matched,None,0.0,0.0,0,2024-12-19 00:00:00
RECON009662,HDFC2026138748,2024-12-19,Matched,None,0.0,0.0,0,2024-12-19 00:00:00
RECON009663,HDFC2026144773,2024-12-19,Unmatched,Amount Mismatch,4726.0,1.2710451293636706,10,2024-12-29
RECON009664,HDFC2026971724,2024-12-19,Matched,None,0.0,0.0,0,2024-12-19 00:00:00
RECON009665,HDFC2026561334,2024-12-19,Matched,None,0.0,0.0,0,2024-12-19 00:00:00
RECON009666,HDFC2026274739,2024-12-19,Matched,None,0.0,0.0,0,2024-12-19 00:00:00
RECON009667,HDFC2026212132,2024-12-19,Matched,None,0.0,0.0,0,2024-12-19 00:00:00
RECON009668,HDFC2026767543,2024-12-19,Matched,None,0.0,0.0,0,2024-12-19 00:00:00
RECON009669,HDFC2026200966,2024-12-19,Matched,None,0.0,0.0,0,2024-12-19 00:00:00
RECON009670,HDFC2026319436,2024-12-19,Matched,None,0.0,0.0,0,2024-12-19 00:00:00
RECON009671,HDFC2026402024,2024-12-19,Matched,None,0.0,0.0,0,2024-12-19 00:00:00
RECON009672,HDFC2026676825,2024-12-19,Matched,None,0.0,0.0,0,2024-12-19 00:00:00
RECON009673,HDFC2026916808,2024-12-19,Matched,None,0.0,0.0,0,2024-12-19 00:00:00
RECON009674,HDFC2026268904,2024-12-19,Matched,None,0.0,0.0,0,2024-12-19 00:00:00
RECON009675,HDFC2026623862,2024-12-19,Matched,None,0.0,0.0,0,2024-12-19 00:00:00
RECON009676,HDFC2026973390,2024-12-19,Matched,None,0.0,0.0,0,2024-12-19 00:00:00
RECON009677,HDFC2026178898,2024-12-19,Matched,None,0.0,0.0,0,2024-12-19 00:00:00
RECON009678,HDFC2026906680,2024-12-19,Unmatched,FX Rate Discrepancy,0.0,1.23,14,2025-01-02
RECON009679,HDFC2026336839,2024-12-19,Matched,None,0.0,0.0,0,2024-12-19 00:00:00
RECON009680,HDFC2026948076,2024-12-19,Matched,None,0.0,0.0,0,2024-12-19 00:00:00
RECON009681,HDFC2026745629,2024-12-19,Matched,None,0.0,0.0,0,2024-12-19 00:00:00
RECON009682,HDFC2026710711,2024-12-19,Duplicate,Duplicate Transaction,0.0,0.0,9,2024-12-28
RECON009683,HDFC2026594435,2024-12-19,Unmatched,Amount Mismatch,3529.0,1.3123203415230948,14,2025-01-02
RECON009684,HDFC2026529080,2024-12-19,Matched,None,0.0,0.0,0,2024-12-19 00:00:00
RECON009685,HDFC2026339431,2024-12-19,Matched,None,0.0,0.0,0,2024-12-19 00:00:00
RECON009686,HDFC2026899979,2024-12-19,Matched,None,0.0,0.0,0,2024-12-19 00:00:00
RECON009687,HDFC2026335817,2024-12-19,Matched,None,0.0,0.0,0,2024-12-19 00:00:00
RECON009688,HDFC2026238830,2024-12-19,Matched,None,0.0,0.0,0,2024-12-19 00:00:00
RECON009689,HDFC2026817607,2024-12-19,Matched,None,0.0,0.0,0,2024-12-19 00:00:00
RECON009690,HDFC2026998300,2024-12-19,Matched,None,0.0,0.0,0,2024-12-19 00:00:00
RECON009691,HDFC2026970460,2024-12-20,Matched,None,0.0,0.0,0,2024-12-20 00:00:00
RECON009692,HDFC2026253579,2024-12-20,Matched,None,0.0,0.0,0,2024-12-20 00:00:00
RECON009693,HDFC2026346474,2024-12-20,Matched,None,0.0,0.0,0,2024-12-20 00:00:00
RECON009694,HDFC2026682277,2024-12-20,Matched,None,0.0,0.0,0,2024-12-20 00:00:00
RECON009695,HDFC2026450912,2024-12-20,Matched,None,0.0,0.0,0,2024-12-20 00:00:00
RECON009696,HDFC2026728896,2024-12-20,Matched,None,0.0,0.0,0,2024-12-20 00:00:00
RECON009697,HDFC2026597084,2024-12-20,Unmatched,Missing Settlement,443367.0,100.0,7,2024-12-27
RECON009698,HDFC2026998562,2024-12-20,Matched,None,0.0,0.0,0,2024-12-20 00:00:00
RECON009699,HDFC2026358106,2024-12-20,Matched,None,0.0,0.0,0,2024-12-20 00:00:00
RECON009700,HDFC2026668054,2024-12-20,Matched,None,0.0,0.0,0,2024-12-20 00:00:00
RECON009701,HDFC2026599024,2024-12-20,Matched,None,0.0,0.0,0,2024-12-20 00:00:00
RECON009702,HDFC2026166092,2024-12-20,Unmatched,Missing Settlement,206769.0,100.0,12,2025-01-01
RECON009703,HDFC2026216401,2024-12-20,Matched,None,0.0,0.0,0,2024-12-20 00:00:00
RECON009704,HDFC2026919737,2024-12-20,Matched,None,0.0,0.0,0,2024-12-20 00:00:00
RECON009705,HDFC2026740195,2024-12-20,Unmatched,Amount Mismatch,1981.0,1.3767748302487368,3,2024-12-23
RECON009706,HDFC2026649074,2024-12-20,Matched,None,0.0,0.0,0,2024-12-20 00:00:00
RECON009707,HDFC2026263805,2024-12-20,Matched,None,0.0,0.0,0,2024-12-20 00:00:00
RECON009708,HDFC2026410779,2024-12-20,Matched,None,0.0,0.0,0,2024-12-20 00:00:00
RECON009709,HDFC2026721026,2024-12-20,Matched,None,0.0,0.0,0,2024-12-20 00:00:00
RECON009710,HDFC2026148140,2024-12-20,Matched,None,0.0,0.0,0,2024-12-20 00:00:00
RECON009711,HDFC2026464384,2024-12-20,Matched,None,0.0,0.0,0,2024-12-20 00:00:00
RECON009712,HDFC2026234502,2024-12-20,Matched,None,0.0,0.0,0,2024-12-20 00:00:00
RECON009713,HDFC2026665585,2024-12-20,Matched,None,0.0,0.0,0,2024-12-20 00:00:00
RECON009714,HDFC2026620306,2024-12-20,Matched,None,0.0,0.0,0,2024-12-20 00:00:00
RECON009715,HDFC2026448676,2024-12-20,Matched,None,0.0,0.0,0,2024-12-20 00:00:00
RECON009716,HDFC2026373072,2024-12-20,Matched,None,0.0,0.0,0,2024-12-20 00:00:00
RECON009717,HDFC2026796339,2024-12-20,Matched,None,0.0,0.0,0,2024-12-20 00:00:00
RECON009718,HDFC2026958231,2024-12-20,Matched,None,0.0,0.0,0,2024-12-20 00:00:00
RECON009719,HDFC2026471921,2024-12-20,Unmatched,Missing Settlement,59532.0,100.0,4,2024-12-24
RECON009720,HDFC2026555370,2024-12-21,Matched,None,0.0,0.0,0,2024-12-21 00:00:00
RECON009721,HDFC2026196648,2024-12-21,Matched,None,0.0,0.0,0,2024-12-21 00:00:00
RECON009722,HDFC2026111385,2024-12-21,Matched,None,0.0,0.0,0,2024-12-21 00:00:00
RECON009723,HDFC2026397886,2024-12-21,Duplicate,Duplicate Transaction,0.0,0.0,1,2024-12-22
RECON009724,HDFC2026520538,2024-12-21,Duplicate,Duplicate Transaction,0.0,0.0,5,2024-12-26
RECON009725,HDFC2026776186,2024-12-21,Matched,None,0.0,0.0,0,2024-12-21 00:00:00
RECON009726,HDFC2026824765,2024-12-21,Matched,None,0.0,0.0,0,2024-12-21 00:00:00
RECON009727,HDFC2026498873,2024-12-21,Duplicate,Duplicate Transaction,0.0,0.0,11,2025-01-01
RECON009728,HDFC2026670977,2024-12-21,Matched,None,0.0,0.0,0,2024-12-21 00:00:00
RECON009729,HDFC2026109600,2024-12-21,Matched,None,0.0,0.0,0,2024-12-21 00:00:00
RECON009730,HDFC2026187288,2024-12-21,Matched,None,0.0,0.0,0,2024-12-21 00:00:00
RECON009731,HDFC2026681833,2024-12-21,Unmatched,Amount Mismatch,3250.0,6.272072871837428,1,2024-12-22
RECON009732,HDFC2026496875,2024-12-21,Matched,None,0.0,0.0,0,2024-12-21 00:00:00
RECON009733,HDFC2026234430,2024-12-21,Matched,None,0.0,0.0,0,2024-12-21 00:00:00
RECON009734,HDFC2026457545,2024-12-21,Matched,None,0.0,0.0,0,2024-12-21 00:00:00
RECON009735,HDFC2026810830,2024-12-21,Matched,None,0.0,0.0,0,2024-12-21 00:00:00
RECON009736,HDFC2026332129,2024-12-21,Matched,None,0.0,0.0,0,2024-12-21 00:00:00
RECON009737,HDFC2026311108,2024-12-21,Matched,None,0.0,0.0,0,2024-12-21 00:00:00
RECON009738,HDFC2026863100,2024-12-21,Matched,None,0.0,0.0,0,2024-12-21 00:00:00
RECON009739,HDFC2026758864,2024-12-21,Matched,None,0.0,0.0,0,2024-12-21 00:00:00
RECON009740,HDFC2026995766,2024-12-21,Matched,None,0.0,0.0,0,2024-12-21 00:00:00
RECON009741,HDFC2026913238,2024-12-21,Unmatched,Amount Mismatch,1258.0,1.1223124275136052,4,2024-12-25
RECON009742,HDFC2026520085,2024-12-21,Matched,None,0.0,0.0,0,2024-12-21 00:00:00
RECON009743,HDFC2026263264,2024-12-21,Matched,None,0.0,0.0,0,2024-12-21 00:00:00
RECON009744,HDFC2026310984,2024-12-21,Matched,None,0.0,0.0,0,2024-12-21 00:00:00
RECON009745,HDFC2026871711,2024-12-21,Matched,None,0.0,0.0,0,2024-12-21 00:00:00
RECON009746,HDFC2026575279,2024-12-21,Duplicate,Duplicate Transaction,0.0,0.0,6,2024-12-27
RECON009747,HDFC2026503335,2024-12-21,Matched,None,0.0,0.0,0,2024-12-21 00:00:00
RECON009748,HDFC2026773223,2024-12-21,Matched,None,0.0,0.0,0,2024-12-21 00:00:00
RECON009749,HDFC2026689318,2024-12-22,Matched,None,0.0,0.0,0,2024-12-22 00:00:00
RECON009750,HDFC2026853240,2024-12-22,Matched,None,0.0,0.0,0,2024-12-22 00:00:00
RECON009751,HDFC2026465470,2024-12-22,Matched,None,0.0,0.0,0,2024-12-22 00:00:00
RECON009752,HDFC2026496330,2024-12-22,Matched,None,0.0,0.0,0,2024-12-22 00:00:00
RECON009753,HDFC2026441610,2024-12-22,Matched,None,0.0,0.0,0,2024-12-22 00:00:00
RECON009754,HDFC2026206851,2024-12-22,Matched,None,0.0,0.0,0,2024-12-22 00:00:00
RECON009755,HDFC2026858211,2024-12-22,Matched,None,0.0,0.0,0,2024-12-22 00:00:00
RECON009756,HDFC2026911329,2024-12-22,Matched,None,0.0,0.0,0,2024-12-22 00:00:00
RECON009757,HDFC2026949666,2024-12-22,Matched,None,0.0,0.0,0,2024-12-22 00:00:00
RECON009758,HDFC2026216229,2024-12-22,Matched,None,0.0,0.0,0,2024-12-22 00:00:00
RECON009759,HDFC2026691733,2024-12-22,Matched,None,0.0,0.0,0,2024-12-22 00:00:00
RECON009760,HDFC2026969572,2024-12-22,Matched,None,0.0,0.0,0,2024-12-22 00:00:00
RECON009761,HDFC2026870447,2024-12-22,Matched,None,0.0,0.0,0,2024-12-22 00:00:00
RECON009762,HDFC2026846087,2024-12-22,Unmatched,Amount Mismatch,-3098.0,-1.303120675368159,13,2025-01-04
RECON009763,HDFC2026330454,2024-12-22,Matched,None,0.0,0.0,0,2024-12-22 00:00:00
RECON009764,HDFC2026436501,2024-12-22,Matched,None,0.0,0.0,0,2024-12-22 00:00:00
RECON009765,HDFC2026969576,2024-12-22,Matched,None,0.0,0.0,0,2024-12-22 00:00:00
RECON009766,HDFC2026525207,2024-12-22,Matched,None,0.0,0.0,0,2024-12-22 00:00:00
RECON009767,HDFC2026815289,2024-12-22,Matched,None,0.0,0.0,0,2024-12-22 00:00:00
RECON009768,HDFC2026542749,2024-12-22,Matched,None,0.0,0.0,0,2024-12-22 00:00:00
RECON009769,HDFC2026966662,2024-12-22,Matched,None,0.0,0.0,0,2024-12-22 00:00:00
RECON009770,HDFC2026510907,2024-12-22,Matched,None,0.0,0.0,0,2024-12-22 00:00:00
RECON009771,HDFC2026945071,2024-12-22,Matched,None,0.0,0.0,0,2024-12-22 00:00:00
RECON009772,HDFC2026719334,2024-12-22,Matched,None,0.0,0.0,0,2024-12-22 00:00:00
RECON009773,HDFC2026672836,2024-12-22,Matched,None,0.0,0.0,0,2024-12-22 00:00:00
RECON009774,HDFC2026701806,2024-12-22,Matched,None,0.0,0.0,0,2024-12-22 00:00:00
RECON009775,HDFC2026390620,2024-12-23,Matched,None,0.0,0.0,0,2024-12-23 00:00:00
RECON009776,HDFC2026555400,2024-12-23,Matched,None,0.0,0.0,0,2024-12-23 00:00:00
RECON009777,HDFC2026214007,2024-12-23,Matched,None,0.0,0.0,0,2024-12-23 00:00:00
RECON009778,HDFC2026178069,2024-12-23,Matched,None,0.0,0.0,0,2024-12-23 00:00:00
RECON009779,HDFC2026241678,2024-12-23,Matched,None,0.0,0.0,0,2024-12-23 00:00:00
RECON009780,HDFC2026251944,2024-12-23,Matched,None,0.0,0.0,0,2024-12-23 00:00:00
RECON009781,HDFC2026504562,2024-12-23,Matched,None,0.0,0.0,0,2024-12-23 00:00:00
RECON009782,HDFC2026563533,2024-12-23,Matched,None,0.0,0.0,0,2024-12-23 00:00:00
RECON009783,HDFC2026148160,2024-12-23,Matched,None,0.0,0.0,0,2024-12-23 00:00:00
RECON009784,HDFC2026471247,2024-12-23,Matched,None,0.0,0.0,0,2024-12-23 00:00:00
RECON009785,HDFC2026164203,2024-12-23,Matched,None,0.0,0.0,0,2024-12-23 00:00:00
RECON009786,HDFC2026416191,2024-12-23,Matched,None,0.0,0.0,0,2024-12-23 00:00:00
RECON009787,HDFC2026737618,2024-12-23,Matched,None,0.0,0.0,0,2024-12-23 00:00:00
RECON009788,HDFC2026947929,2024-12-23,Matched,None,0.0,0.0,0,2024-12-23 00:00:00
RECON009789,HDFC2026212890,2024-12-23,Matched,None,0.0,0.0,0,2024-12-23 00:00:00
RECON009790,HDFC2026297816,2024-12-23,Matched,None,0.0,0.0,0,2024-12-23 00:00:00
RECON009791,HDFC2026197429,2024-12-23,Matched,None,0.0,0.0,0,2024-12-23 00:00:00
RECON009792,HDFC2026464007,2024-12-23,Duplicate,Duplicate Transaction,0.0,0.0,15,2025-01-07
RECON009793,HDFC2026430023,2024-12-23,Matched,None,0.0,0.0,0,2024-12-23 00:00:00
RECON009794,HDFC2026187272,2024-12-23,Matched,None,0.0,0.0,0,2024-12-23 00:00:00
RECON009795,HDFC2026916510,2024-12-23,Duplicate,Duplicate Transaction,0.0,0.0,14,2025-01-06
RECON009796,HDFC2026932923,2024-12-23,Matched,None,0.0,0.0,0,2024-12-23 00:00:00
RECON009797,HDFC2026760000,2024-12-23,Unmatched,Amount Mismatch,3350.0,0.7310675331817369,11,2025-01-03
RECON009798,HDFC2026425236,2024-12-23,Matched,None,0.0,0.0,0,2024-12-23 00:00:00
RECON009799,HDFC2026889252,2024-12-23,Matched,None,0.0,0.0,0,2024-12-23 00:00:00
RECON009800,HDFC2026177407,2024-12-23,Matched,None,0.0,0.0,0,2024-12-23 00:00:00
RECON009801,HDFC2026739788,2024-12-23,Matched,None,0.0,0.0,0,2024-12-23 00:00:00
RECON009802,HDFC2026599218,2024-12-23,Matched,None,0.0,0.0,0,2024-12-23 00:00:00
RECON009803,HDFC2026977543,2024-12-23,Matched,None,0.0,0.0,0,2024-12-23 00:00:00
RECON009804,HDFC2026990616,2024-12-23,Matched,None,0.0,0.0,0,2024-12-23 00:00:00
RECON009805,HDFC2026230511,2024-12-24,Matched,None,0.0,0.0,0,2024-12-24 00:00:00
RECON009806,HDFC2026692510,2024-12-24,Matched,None,0.0,0.0,0,2024-12-24 00:00:00
RECON009807,HDFC2026845294,2024-12-24,Unmatched,Missing Settlement,158210.0,100.0,12,2025-01-05
RECON009808,HDFC2026459313,2024-12-24,Matched,None,0.0,0.0,0,2024-12-24 00:00:00
RECON009809,HDFC2026452853,2024-12-24,Matched,None,0.0,0.0,0,2024-12-24 00:00:00
RECON009810,HDFC2026792605,2024-12-24,Matched,None,0.0,0.0,0,2024-12-24 00:00:00
RECON009811,HDFC2026175920,2024-12-24,Matched,None,0.0,0.0,0,2024-12-24 00:00:00
RECON009812,HDFC2026920539,2024-12-24,Matched,None,0.0,0.0,0,2024-12-24 00:00:00
RECON009813,HDFC2026593882,2024-12-24,Unmatched,Amount Mismatch,1805.0,0.4151849585735119,3,2024-12-27
RECON009814,HDFC2026902154,2024-12-24,Matched,None,0.0,0.0,0,2024-12-24 00:00:00
RECON009815,HDFC2026774720,2024-12-24,Matched,None,0.0,0.0,0,2024-12-24 00:00:00
RECON009816,HDFC2026726756,2024-12-24,Matched,None,0.0,0.0,0,2024-12-24 00:00:00
RECON009817,HDFC2026337858,2024-12-24,Matched,None,0.0,0.0,0,2024-12-24 00:00:00
RECON009818,HDFC2026340897,2024-12-24,Matched,None,0.0,0.0,0,2024-12-24 00:00:00
RECON009819,HDFC2026187745,2024-12-24,Matched,None,0.0,0.0,0,2024-12-24 00:00:00
RECON009820,HDFC2026759495,2024-12-24,Matched,None,0.0,0.0,0,2024-12-24 00:00:00
RECON009821,HDFC2026258971,2024-12-24,Matched,None,0.0,0.0,0,2024-12-24 00:00:00
RECON009822,HDFC2026142493,2024-12-24,Matched,None,0.0,0.0,0,2024-12-24 00:00:00
RECON009823,HDFC2026685150,2024-12-24,Matched,None,0.0,0.0,0,2024-12-24 00:00:00
RECON009824,HDFC2026548679,2024-12-24,Matched,None,0.0,0.0,0,2024-12-24 00:00:00
RECON009825,HDFC2026858629,2024-12-24,Matched,None,0.0,0.0,0,2024-12-24 00:00:00
RECON009826,HDFC2026697558,2024-12-24,Matched,None,0.0,0.0,0,2024-12-24 00:00:00
RECON009827,HDFC2026982141,2024-12-24,Matched,None,0.0,0.0,0,2024-12-24 00:00:00
RECON009828,HDFC2026950353,2024-12-24,Matched,None,0.0,0.0,0,2024-12-24 00:00:00
RECON009829,HDFC2026546380,2024-12-24,Matched,None,0.0,0.0,0,2024-12-24 00:00:00
RECON009830,HDFC2026649229,2024-12-24,Matched,None,0.0,0.0,0,2024-12-24 00:00:00
RECON009831,HDFC2026622354,2024-12-24,Matched,None,0.0,0.0,0,2024-12-24 00:00:00
RECON009832,HDFC2026691869,2024-12-24,Unmatched,Amount Mismatch,-3337.0,-1.1829683750048745,13,2025-01-06
RECON009833,HDFC2026881264,2024-12-24,Matched,None,0.0,0.0,0,2024-12-24 00:00:00
RECON009834,HDFC2026322964,2024-12-25,Matched,None,0.0,0.0,0,2024-12-25 00:00:00
RECON009835,HDFC2026669497,2024-12-25,Unmatched,Missing Settlement,329325.0,100.0,10,2025-01-04
RECON009836,HDFC2026277496,2024-12-25,Matched,None,0.0,0.0,0,2024-12-25 00:00:00
RECON009837,HDFC2026852420,2024-12-25,Matched,None,0.0,0.0,0,2024-12-25 00:00:00
RECON009838,HDFC2026607230,2024-12-25,Matched,None,0.0,0.0,0,2024-12-25 00:00:00
RECON009839,HDFC2026984027,2024-12-25,Matched,None,0.0,0.0,0,2024-12-25 00:00:00
RECON009840,HDFC2026581066,2024-12-25,Matched,None,0.0,0.0,0,2024-12-25 00:00:00
RECON009841,HDFC2026734896,2024-12-25,Matched,None,0.0,0.0,0,2024-12-25 00:00:00
RECON009842,HDFC2026317944,2024-12-25,Matched,None,0.0,0.0,0,2024-12-25 00:00:00
RECON009843,HDFC2026771591,2024-12-25,Matched,None,0.0,0.0,0,2024-12-25 00:00:00
RECON009844,HDFC2026778702,2024-12-25,Matched,None,0.0,0.0,0,2024-12-25 00:00:00
RECON009845,HDFC2026721955,2024-12-25,Unmatched,FX Rate Discrepancy,0.0,-0.0,4,2024-12-29
RECON009846,HDFC2026882911,2024-12-25,Unmatched,FX Rate Discrepancy,0.0,0.61,1,2024-12-26
RECON009847,HDFC2026530893,2024-12-25,Matched,None,0.0,0.0,0,2024-12-25 00:00:00
RECON009848,HDFC2026355107,2024-12-25,Matched,None,0.0,0.0,0,2024-12-25 00:00:00
RECON009849,HDFC2026226187,2024-12-25,Unmatched,Amount Mismatch,2829.0,0.8466561720007901,8,2025-01-02
RECON009850,HDFC2026544150,2024-12-25,Matched,None,0.0,0.0,0,2024-12-25 00:00:00
RECON009851,HDFC2026686095,2024-12-25,Matched,None,0.0,0.0,0,2024-12-25 00:00:00
RECON009852,HDFC2026426988,2024-12-25,Matched,None,0.0,0.0,0,2024-12-25 00:00:00
RECON009853,HDFC2026546929,2024-12-25,Matched,None,0.0,0.0,0,2024-12-25 00:00:00
RECON009854,HDFC2026605434,2024-12-25,Matched,None,0.0,0.0,0,2024-12-25 00:00:00
RECON009855,HDFC2026967244,2024-12-25,Matched,None,0.0,0.0,0,2024-12-25 00:00:00
RECON009856,HDFC2026715104,2024-12-26,Matched,None,0.0,0.0,0,2024-12-26 00:00:00
RECON009857,HDFC2026235670,2024-12-26,Matched,None,0.0,0.0,0,2024-12-26 00:00:00
RECON009858,HDFC2026102548,2024-12-26,Matched,None,0.0,0.0,0,2024-12-26 00:00:00
RECON009859,HDFC2026993632,2024-12-26,Matched,None,0.0,0.0,0,2024-12-26 00:00:00
RECON009860,HDFC2026451717,2024-12-26,Matched,None,0.0,0.0,0,2024-12-26 00:00:00
RECON009861,HDFC2026872722,2024-12-26,Matched,None,0.0,0.0,0,2024-12-26 00:00:00
RECON009862,HDFC2026316797,2024-12-26,Matched,None,0.0,0.0,0,2024-12-26 00:00:00
RECON009863,HDFC2026710235,2024-12-26,Matched,None,0.0,0.0,0,2024-12-26 00:00:00
RECON009864,HDFC2026542873,2024-12-26,Matched,None,0.0,0.0,0,2024-12-26 00:00:00
RECON009865,HDFC2026404380,2024-12-26,Unmatched,Amount Mismatch,-3053.0,-0.7211697453583408,11,2025-01-06
RECON009866,HDFC2026314263,2024-12-26,Matched,None,0.0,0.0,0,2024-12-26 00:00:00
RECON009867,HDFC2026484859,2024-12-26,Matched,None,0.0,0.0,0,2024-12-26 00:00:00
RECON009868,HDFC2026834509,2024-12-26,Matched,None,0.0,0.0,0,2024-12-26 00:00:00
RECON009869,HDFC2026848257,2024-12-26,Duplicate,Duplicate Transaction,0.0,0.0,1,2024-12-27
RECON009870,HDFC2026658453,2024-12-26,Matched,None,0.0,0.0,0,2024-12-26 00:00:00
RECON009871,HDFC2026321854,2024-12-26,Matched,None,0.0,0.0,0,2024-12-26 00:00:00
RECON009872,HDFC2026476412,2024-12-26,Matched,None,0.0,0.0,0,2024-12-26 00:00:00
RECON009873,HDFC2026129358,2024-12-26,Matched,None,0.0,0.0,0,2024-12-26 00:00:00
RECON009874,HDFC2026730634,2024-12-26,Matched,None,0.0,0.0,0,2024-12-26 00:00:00
RECON009875,HDFC2026823769,2024-12-26,Matched,None,0.0,0.0,0,2024-12-26 00:00:00
RECON009876,HDFC2026453020,2024-12-26,Matched,None,0.0,0.0,0,2024-12-26 00:00:00
RECON009877,HDFC2026240380,2024-12-26,Unmatched,Missing Settlement,185510.0,100.0,4,2024-12-30
RECON009878,HDFC2026219261,2024-12-26,Matched,None,0.0,0.0,0,2024-12-26 00:00:00
RECON009879,HDFC2026810587,2024-12-26,Matched,None,0.0,0.0,0,2024-12-26 00:00:00
RECON009880,HDFC2026254384,2024-12-26,Matched,None,0.0,0.0,0,2024-12-26 00:00:00
RECON009881,HDFC2026330222,2024-12-26,Matched,None,0.0,0.0,0,2024-12-26 00:00:00
RECON009882,HDFC2026314840,2024-12-26,Matched,None,0.0,0.0,0,2024-12-26 00:00:00
RECON009883,HDFC2026535499,2024-12-26,Matched,None,0.0,0.0,0,2024-12-26 00:00:00
RECON009884,HDFC2026673293,2024-12-26,Matched,None,0.0,0.0,0,2024-12-26 00:00:00
RECON009885,HDFC2026199824,2024-12-26,Matched,None,0.0,0.0,0,2024-12-26 00:00:00
RECON009886,HDFC2026965542,2024-12-26,Matched,None,0.0,0.0,0,2024-12-26 00:00:00
RECON009887,HDFC2026189490,2024-12-26,Matched,None,0.0,0.0,0,2024-12-26 00:00:00
RECON009888,HDFC2026173875,2024-12-26,Matched,None,0.0,0.0,0,2024-12-26 00:00:00
RECON009889,HDFC2026509391,2024-12-26,Matched,None,0.0,0.0,0,2024-12-26 00:00:00
RECON009890,HDFC2026141590,2024-12-26,Matched,None,0.0,0.0,0,2024-12-26 00:00:00
RECON009891,HDFC2026799078,2024-12-27,Matched,None,0.0,0.0,0,2024-12-27 00:00:00
RECON009892,HDFC2026608876,2024-12-27,Unmatched,Missing Settlement,242425.0,100.0,9,2025-01-05
RECON009893,HDFC2026716101,2024-12-27,Unmatched,Amount Mismatch,-1740.0,-0.5387313804836817,1,2024-12-28
RECON009894,HDFC2026770870,2024-12-27,Matched,None,0.0,0.0,0,2024-12-27 00:00:00
RECON009895,HDFC2026821086,2024-12-27,Matched,None,0.0,0.0,0,2024-12-27 00:00:00
RECON009896,HDFC2026299903,2024-12-27,Matched,None,0.0,0.0,0,2024-12-27 00:00:00
RECON009897,HDFC2026206039,2024-12-27,Matched,None,0.0,0.0,0,2024-12-27 00:00:00
RECON009898,HDFC2026778684,2024-12-27,Matched,None,0.0,0.0,0,2024-12-27 00:00:00
RECON009899,HDFC2026715428,2024-12-27,Matched,None,0.0,0.0,0,2024-12-27 00:00:00
RECON009900,HDFC2026561092,2024-12-27,Matched,None,0.0,0.0,0,2024-12-27 00:00:00
RECON009901,HDFC2026465271,2024-12-27,Unmatched,FX Rate Discrepancy,0.0,-0.27,14,2025-01-10
RECON009902,HDFC2026620714,2024-12-27,Matched,None,0.0,0.0,0,2024-12-27 00:00:00
RECON009903,HDFC2026219710,2024-12-27,Matched,None,0.0,0.0,0,2024-12-27 00:00:00
RECON009904,HDFC2026264677,2024-12-27,Duplicate,Duplicate Transaction,0.0,0.0,8,2025-01-04
RECON009905,HDFC2026640438,2024-12-27,Matched,None,0.0,0.0,0,2024-12-27 00:00:00
RECON009906,HDFC2026821211,2024-12-27,Matched,None,0.0,0.0,0,2024-12-27 00:00:00
RECON009907,HDFC2026618970,2024-12-27,Unmatched,Missing Settlement,1075739.0,100.0,10,2025-01-06
RECON009908,HDFC2026465779,2024-12-27,Matched,None,0.0,0.0,0,2024-12-27 00:00:00
RECON009909,HDFC2026157806,2024-12-27,Unmatched,FX Rate Discrepancy,0.0,1.64,12,2025-01-08
RECON009910,HDFC2026673768,2024-12-27,Matched,None,0.0,0.0,0,2024-12-27 00:00:00
RECON009911,HDFC2026487479,2024-12-27,Duplicate,Duplicate Transaction,0.0,0.0,6,2025-01-02
RECON009912,HDFC2026624124,2024-12-28,Matched,None,0.0,0.0,0,2024-12-28 00:00:00
RECON009913,HDFC2026155988,2024-12-28,Matched,None,0.0,0.0,0,2024-12-28 00:00:00
RECON009914,HDFC2026628291,2024-12-28,Matched,None,0.0,0.0,0,2024-12-28 00:00:00
RECON009915,HDFC2026415059,2024-12-28,Matched,None,0.0,0.0,0,2024-12-28 00:00:00
RECON009916,HDFC2026953955,2024-12-28,Matched,None,0.0,0.0,0,2024-12-28 00:00:00
RECON009917,HDFC2026184837,2024-12-28,Matched,None,0.0,0.0,0,2024-12-28 00:00:00
RECON009918,HDFC2026411067,2024-12-28,Matched,None,0.0,0.0,0,2024-12-28 00:00:00
RECON009919,HDFC2026329697,2024-12-28,Matched,None,0.0,0.0,0,2024-12-28 00:00:00
RECON009920,HDFC2026961574,2024-12-28,Matched,None,0.0,0.0,0,2024-12-28 00:00:00
RECON009921,HDFC2026195440,2024-12-28,Matched,None,0.0,0.0,0,2024-12-28 00:00:00
RECON009922,HDFC2026119211,2024-12-28,Matched,None,0.0,0.0,0,2024-12-28 00:00:00
RECON009923,HDFC2026465484,2024-12-28,Matched,None,0.0,0.0,0,2024-12-28 00:00:00
RECON009924,HDFC2026190745,2024-12-28,Matched,None,0.0,0.0,0,2024-12-28 00:00:00
RECON009925,HDFC2026922116,2024-12-28,Matched,None,0.0,0.0,0,2024-12-28 00:00:00
RECON009926,HDFC2026209015,2024-12-28,Duplicate,Duplicate Transaction,0.0,0.0,7,2025-01-04
RECON009927,HDFC2026722700,2024-12-28,Matched,None,0.0,0.0,0,2024-12-28 00:00:00
RECON009928,HDFC2026596856,2024-12-28,Matched,None,0.0,0.0,0,2024-12-28 00:00:00
RECON009929,HDFC2026887419,2024-12-28,Matched,None,0.0,0.0,0,2024-12-28 00:00:00
RECON009930,HDFC2026356373,2024-12-28,Unmatched,Missing Settlement,254530.0,100.0,3,2024-12-31
RECON009931,HDFC2026236831,2024-12-28,Unmatched,FX Rate Discrepancy,0.0,-0.14,8,2025-01-05
RECON009932,HDFC2026372494,2024-12-28,Matched,None,0.0,0.0,0,2024-12-28 00:00:00
RECON009933,HDFC2026224218,2024-12-28,Matched,None,0.0,0.0,0,2024-12-28 00:00:00
RECON009934,HDFC2026141458,2024-12-29,Matched,None,0.0,0.0,0,2024-12-29 00:00:00
RECON009935,HDFC2026669131,2024-12-29,Matched,None,0.0,0.0,0,2024-12-29 00:00:00
RECON009936,HDFC2026145984,2024-12-29,Matched,None,0.0,0.0,0,2024-12-29 00:00:00
RECON009937,HDFC2026786550,2024-12-29,Matched,None,0.0,0.0,0,2024-12-29 00:00:00
RECON009938,HDFC2026687258,2024-12-29,Matched,None,0.0,0.0,0,2024-12-29 00:00:00
RECON009939,HDFC2026847362,2024-12-29,Matched,None,0.0,0.0,0,2024-12-29 00:00:00
RECON009940,HDFC2026376946,2024-12-29,Matched,None,0.0,0.0,0,2024-12-29 00:00:00
RECON009941,HDFC2026676542,2024-12-29,Matched,None,0.0,0.0,0,2024-12-29 00:00:00
RECON009942,HDFC2026503696,2024-12-29,Matched,None,0.0,0.0,0,2024-12-29 00:00:00
RECON009943,HDFC2026846385,2024-12-29,Matched,None,0.0,0.0,0,2024-12-29 00:00:00
RECON009944,HDFC2026484788,2024-12-29,Matched,None,0.0,0.0,0,2024-12-29 00:00:00
RECON009945,HDFC2026640661,2024-12-29,Matched,None,0.0,0.0,0,2024-12-29 00:00:00
RECON009946,HDFC2026181956,2024-12-29,Matched,None,0.0,0.0,0,2024-12-29 00:00:00
RECON009947,HDFC2026691983,2024-12-29,Matched,None,0.0,0.0,0,2024-12-29 00:00:00
RECON009948,HDFC2026535820,2024-12-29,Matched,None,0.0,0.0,0,2024-12-29 00:00:00
RECON009949,HDFC2026262844,2024-12-29,Matched,None,0.0,0.0,0,2024-12-29 00:00:00
RECON009950,HDFC2026991090,2024-12-29,Unmatched,FX Rate Discrepancy,0.0,-1.42,15,2025-01-13
RECON009951,HDFC2026687997,2024-12-29,Matched,None,0.0,0.0,0,2024-12-29 00:00:00
RECON009952,HDFC2026352664,2024-12-29,Matched,None,0.0,0.0,0,2024-12-29 00:00:00
RECON009953,HDFC2026634363,2024-12-29,Unmatched,Amount Mismatch,1138.0,0.6670418044125578,5,2025-01-03
RECON009954,HDFC2026727066,2024-12-29,Matched,None,0.0,0.0,0,2024-12-29 00:00:00
RECON009955,HDFC2026114228,2024-12-29,Matched,None,0.0,0.0,0,2024-12-29 00:00:00
RECON009956,HDFC2026834159,2024-12-29,Matched,None,0.0,0.0,0,2024-12-29 00:00:00
RECON009957,HDFC2026927456,2024-12-30,Matched,None,0.0,0.0,0,2024-12-30 00:00:00
RECON009958,HDFC2026914596,2024-12-30,Matched,None,0.0,0.0,0,2024-12-30 00:00:00
RECON009959,HDFC2026481008,2024-12-30,Matched,None,0.0,0.0,0,2024-12-30 00:00:00
RECON009960,HDFC2026733556,2024-12-30,Matched,None,0.0,0.0,0,2024-12-30 00:00:00
RECON009961,HDFC2026206759,2024-12-30,Unmatched,Amount Mismatch,-4384.0,-1.5689755133885435,15,2025-01-14
RECON009962,HDFC2026777278,2024-12-30,Matched,None,0.0,0.0,0,2024-12-30 00:00:00
RECON009963,HDFC2026715332,2024-12-30,Unmatched,Amount Mismatch,-3430.0,-0.7920179370126377,12,2025-01-11
RECON009964,HDFC2026665458,2024-12-30,Matched,None,0.0,0.0,0,2024-12-30 00:00:00
RECON009965,HDFC2026396866,2024-12-30,Unmatched,Missing Settlement,180942.0,100.0,14,2025-01-13
RECON009966,HDFC2026620417,2024-12-30,Matched,None,0.0,0.0,0,2024-12-30 00:00:00
RECON009967,HDFC2026880350,2024-12-30,Matched,None,0.0,0.0,0,2024-12-30 00:00:00
RECON009968,HDFC2026689063,2024-12-30,Unmatched,Missing Settlement,295463.0,100.0,3,2025-01-02
RECON009969,HDFC2026495889,2024-12-30,Matched,None,0.0,0.0,0,2024-12-30 00:00:00
RECON009970,HDFC2026129650,2024-12-30,Unmatched,FX Rate Discrepancy,0.0,1.63,12,2025-01-11
RECON009971,HDFC2026804348,2024-12-30,Matched,None,0.0,0.0,0,2024-12-30 00:00:00
RECON009972,HDFC2026815286,2024-12-30,Unmatched,Amount Mismatch,137.0,0.1500827098145328,9,2025-01-08
RECON009973,HDFC2026546541,2024-12-30,Duplicate,Duplicate Transaction,0.0,0.0,1,2024-12-31
RECON009974,HDFC2026194661,2024-12-30,Matched,None,0.0,0.0,0,2024-12-30 00:00:00
RECON009975,HDFC2026515627,2024-12-30,Matched,None,0.0,0.0,0,2024-12-30 00:00:00
RECON009976,HDFC2026527003,2024-12-30,Matched,None,0.0,0.0,0,2024-12-30 00:00:00
RECON009977,HDFC2026993019,2024-12-30,Matched,None,0.0,0.0,0,2024-12-30 00:00:00
RECON009978,HDFC2026730246,2024-12-30,Matched,None,0.0,0.0,0,2024-12-30 00:00:00
RECON009979,HDFC2026589002,2024-12-30,Duplicate,Duplicate Transaction,0.0,0.0,10,2025-01-09
RECON009980,HDFC2026879385,2024-12-30,Duplicate,Duplicate Transaction,0.0,0.0,5,2025-01-04
RECON009981,HDFC2026797551,2024-12-30,Matched,None,0.0,0.0,0,2024-12-30 00:00:00
RECON009982,HDFC2026773389,2024-12-30,Matched,None,0.0,0.0,0,2024-12-30 00:00:00
RECON009983,HDFC2026735544,2024-12-30,Matched,None,0.0,0.0,0,2024-12-30 00:00:00
RECON009984,HDFC2026376415,2024-12-31,Matched,None,0.0,0.0,0,2024-12-31 00:00:00
RECON009985,HDFC2026698055,2024-12-31,Matched,None,0.0,0.0,0,2024-12-31 00:00:00
RECON009986,HDFC2026754487,2024-12-31,Unmatched,Missing Settlement,158018.0,100.0,11,2025-01-11
RECON009987,HDFC2026861842,2024-12-31,Matched,None,0.0,0.0,0,2024-12-31 00:00:00
RECON009988,HDFC2026697562,2024-12-31,Matched,None,0.0,0.0,0,2024-12-31 00:00:00
RECON009989,HDFC2026116539,2024-12-31,Unmatched,Missing Settlement,343296.0,100.0,3,2025-01-03
RECON009990,HDFC2026304513,2024-12-31,Matched,None,0.0,0.0,0,2024-12-31 00:00:00
RECON009991,HDFC2026598372,2024-12-31,Matched,None,0.0,0.0,0,2024-12-31 00:00:00
RECON009992,HDFC2026428601,2024-12-31,Matched,None,0.0,0.0,0,2024-12-31 00:00:00
RECON009993,HDFC2026343170,2024-12-31,Unmatched,Missing Settlement,415639.0,100.0,8,2025-01-08
RECON009994,HDFC2026437923,2024-12-31,Matched,None,0.0,0.0,0,2024-12-31 00:00:00
RECON009995,HDFC2026470808,2024-12-31,Matched,None,0.0,0.0,0,2024-12-31 00:00:00
RECON009996,HDFC2026101640,2024-12-31,Matched,None,0.0,0.0,0,2024-12-31 00:00:00
RECON009997,HDFC2026325848,2024-12-31,Matched,None,0.0,0.0,0,2024-12-31 00:00:00
RECON009998,HDFC2026523918,2024-12-31,Matched,None,0.0,0.0,0,2024-12-31 00:00:00
RECON009999,HDFC2026918880,2024-12-31,Matched,None,0.0,0.0,0,2024-12-31 00:00:00
RECON010000,HDFC2026762288,2024-12-31,Matched,None,0.0,0.0,0,2024-12-31 00:00:00
